inventory_id,product_id,supplier_id,warehouse_name,warehouse_location,stock_quantity,reorder_level,stock_status,last_restock_date,last_updated
1,FUR-BO-10000112,1,Furniture Warehouse,New York,60,62,Low Stock,2026-07-19,2026-08-06 01:40:20.449387
2,FUR-BO-10000330,2,Furniture Warehouse,New York,249,25,In Stock,2026-07-28,2026-08-06 01:40:20.449387
3,FUR-BO-10000362,3,Furniture Warehouse,New York,207,55,In Stock,2026-06-23,2026-08-06 01:40:20.449387
4,FUR-BO-10000468,4,Furniture Warehouse,New York,449,36,In Stock,2026-06-25,2026-08-06 01:40:20.449387
5,FUR-BO-10000711,5,Furniture Warehouse,New York,496,78,In Stock,2026-06-21,2026-08-06 01:40:20.449387
6,FUR-BO-10000780,6,Furniture Warehouse,New York,369,65,In Stock,2026-06-09,2026-08-06 01:40:20.449387
7,FUR-BO-10001337,7,Furniture Warehouse,New York,96,80,In Stock,2026-07-30,2026-08-06 01:40:20.449387
8,FUR-BO-10001519,8,Furniture Warehouse,New York,445,25,In Stock,2026-06-22,2026-08-06 01:40:20.449387
9,FUR-BO-10001567,9,Furniture Warehouse,New York,176,29,In Stock,2026-07-03,2026-08-06 01:40:20.449387
10,FUR-BO-10001601,10,Furniture Warehouse,New York,401,39,In Stock,2026-06-27,2026-08-06 01:40:20.449387
11,FUR-BO-10001608,11,Furniture Warehouse,New York,169,57,In Stock,2026-08-04,2026-08-06 01:40:20.449387
12,FUR-BO-10001619,12,Furniture Warehouse,New York,496,28,In Stock,2026-06-24,2026-08-06 01:40:20.449387
13,FUR-BO-10001798,13,Furniture Warehouse,New York,104,43,In Stock,2026-06-13,2026-08-06 01:40:20.449387
14,FUR-BO-10001811,14,Furniture Warehouse,New York,85,56,In Stock,2026-07-09,2026-08-06 01:40:20.449387
15,FUR-BO-10001918,15,Furniture Warehouse,New York,352,65,In Stock,2026-08-06,2026-08-06 01:40:20.449387
16,FUR-BO-10001972,16,Furniture Warehouse,New York,119,23,In Stock,2026-07-13,2026-08-06 01:40:20.449387
17,FUR-BO-10002202,17,Furniture Warehouse,New York,83,71,In Stock,2026-06-20,2026-08-06 01:40:20.449387
18,FUR-BO-10002206,1,Furniture Warehouse,New York,455,28,In Stock,2026-06-09,2026-08-06 01:40:20.449387
19,FUR-BO-10002213,2,Furniture Warehouse,New York,80,58,In Stock,2026-07-28,2026-08-06 01:40:20.449387
20,FUR-BO-10002268,3,Furniture Warehouse,New York,228,65,In Stock,2026-06-24,2026-08-06 01:40:20.449387
21,FUR-BO-10002545,4,Furniture Warehouse,New York,329,42,In Stock,2026-07-29,2026-08-06 01:40:20.449387
22,FUR-BO-10002598,5,Furniture Warehouse,New York,453,26,In Stock,2026-07-19,2026-08-06 01:40:20.449387
23,FUR-BO-10002613,6,Furniture Warehouse,New York,373,57,In Stock,2026-06-23,2026-08-06 01:40:20.449387
24,FUR-BO-10002824,7,Furniture Warehouse,New York,137,52,In Stock,2026-07-31,2026-08-06 01:40:20.449387
25,FUR-BO-10002853,8,Furniture Warehouse,New York,265,59,In Stock,2026-08-02,2026-08-06 01:40:20.449387
26,FUR-BO-10002916,9,Furniture Warehouse,New York,344,40,In Stock,2026-07-04,2026-08-06 01:40:20.449387
27,FUR-BO-10003034,10,Furniture Warehouse,New York,211,67,In Stock,2026-07-10,2026-08-06 01:40:20.449387
28,FUR-BO-10003159,11,Furniture Warehouse,New York,325,25,In Stock,2026-08-01,2026-08-06 01:40:20.449387
29,FUR-BO-10003272,12,Furniture Warehouse,New York,140,25,In Stock,2026-06-16,2026-08-06 01:40:20.449387
30,FUR-BO-10003404,13,Furniture Warehouse,New York,157,80,In Stock,2026-06-09,2026-08-06 01:40:20.449387
31,FUR-BO-10003433,14,Furniture Warehouse,New York,200,39,In Stock,2026-07-03,2026-08-06 01:40:20.449387
32,FUR-BO-10003441,15,Furniture Warehouse,New York,76,55,In Stock,2026-06-15,2026-08-06 01:40:20.449387
33,FUR-BO-10003450,16,Furniture Warehouse,New York,202,59,In Stock,2026-07-05,2026-08-06 01:40:20.449387
34,FUR-BO-10003546,17,Furniture Warehouse,New York,412,57,In Stock,2026-07-04,2026-08-06 01:40:20.449387
35,FUR-BO-10003660,1,Furniture Warehouse,New York,445,46,In Stock,2026-07-25,2026-08-06 01:40:20.449387
36,FUR-BO-10003893,2,Furniture Warehouse,New York,329,33,In Stock,2026-06-29,2026-08-06 01:40:20.449387
37,FUR-BO-10003894,3,Furniture Warehouse,New York,207,64,In Stock,2026-07-26,2026-08-06 01:40:20.449387
38,FUR-BO-10003965,4,Furniture Warehouse,New York,436,34,In Stock,2026-06-25,2026-08-06 01:40:20.449387
39,FUR-BO-10003966,5,Furniture Warehouse,New York,252,48,In Stock,2026-07-15,2026-08-06 01:40:20.449387
40,FUR-BO-10004015,6,Furniture Warehouse,New York,468,22,In Stock,2026-06-10,2026-08-06 01:40:20.449387
41,FUR-BO-10004218,7,Furniture Warehouse,New York,462,27,In Stock,2026-06-30,2026-08-06 01:40:20.449387
42,FUR-BO-10004357,8,Furniture Warehouse,New York,369,72,In Stock,2026-07-02,2026-08-06 01:40:20.449387
43,FUR-BO-10004360,9,Furniture Warehouse,New York,267,29,In Stock,2026-07-10,2026-08-06 01:40:20.449387
44,FUR-BO-10004409,10,Furniture Warehouse,New York,474,72,In Stock,2026-06-26,2026-08-06 01:40:20.449387
45,FUR-BO-10004467,11,Furniture Warehouse,New York,120,60,In Stock,2026-06-27,2026-08-06 01:40:20.449387
46,FUR-BO-10004690,12,Furniture Warehouse,New York,292,62,In Stock,2026-06-09,2026-08-06 01:40:20.449387
47,FUR-BO-10004695,13,Furniture Warehouse,New York,365,66,In Stock,2026-07-16,2026-08-06 01:40:20.449387
48,FUR-BO-10004709,14,Furniture Warehouse,New York,371,29,In Stock,2026-08-06,2026-08-06 01:40:20.449387
49,FUR-BO-10004834,15,Furniture Warehouse,New York,361,78,In Stock,2026-07-07,2026-08-06 01:40:20.449387
50,FUR-CH-10000015,16,Furniture Warehouse,New York,339,69,In Stock,2026-07-03,2026-08-06 01:40:20.449387
51,FUR-CH-10000155,17,Furniture Warehouse,New York,96,71,In Stock,2026-06-28,2026-08-06 01:40:20.449387
52,FUR-CH-10000225,1,Furniture Warehouse,New York,299,73,In Stock,2026-07-31,2026-08-06 01:40:20.449387
53,FUR-CH-10000229,2,Furniture Warehouse,New York,242,35,In Stock,2026-07-06,2026-08-06 01:40:20.449387
54,FUR-CH-10000309,3,Furniture Warehouse,New York,259,34,In Stock,2026-06-15,2026-08-06 01:40:20.449387
55,FUR-CH-10000422,4,Furniture Warehouse,New York,107,20,In Stock,2026-07-22,2026-08-06 01:40:20.449387
56,FUR-CH-10000454,5,Furniture Warehouse,New York,213,77,In Stock,2026-07-22,2026-08-06 01:40:20.449387
57,FUR-CH-10000513,6,Furniture Warehouse,New York,51,69,Low Stock,2026-07-28,2026-08-06 01:40:20.449387
58,FUR-CH-10000553,7,Furniture Warehouse,New York,483,50,In Stock,2026-07-11,2026-08-06 01:40:20.449387
59,FUR-CH-10000595,8,Furniture Warehouse,New York,344,39,In Stock,2026-07-17,2026-08-06 01:40:20.449387
60,FUR-CH-10000665,9,Furniture Warehouse,New York,92,25,In Stock,2026-06-17,2026-08-06 01:40:20.449387
61,FUR-CH-10000749,10,Furniture Warehouse,New York,420,47,In Stock,2026-06-09,2026-08-06 01:40:20.449387
62,FUR-CH-10000785,11,Furniture Warehouse,New York,210,48,In Stock,2026-06-11,2026-08-06 01:40:20.449387
63,FUR-CH-10000847,12,Furniture Warehouse,New York,318,25,In Stock,2026-07-10,2026-08-06 01:40:20.449387
64,FUR-CH-10000863,13,Furniture Warehouse,New York,430,27,In Stock,2026-07-07,2026-08-06 01:40:20.449387
65,FUR-CH-10000988,14,Furniture Warehouse,New York,297,47,In Stock,2026-06-08,2026-08-06 01:40:20.449387
66,FUR-CH-10001146,15,Furniture Warehouse,New York,111,51,In Stock,2026-06-13,2026-08-06 01:40:20.449387
67,FUR-CH-10001190,16,Furniture Warehouse,New York,394,33,In Stock,2026-07-06,2026-08-06 01:40:20.449387
68,FUR-CH-10001215,17,Furniture Warehouse,New York,437,43,In Stock,2026-07-19,2026-08-06 01:40:20.449387
69,FUR-CH-10001270,1,Furniture Warehouse,New York,233,48,In Stock,2026-08-03,2026-08-06 01:40:20.449387
70,FUR-CH-10001394,2,Furniture Warehouse,New York,468,37,In Stock,2026-06-26,2026-08-06 01:40:20.449387
71,FUR-CH-10001482,3,Furniture Warehouse,New York,287,80,In Stock,2026-08-06,2026-08-06 01:40:20.449387
72,FUR-CH-10001545,4,Furniture Warehouse,New York,428,27,In Stock,2026-08-03,2026-08-06 01:40:20.449387
73,FUR-CH-10001708,5,Furniture Warehouse,New York,50,38,In Stock,2026-06-14,2026-08-06 01:40:20.449387
74,FUR-CH-10001714,6,Furniture Warehouse,New York,325,59,In Stock,2026-06-10,2026-08-06 01:40:20.449387
75,FUR-CH-10001797,7,Furniture Warehouse,New York,312,71,In Stock,2026-07-28,2026-08-06 01:40:20.449387
76,FUR-CH-10001802,8,Furniture Warehouse,New York,99,25,In Stock,2026-07-21,2026-08-06 01:40:20.449387
77,FUR-CH-10001854,9,Furniture Warehouse,New York,394,70,In Stock,2026-08-02,2026-08-06 01:40:20.449387
78,FUR-CH-10001891,10,Furniture Warehouse,New York,269,31,In Stock,2026-07-22,2026-08-06 01:40:20.449387
79,FUR-CH-10001973,11,Furniture Warehouse,New York,276,38,In Stock,2026-06-15,2026-08-06 01:40:20.449387
80,FUR-CH-10002017,12,Furniture Warehouse,New York,419,79,In Stock,2026-06-24,2026-08-06 01:40:20.449387
81,FUR-CH-10002024,13,Furniture Warehouse,New York,302,73,In Stock,2026-07-26,2026-08-06 01:40:20.449387
82,FUR-CH-10002044,14,Furniture Warehouse,New York,238,43,In Stock,2026-07-31,2026-08-06 01:40:20.449387
83,FUR-CH-10002073,15,Furniture Warehouse,New York,277,52,In Stock,2026-07-14,2026-08-06 01:40:20.449387
84,FUR-CH-10002084,16,Furniture Warehouse,New York,108,73,In Stock,2026-07-01,2026-08-06 01:40:20.449387
85,FUR-CH-10002126,17,Furniture Warehouse,New York,273,51,In Stock,2026-08-02,2026-08-06 01:40:20.449387
86,FUR-CH-10002304,1,Furniture Warehouse,New York,127,23,In Stock,2026-06-17,2026-08-06 01:40:20.449387
87,FUR-CH-10002317,2,Furniture Warehouse,New York,94,51,In Stock,2026-06-28,2026-08-06 01:40:20.449387
88,FUR-CH-10002320,3,Furniture Warehouse,New York,425,76,In Stock,2026-06-22,2026-08-06 01:40:20.449387
89,FUR-CH-10002331,4,Furniture Warehouse,New York,192,33,In Stock,2026-07-30,2026-08-06 01:40:20.449387
90,FUR-CH-10002335,5,Furniture Warehouse,New York,75,38,In Stock,2026-07-07,2026-08-06 01:40:20.449387
91,FUR-CH-10002372,6,Furniture Warehouse,New York,407,31,In Stock,2026-06-28,2026-08-06 01:40:20.449387
92,FUR-CH-10002439,7,Furniture Warehouse,New York,459,70,In Stock,2026-06-23,2026-08-06 01:40:20.449387
93,FUR-CH-10002602,8,Furniture Warehouse,New York,282,73,In Stock,2026-06-30,2026-08-06 01:40:20.449387
94,FUR-CH-10002647,9,Furniture Warehouse,New York,330,54,In Stock,2026-06-30,2026-08-06 01:40:20.449387
95,FUR-CH-10002758,10,Furniture Warehouse,New York,89,35,In Stock,2026-07-31,2026-08-06 01:40:20.449387
96,FUR-CH-10002774,11,Furniture Warehouse,New York,242,28,In Stock,2026-06-27,2026-08-06 01:40:20.449387
97,FUR-CH-10002780,12,Furniture Warehouse,New York,299,40,In Stock,2026-07-18,2026-08-06 01:40:20.449387
98,FUR-CH-10002880,13,Furniture Warehouse,New York,391,23,In Stock,2026-06-14,2026-08-06 01:40:20.449387
99,FUR-CH-10002961,14,Furniture Warehouse,New York,280,71,In Stock,2026-06-20,2026-08-06 01:40:20.449387
100,FUR-CH-10002965,15,Furniture Warehouse,New York,248,22,In Stock,2026-06-28,2026-08-06 01:40:20.449387
101,FUR-CH-10003061,16,Furniture Warehouse,New York,213,37,In Stock,2026-06-11,2026-08-06 01:40:20.449387
102,FUR-CH-10003199,17,Furniture Warehouse,New York,322,40,In Stock,2026-06-22,2026-08-06 01:40:20.449387
103,FUR-CH-10003298,1,Furniture Warehouse,New York,249,80,In Stock,2026-07-01,2026-08-06 01:40:20.449387
104,FUR-CH-10003312,2,Furniture Warehouse,New York,193,69,In Stock,2026-07-25,2026-08-06 01:40:20.449387
105,FUR-CH-10003379,3,Furniture Warehouse,New York,121,58,In Stock,2026-07-15,2026-08-06 01:40:20.449387
106,FUR-CH-10003396,4,Furniture Warehouse,New York,179,36,In Stock,2026-06-16,2026-08-06 01:40:20.449387
107,FUR-CH-10003535,5,Furniture Warehouse,New York,146,77,In Stock,2026-07-19,2026-08-06 01:40:20.449387
108,FUR-CH-10003606,6,Furniture Warehouse,New York,498,60,In Stock,2026-07-02,2026-08-06 01:40:20.449387
109,FUR-CH-10003746,7,Furniture Warehouse,New York,204,34,In Stock,2026-06-16,2026-08-06 01:40:20.449387
110,FUR-CH-10003761,8,Furniture Warehouse,New York,428,32,In Stock,2026-07-18,2026-08-06 01:40:20.449387
111,FUR-CH-10003774,9,Furniture Warehouse,New York,456,77,In Stock,2026-07-17,2026-08-06 01:40:20.449387
112,FUR-CH-10003817,10,Furniture Warehouse,New York,487,49,In Stock,2026-07-16,2026-08-06 01:40:20.449387
113,FUR-CH-10003833,11,Furniture Warehouse,New York,84,25,In Stock,2026-07-23,2026-08-06 01:40:20.449387
114,FUR-CH-10003846,12,Furniture Warehouse,New York,339,66,In Stock,2026-07-09,2026-08-06 01:40:20.449387
115,FUR-CH-10003956,13,Furniture Warehouse,New York,83,46,In Stock,2026-06-29,2026-08-06 01:40:20.449387
116,FUR-CH-10003968,14,Furniture Warehouse,New York,72,36,In Stock,2026-07-13,2026-08-06 01:40:20.449387
117,FUR-CH-10003973,15,Furniture Warehouse,New York,435,23,In Stock,2026-07-30,2026-08-06 01:40:20.449387
118,FUR-CH-10003981,16,Furniture Warehouse,New York,364,79,In Stock,2026-06-08,2026-08-06 01:40:20.449387
119,FUR-CH-10004063,17,Furniture Warehouse,New York,208,75,In Stock,2026-07-19,2026-08-06 01:40:20.449387
120,FUR-CH-10004086,1,Furniture Warehouse,New York,393,56,In Stock,2026-08-04,2026-08-06 01:40:20.449387
121,FUR-CH-10004218,2,Furniture Warehouse,New York,477,74,In Stock,2026-07-28,2026-08-06 01:40:20.449387
122,FUR-CH-10004287,3,Furniture Warehouse,New York,487,50,In Stock,2026-07-08,2026-08-06 01:40:20.449387
123,FUR-CH-10004289,4,Furniture Warehouse,New York,455,35,In Stock,2026-06-14,2026-08-06 01:40:20.449387
124,FUR-CH-10004477,5,Furniture Warehouse,New York,427,43,In Stock,2026-07-16,2026-08-06 01:40:20.449387
125,FUR-CH-10004495,6,Furniture Warehouse,New York,291,45,In Stock,2026-07-14,2026-08-06 01:40:20.449387
126,FUR-CH-10004540,7,Furniture Warehouse,New York,262,71,In Stock,2026-06-16,2026-08-06 01:40:20.449387
127,FUR-CH-10004626,8,Furniture Warehouse,New York,441,63,In Stock,2026-07-18,2026-08-06 01:40:20.449387
128,FUR-CH-10004675,9,Furniture Warehouse,New York,52,25,In Stock,2026-08-03,2026-08-06 01:40:20.449387
129,FUR-CH-10004698,10,Furniture Warehouse,New York,438,40,In Stock,2026-07-21,2026-08-06 01:40:20.449387
130,FUR-CH-10004754,11,Furniture Warehouse,New York,342,24,In Stock,2026-07-23,2026-08-06 01:40:20.449387
131,FUR-CH-10004853,12,Furniture Warehouse,New York,249,52,In Stock,2026-06-16,2026-08-06 01:40:20.449387
132,FUR-CH-10004860,13,Furniture Warehouse,New York,291,28,In Stock,2026-06-22,2026-08-06 01:40:20.449387
133,FUR-CH-10004875,14,Furniture Warehouse,New York,316,46,In Stock,2026-06-12,2026-08-06 01:40:20.449387
134,FUR-CH-10004886,15,Furniture Warehouse,New York,298,47,In Stock,2026-07-07,2026-08-06 01:40:20.449387
135,FUR-CH-10004983,16,Furniture Warehouse,New York,187,39,In Stock,2026-07-10,2026-08-06 01:40:20.449387
136,FUR-CH-10004997,17,Furniture Warehouse,New York,314,65,In Stock,2026-07-31,2026-08-06 01:40:20.449387
137,FUR-FU-10000010,1,Furniture Warehouse,New York,90,34,In Stock,2026-06-17,2026-08-06 01:40:20.449387
138,FUR-FU-10000023,2,Furniture Warehouse,New York,210,38,In Stock,2026-07-29,2026-08-06 01:40:20.449387
139,FUR-FU-10000073,3,Furniture Warehouse,New York,61,26,In Stock,2026-07-29,2026-08-06 01:40:20.449387
140,FUR-FU-10000076,4,Furniture Warehouse,New York,378,77,In Stock,2026-07-22,2026-08-06 01:40:20.449387
141,FUR-FU-10000087,5,Furniture Warehouse,New York,76,63,In Stock,2026-06-28,2026-08-06 01:40:20.449387
142,FUR-FU-10000175,6,Furniture Warehouse,New York,486,50,In Stock,2026-07-16,2026-08-06 01:40:20.449387
143,FUR-FU-10000193,7,Furniture Warehouse,New York,347,49,In Stock,2026-07-22,2026-08-06 01:40:20.449387
144,FUR-FU-10000206,8,Furniture Warehouse,New York,155,23,In Stock,2026-07-19,2026-08-06 01:40:20.449387
145,FUR-FU-10000221,9,Furniture Warehouse,New York,459,26,In Stock,2026-07-25,2026-08-06 01:40:20.449387
146,FUR-FU-10000222,10,Furniture Warehouse,New York,303,72,In Stock,2026-07-26,2026-08-06 01:40:20.449387
147,FUR-FU-10000246,11,Furniture Warehouse,New York,489,70,In Stock,2026-07-29,2026-08-06 01:40:20.449387
148,FUR-FU-10000260,12,Furniture Warehouse,New York,77,56,In Stock,2026-06-23,2026-08-06 01:40:20.449387
149,FUR-FU-10000277,13,Furniture Warehouse,New York,102,32,In Stock,2026-07-25,2026-08-06 01:40:20.449387
150,FUR-FU-10000293,14,Furniture Warehouse,New York,307,72,In Stock,2026-07-17,2026-08-06 01:40:20.449387
151,FUR-FU-10000305,15,Furniture Warehouse,New York,447,41,In Stock,2026-07-01,2026-08-06 01:40:20.449387
152,FUR-FU-10000308,16,Furniture Warehouse,New York,76,76,Low Stock,2026-07-12,2026-08-06 01:40:20.449387
153,FUR-FU-10000320,17,Furniture Warehouse,New York,196,64,In Stock,2026-07-03,2026-08-06 01:40:20.449387
154,FUR-FU-10000397,1,Furniture Warehouse,New York,239,72,In Stock,2026-07-12,2026-08-06 01:40:20.449387
155,FUR-FU-10000409,2,Furniture Warehouse,New York,352,39,In Stock,2026-07-27,2026-08-06 01:40:20.449387
156,FUR-FU-10000448,3,Furniture Warehouse,New York,193,68,In Stock,2026-07-01,2026-08-06 01:40:20.449387
157,FUR-FU-10000521,4,Furniture Warehouse,New York,162,79,In Stock,2026-06-16,2026-08-06 01:40:20.449387
158,FUR-FU-10000550,5,Furniture Warehouse,New York,87,25,In Stock,2026-07-24,2026-08-06 01:40:20.449387
159,FUR-FU-10000576,6,Furniture Warehouse,New York,382,80,In Stock,2026-07-24,2026-08-06 01:40:20.449387
160,FUR-FU-10000629,7,Furniture Warehouse,New York,172,51,In Stock,2026-07-28,2026-08-06 01:40:20.449387
161,FUR-FU-10000672,8,Furniture Warehouse,New York,232,41,In Stock,2026-07-10,2026-08-06 01:40:20.449387
162,FUR-FU-10000719,9,Furniture Warehouse,New York,389,28,In Stock,2026-07-22,2026-08-06 01:40:20.449387
163,FUR-FU-10000723,10,Furniture Warehouse,New York,55,23,In Stock,2026-07-17,2026-08-06 01:40:20.449387
164,FUR-FU-10000732,11,Furniture Warehouse,New York,469,50,In Stock,2026-07-03,2026-08-06 01:40:20.449387
165,FUR-FU-10000747,12,Furniture Warehouse,New York,394,67,In Stock,2026-06-18,2026-08-06 01:40:20.449387
166,FUR-FU-10000755,13,Furniture Warehouse,New York,459,65,In Stock,2026-07-03,2026-08-06 01:40:20.449387
167,FUR-FU-10000758,14,Furniture Warehouse,New York,158,54,In Stock,2026-06-09,2026-08-06 01:40:20.449387
168,FUR-FU-10000771,15,Furniture Warehouse,New York,240,71,In Stock,2026-07-02,2026-08-06 01:40:20.449387
169,FUR-FU-10000794,16,Furniture Warehouse,New York,319,43,In Stock,2026-06-23,2026-08-06 01:40:20.449387
170,FUR-FU-10000820,17,Furniture Warehouse,New York,465,25,In Stock,2026-06-22,2026-08-06 01:40:20.449387
171,FUR-FU-10000965,1,Furniture Warehouse,New York,93,20,In Stock,2026-06-29,2026-08-06 01:40:20.449387
172,FUR-FU-10001025,2,Furniture Warehouse,New York,157,39,In Stock,2026-07-10,2026-08-06 01:40:20.449387
173,FUR-FU-10001037,3,Furniture Warehouse,New York,498,50,In Stock,2026-07-12,2026-08-06 01:40:20.449387
174,FUR-FU-10001057,4,Furniture Warehouse,New York,398,21,In Stock,2026-07-24,2026-08-06 01:40:20.449387
175,FUR-FU-10001085,5,Furniture Warehouse,New York,469,47,In Stock,2026-06-10,2026-08-06 01:40:20.449387
176,FUR-FU-10001095,6,Furniture Warehouse,New York,163,48,In Stock,2026-07-18,2026-08-06 01:40:20.449387
177,FUR-FU-10001185,7,Furniture Warehouse,New York,328,20,In Stock,2026-08-06,2026-08-06 01:40:20.449387
178,FUR-FU-10001196,8,Furniture Warehouse,New York,190,52,In Stock,2026-06-27,2026-08-06 01:40:20.449387
179,FUR-FU-10001215,9,Furniture Warehouse,New York,346,37,In Stock,2026-08-02,2026-08-06 01:40:20.449387
180,FUR-FU-10001290,10,Furniture Warehouse,New York,70,52,In Stock,2026-08-05,2026-08-06 01:40:20.449387
181,FUR-FU-10001379,11,Furniture Warehouse,New York,323,54,In Stock,2026-08-06,2026-08-06 01:40:20.449387
182,FUR-FU-10001424,12,Furniture Warehouse,New York,179,28,In Stock,2026-06-10,2026-08-06 01:40:20.449387
183,FUR-FU-10001468,13,Furniture Warehouse,New York,113,69,In Stock,2026-07-07,2026-08-06 01:40:20.449387
184,FUR-FU-10001473,14,Furniture Warehouse,New York,387,55,In Stock,2026-06-14,2026-08-06 01:40:20.449387
185,FUR-FU-10001475,15,Furniture Warehouse,New York,354,44,In Stock,2026-06-16,2026-08-06 01:40:20.449387
186,FUR-FU-10001487,16,Furniture Warehouse,New York,214,33,In Stock,2026-08-03,2026-08-06 01:40:20.449387
187,FUR-FU-10001488,17,Furniture Warehouse,New York,236,44,In Stock,2026-07-07,2026-08-06 01:40:20.449387
188,FUR-FU-10001546,1,Furniture Warehouse,New York,147,37,In Stock,2026-07-10,2026-08-06 01:40:20.449387
189,FUR-FU-10001588,2,Furniture Warehouse,New York,374,72,In Stock,2026-06-30,2026-08-06 01:40:20.449387
190,FUR-FU-10001591,3,Furniture Warehouse,New York,196,76,In Stock,2026-07-03,2026-08-06 01:40:20.449387
191,FUR-FU-10001602,4,Furniture Warehouse,New York,110,62,In Stock,2026-07-31,2026-08-06 01:40:20.449387
192,FUR-FU-10001617,5,Furniture Warehouse,New York,494,55,In Stock,2026-07-10,2026-08-06 01:40:20.449387
193,FUR-FU-10001706,6,Furniture Warehouse,New York,294,58,In Stock,2026-07-11,2026-08-06 01:40:20.449387
194,FUR-FU-10001731,7,Furniture Warehouse,New York,308,37,In Stock,2026-06-25,2026-08-06 01:40:20.449387
195,FUR-FU-10001756,8,Furniture Warehouse,New York,292,29,In Stock,2026-06-21,2026-08-06 01:40:20.449387
196,FUR-FU-10001847,9,Furniture Warehouse,New York,103,59,In Stock,2026-07-15,2026-08-06 01:40:20.449387
197,FUR-FU-10001852,10,Furniture Warehouse,New York,293,24,In Stock,2026-06-29,2026-08-06 01:40:20.449387
198,FUR-FU-10001861,11,Furniture Warehouse,New York,242,64,In Stock,2026-06-25,2026-08-06 01:40:20.449387
199,FUR-FU-10001867,12,Furniture Warehouse,New York,173,50,In Stock,2026-06-19,2026-08-06 01:40:20.449387
200,FUR-FU-10001876,13,Furniture Warehouse,New York,158,23,In Stock,2026-07-04,2026-08-06 01:40:20.449387
201,FUR-FU-10001889,14,Furniture Warehouse,New York,423,59,In Stock,2026-06-11,2026-08-06 01:40:20.449387
202,FUR-FU-10001918,15,Furniture Warehouse,New York,368,44,In Stock,2026-06-21,2026-08-06 01:40:20.449387
203,FUR-FU-10001934,16,Furniture Warehouse,New York,173,80,In Stock,2026-06-24,2026-08-06 01:40:20.449387
204,FUR-FU-10001935,17,Furniture Warehouse,New York,405,61,In Stock,2026-07-19,2026-08-06 01:40:20.449387
205,FUR-FU-10001940,1,Furniture Warehouse,New York,161,45,In Stock,2026-07-06,2026-08-06 01:40:20.449387
206,FUR-FU-10001967,2,Furniture Warehouse,New York,181,72,In Stock,2026-07-12,2026-08-06 01:40:20.449387
207,FUR-FU-10001979,3,Furniture Warehouse,New York,225,61,In Stock,2026-07-17,2026-08-06 01:40:20.449387
208,FUR-FU-10001986,4,Furniture Warehouse,New York,133,71,In Stock,2026-06-10,2026-08-06 01:40:20.449387
209,FUR-FU-10002030,5,Furniture Warehouse,New York,499,69,In Stock,2026-06-28,2026-08-06 01:40:20.449387
210,FUR-FU-10002045,6,Furniture Warehouse,New York,223,75,In Stock,2026-07-03,2026-08-06 01:40:20.449387
211,FUR-FU-10002088,7,Furniture Warehouse,New York,353,54,In Stock,2026-06-12,2026-08-06 01:40:20.449387
212,FUR-FU-10002107,8,Furniture Warehouse,New York,207,79,In Stock,2026-08-02,2026-08-06 01:40:20.449387
213,FUR-FU-10002111,9,Furniture Warehouse,New York,187,36,In Stock,2026-07-30,2026-08-06 01:40:20.449387
214,FUR-FU-10002116,10,Furniture Warehouse,New York,312,39,In Stock,2026-08-02,2026-08-06 01:40:20.449387
215,FUR-FU-10002157,11,Furniture Warehouse,New York,194,24,In Stock,2026-07-16,2026-08-06 01:40:20.449387
216,FUR-FU-10002191,12,Furniture Warehouse,New York,469,28,In Stock,2026-07-19,2026-08-06 01:40:20.449387
217,FUR-FU-10002240,13,Furniture Warehouse,New York,248,53,In Stock,2026-07-26,2026-08-06 01:40:20.449387
218,FUR-FU-10002253,14,Furniture Warehouse,New York,129,24,In Stock,2026-07-07,2026-08-06 01:40:20.449387
219,FUR-FU-10002268,15,Furniture Warehouse,New York,426,53,In Stock,2026-07-04,2026-08-06 01:40:20.449387
220,FUR-FU-10002298,16,Furniture Warehouse,New York,51,55,Low Stock,2026-06-20,2026-08-06 01:40:20.449387
221,FUR-FU-10002364,17,Furniture Warehouse,New York,175,47,In Stock,2026-07-22,2026-08-06 01:40:20.449387
222,FUR-FU-10002379,1,Furniture Warehouse,New York,498,61,In Stock,2026-07-12,2026-08-06 01:40:20.449387
223,FUR-FU-10002396,2,Furniture Warehouse,New York,424,70,In Stock,2026-07-17,2026-08-06 01:40:20.449387
224,FUR-FU-10002445,3,Furniture Warehouse,New York,403,44,In Stock,2026-07-20,2026-08-06 01:40:20.449387
225,FUR-FU-10002456,4,Furniture Warehouse,New York,238,60,In Stock,2026-07-05,2026-08-06 01:40:20.449387
226,FUR-FU-10002501,5,Furniture Warehouse,New York,474,43,In Stock,2026-07-05,2026-08-06 01:40:20.449387
227,FUR-FU-10002505,6,Furniture Warehouse,New York,350,51,In Stock,2026-06-19,2026-08-06 01:40:20.449387
228,FUR-FU-10002506,7,Furniture Warehouse,New York,336,71,In Stock,2026-06-29,2026-08-06 01:40:20.449387
229,FUR-FU-10002508,8,Furniture Warehouse,New York,309,67,In Stock,2026-07-13,2026-08-06 01:40:20.449387
230,FUR-FU-10002553,9,Furniture Warehouse,New York,496,56,In Stock,2026-06-15,2026-08-06 01:40:20.449387
231,FUR-FU-10002554,10,Furniture Warehouse,New York,122,21,In Stock,2026-07-06,2026-08-06 01:40:20.449387
232,FUR-FU-10002597,11,Furniture Warehouse,New York,318,38,In Stock,2026-07-17,2026-08-06 01:40:20.449387
233,FUR-FU-10002671,12,Furniture Warehouse,New York,360,46,In Stock,2026-07-16,2026-08-06 01:40:20.449387
234,FUR-FU-10002685,13,Furniture Warehouse,New York,373,28,In Stock,2026-07-12,2026-08-06 01:40:20.449387
235,FUR-FU-10002703,14,Furniture Warehouse,New York,407,22,In Stock,2026-06-13,2026-08-06 01:40:20.449387
236,FUR-FU-10002759,15,Furniture Warehouse,New York,135,58,In Stock,2026-08-06,2026-08-06 01:40:20.449387
237,FUR-FU-10002813,16,Furniture Warehouse,New York,168,55,In Stock,2026-06-26,2026-08-06 01:40:20.449387
238,FUR-FU-10002874,17,Furniture Warehouse,New York,217,63,In Stock,2026-07-11,2026-08-06 01:40:20.449387
239,FUR-FU-10002878,1,Furniture Warehouse,New York,65,79,Low Stock,2026-06-16,2026-08-06 01:40:20.449387
240,FUR-FU-10002885,2,Furniture Warehouse,New York,226,35,In Stock,2026-07-27,2026-08-06 01:40:20.449387
241,FUR-FU-10002918,3,Furniture Warehouse,New York,56,43,In Stock,2026-06-15,2026-08-06 01:40:20.449387
242,FUR-FU-10002937,4,Furniture Warehouse,New York,278,33,In Stock,2026-08-05,2026-08-06 01:40:20.449387
243,FUR-FU-10002960,5,Furniture Warehouse,New York,321,64,In Stock,2026-06-22,2026-08-06 01:40:20.449387
244,FUR-FU-10002963,6,Furniture Warehouse,New York,201,25,In Stock,2026-07-03,2026-08-06 01:40:20.449387
245,FUR-FU-10003026,7,Furniture Warehouse,New York,468,31,In Stock,2026-07-22,2026-08-06 01:40:20.449387
246,FUR-FU-10003039,8,Furniture Warehouse,New York,207,24,In Stock,2026-06-23,2026-08-06 01:40:20.449387
247,FUR-FU-10003095,9,Furniture Warehouse,New York,69,73,Low Stock,2026-07-03,2026-08-06 01:40:20.449387
248,FUR-FU-10003096,10,Furniture Warehouse,New York,258,71,In Stock,2026-07-26,2026-08-06 01:40:20.449387
249,FUR-FU-10003142,11,Furniture Warehouse,New York,128,71,In Stock,2026-06-15,2026-08-06 01:40:20.449387
250,FUR-FU-10003192,12,Furniture Warehouse,New York,187,59,In Stock,2026-07-21,2026-08-06 01:40:20.449387
251,FUR-FU-10003194,13,Furniture Warehouse,New York,378,46,In Stock,2026-06-19,2026-08-06 01:40:20.449387
252,FUR-FU-10003247,14,Furniture Warehouse,New York,333,43,In Stock,2026-07-14,2026-08-06 01:40:20.449387
253,FUR-FU-10003268,15,Furniture Warehouse,New York,175,56,In Stock,2026-06-25,2026-08-06 01:40:20.449387
254,FUR-FU-10003274,16,Furniture Warehouse,New York,276,29,In Stock,2026-07-16,2026-08-06 01:40:20.449387
255,FUR-FU-10003347,17,Furniture Warehouse,New York,341,71,In Stock,2026-06-22,2026-08-06 01:40:20.449387
256,FUR-FU-10003374,1,Furniture Warehouse,New York,289,76,In Stock,2026-07-06,2026-08-06 01:40:20.449387
257,FUR-FU-10003394,2,Furniture Warehouse,New York,236,62,In Stock,2026-06-13,2026-08-06 01:40:20.449387
258,FUR-FU-10003424,3,Furniture Warehouse,New York,435,80,In Stock,2026-08-03,2026-08-06 01:40:20.449387
259,FUR-FU-10003464,4,Furniture Warehouse,New York,281,47,In Stock,2026-08-04,2026-08-06 01:40:20.449387
260,FUR-FU-10003489,5,Furniture Warehouse,New York,88,45,In Stock,2026-06-18,2026-08-06 01:40:20.449387
261,FUR-FU-10003535,6,Furniture Warehouse,New York,198,22,In Stock,2026-06-25,2026-08-06 01:40:20.449387
262,FUR-FU-10003553,7,Furniture Warehouse,New York,321,45,In Stock,2026-07-10,2026-08-06 01:40:20.449387
263,FUR-FU-10003577,8,Furniture Warehouse,New York,268,26,In Stock,2026-06-12,2026-08-06 01:40:20.449387
264,FUR-FU-10003601,9,Furniture Warehouse,New York,397,27,In Stock,2026-07-13,2026-08-06 01:40:20.449387
265,FUR-FU-10003623,10,Furniture Warehouse,New York,112,27,In Stock,2026-06-09,2026-08-06 01:40:20.449387
266,FUR-FU-10003664,11,Furniture Warehouse,New York,300,70,In Stock,2026-06-21,2026-08-06 01:40:20.449387
267,FUR-FU-10003691,12,Furniture Warehouse,New York,405,23,In Stock,2026-08-01,2026-08-06 01:40:20.449387
268,FUR-FU-10003708,13,Furniture Warehouse,New York,378,33,In Stock,2026-08-03,2026-08-06 01:40:20.449387
269,FUR-FU-10003724,14,Furniture Warehouse,New York,227,77,In Stock,2026-07-01,2026-08-06 01:40:20.449387
270,FUR-FU-10003731,15,Furniture Warehouse,New York,259,75,In Stock,2026-06-30,2026-08-06 01:40:20.449387
271,FUR-FU-10003773,16,Furniture Warehouse,New York,101,22,In Stock,2026-06-17,2026-08-06 01:40:20.449387
272,FUR-FU-10003798,17,Furniture Warehouse,New York,295,74,In Stock,2026-07-15,2026-08-06 01:40:20.449387
273,FUR-FU-10003799,1,Furniture Warehouse,New York,346,49,In Stock,2026-07-07,2026-08-06 01:40:20.449387
274,FUR-FU-10003806,2,Furniture Warehouse,New York,458,52,In Stock,2026-07-20,2026-08-06 01:40:20.449387
275,FUR-FU-10003829,3,Furniture Warehouse,New York,452,74,In Stock,2026-06-18,2026-08-06 01:40:20.449387
276,FUR-FU-10003832,4,Furniture Warehouse,New York,434,35,In Stock,2026-07-10,2026-08-06 01:40:20.449387
277,FUR-FU-10003849,5,Furniture Warehouse,New York,255,50,In Stock,2026-07-29,2026-08-06 01:40:20.449387
278,FUR-FU-10003878,6,Furniture Warehouse,New York,443,35,In Stock,2026-07-04,2026-08-06 01:40:20.449387
279,FUR-FU-10003919,7,Furniture Warehouse,New York,383,32,In Stock,2026-06-28,2026-08-06 01:40:20.449387
280,FUR-FU-10003930,8,Furniture Warehouse,New York,376,56,In Stock,2026-06-28,2026-08-06 01:40:20.449387
281,FUR-FU-10003975,9,Furniture Warehouse,New York,52,28,In Stock,2026-06-19,2026-08-06 01:40:20.449387
282,FUR-FU-10003976,10,Furniture Warehouse,New York,54,80,Low Stock,2026-06-13,2026-08-06 01:40:20.449387
283,FUR-FU-10003981,11,Furniture Warehouse,New York,470,61,In Stock,2026-08-04,2026-08-06 01:40:20.449387
284,FUR-FU-10004006,12,Furniture Warehouse,New York,466,72,In Stock,2026-07-11,2026-08-06 01:40:20.449387
285,FUR-FU-10004017,13,Furniture Warehouse,New York,496,51,In Stock,2026-06-10,2026-08-06 01:40:20.449387
286,FUR-FU-10004018,14,Furniture Warehouse,New York,349,57,In Stock,2026-06-08,2026-08-06 01:40:20.449387
287,FUR-FU-10004020,15,Furniture Warehouse,New York,241,64,In Stock,2026-07-14,2026-08-06 01:40:20.449387
288,FUR-FU-10004053,16,Furniture Warehouse,New York,264,53,In Stock,2026-07-06,2026-08-06 01:40:20.449387
289,FUR-FU-10004071,17,Furniture Warehouse,New York,183,78,In Stock,2026-06-20,2026-08-06 01:40:20.449387
290,FUR-FU-10004090,1,Furniture Warehouse,New York,376,39,In Stock,2026-06-22,2026-08-06 01:40:20.449387
291,FUR-FU-10004091,2,Furniture Warehouse,New York,245,65,In Stock,2026-06-14,2026-08-06 01:40:20.449387
292,FUR-FU-10004093,3,Furniture Warehouse,New York,342,31,In Stock,2026-07-22,2026-08-06 01:40:20.449387
293,FUR-FU-10004164,4,Furniture Warehouse,New York,461,65,In Stock,2026-06-11,2026-08-06 01:40:20.449387
294,FUR-FU-10004188,5,Furniture Warehouse,New York,278,20,In Stock,2026-06-24,2026-08-06 01:40:20.449387
295,FUR-FU-10004245,6,Furniture Warehouse,New York,455,28,In Stock,2026-07-11,2026-08-06 01:40:20.449387
296,FUR-FU-10004270,7,Furniture Warehouse,New York,101,70,In Stock,2026-06-17,2026-08-06 01:40:20.449387
297,FUR-FU-10004306,8,Furniture Warehouse,New York,115,75,In Stock,2026-07-02,2026-08-06 01:40:20.449387
298,FUR-FU-10004351,9,Furniture Warehouse,New York,293,43,In Stock,2026-06-10,2026-08-06 01:40:20.449387
299,FUR-FU-10004415,10,Furniture Warehouse,New York,317,47,In Stock,2026-08-02,2026-08-06 01:40:20.449387
300,FUR-FU-10004460,11,Furniture Warehouse,New York,495,31,In Stock,2026-07-13,2026-08-06 01:40:20.449387
301,FUR-FU-10004586,12,Furniture Warehouse,New York,164,63,In Stock,2026-07-21,2026-08-06 01:40:20.449387
302,FUR-FU-10004587,13,Furniture Warehouse,New York,356,70,In Stock,2026-06-18,2026-08-06 01:40:20.449387
303,FUR-FU-10004597,14,Furniture Warehouse,New York,115,78,In Stock,2026-08-03,2026-08-06 01:40:20.449387
304,FUR-FU-10004622,15,Furniture Warehouse,New York,337,35,In Stock,2026-06-09,2026-08-06 01:40:20.449387
305,FUR-FU-10004665,16,Furniture Warehouse,New York,85,71,In Stock,2026-07-03,2026-08-06 01:40:20.449387
306,FUR-FU-10004666,17,Furniture Warehouse,New York,340,27,In Stock,2026-07-04,2026-08-06 01:40:20.449387
307,FUR-FU-10004671,1,Furniture Warehouse,New York,498,60,In Stock,2026-07-20,2026-08-06 01:40:20.449387
308,FUR-FU-10004712,2,Furniture Warehouse,New York,369,56,In Stock,2026-07-20,2026-08-06 01:40:20.449387
309,FUR-FU-10004748,3,Furniture Warehouse,New York,429,52,In Stock,2026-06-10,2026-08-06 01:40:20.449387
310,FUR-FU-10004845,4,Furniture Warehouse,New York,372,64,In Stock,2026-07-19,2026-08-06 01:40:20.449387
311,FUR-FU-10004848,5,Furniture Warehouse,New York,58,50,In Stock,2026-06-28,2026-08-06 01:40:20.449387
312,FUR-FU-10004864,6,Furniture Warehouse,New York,222,21,In Stock,2026-08-04,2026-08-06 01:40:20.449387
313,FUR-FU-10004904,7,Furniture Warehouse,New York,310,21,In Stock,2026-07-09,2026-08-06 01:40:20.449387
314,FUR-FU-10004909,8,Furniture Warehouse,New York,191,36,In Stock,2026-06-23,2026-08-06 01:40:20.449387
315,FUR-FU-10004952,9,Furniture Warehouse,New York,412,42,In Stock,2026-07-29,2026-08-06 01:40:20.449387
316,FUR-FU-10004960,10,Furniture Warehouse,New York,66,32,In Stock,2026-07-12,2026-08-06 01:40:20.449387
317,FUR-FU-10004963,11,Furniture Warehouse,New York,167,25,In Stock,2026-06-25,2026-08-06 01:40:20.449387
318,FUR-FU-10004973,12,Furniture Warehouse,New York,230,46,In Stock,2026-08-05,2026-08-06 01:40:20.449387
319,FUR-TA-10000198,13,Furniture Warehouse,New York,109,28,In Stock,2026-07-10,2026-08-06 01:40:20.449387
320,FUR-TA-10000577,14,Furniture Warehouse,New York,410,30,In Stock,2026-06-14,2026-08-06 01:40:20.449387
321,FUR-TA-10000617,15,Furniture Warehouse,New York,190,20,In Stock,2026-07-04,2026-08-06 01:40:20.449387
322,FUR-TA-10000688,16,Furniture Warehouse,New York,61,76,Low Stock,2026-07-19,2026-08-06 01:40:20.449387
323,FUR-TA-10000849,17,Furniture Warehouse,New York,84,71,In Stock,2026-07-30,2026-08-06 01:40:20.449387
324,FUR-TA-10001039,1,Furniture Warehouse,New York,376,36,In Stock,2026-07-22,2026-08-06 01:40:20.449387
325,FUR-TA-10001086,2,Furniture Warehouse,New York,203,49,In Stock,2026-06-12,2026-08-06 01:40:20.449387
326,FUR-TA-10001095,3,Furniture Warehouse,New York,331,20,In Stock,2026-07-01,2026-08-06 01:40:20.449387
327,FUR-TA-10001307,4,Furniture Warehouse,New York,340,23,In Stock,2026-08-04,2026-08-06 01:40:20.449387
328,FUR-TA-10001520,5,Furniture Warehouse,New York,123,34,In Stock,2026-07-06,2026-08-06 01:40:20.449387
329,FUR-TA-10001539,6,Furniture Warehouse,New York,78,30,In Stock,2026-06-27,2026-08-06 01:40:20.449387
330,FUR-TA-10001676,7,Furniture Warehouse,New York,427,29,In Stock,2026-07-07,2026-08-06 01:40:20.449387
331,FUR-TA-10001691,8,Furniture Warehouse,New York,74,52,In Stock,2026-06-09,2026-08-06 01:40:20.449387
332,FUR-TA-10001705,9,Furniture Warehouse,New York,249,76,In Stock,2026-06-17,2026-08-06 01:40:20.449387
333,FUR-TA-10001768,10,Furniture Warehouse,New York,147,75,In Stock,2026-07-07,2026-08-06 01:40:20.449387
334,FUR-TA-10001771,11,Furniture Warehouse,New York,408,65,In Stock,2026-06-22,2026-08-06 01:40:20.449387
335,FUR-TA-10001857,12,Furniture Warehouse,New York,264,48,In Stock,2026-07-04,2026-08-06 01:40:20.449387
336,FUR-TA-10001866,13,Furniture Warehouse,New York,289,51,In Stock,2026-06-09,2026-08-06 01:40:20.449387
337,FUR-TA-10001889,14,Furniture Warehouse,New York,163,35,In Stock,2026-06-24,2026-08-06 01:40:20.449387
338,FUR-TA-10001932,15,Furniture Warehouse,New York,461,21,In Stock,2026-06-17,2026-08-06 01:40:20.449387
339,FUR-TA-10001950,16,Furniture Warehouse,New York,149,41,In Stock,2026-06-30,2026-08-06 01:40:20.449387
340,FUR-TA-10002041,17,Furniture Warehouse,New York,419,54,In Stock,2026-08-01,2026-08-06 01:40:20.449387
341,FUR-TA-10002228,1,Furniture Warehouse,New York,196,59,In Stock,2026-07-03,2026-08-06 01:40:20.449387
342,FUR-TA-10002356,2,Furniture Warehouse,New York,489,69,In Stock,2026-06-18,2026-08-06 01:40:20.449387
343,FUR-TA-10002530,3,Furniture Warehouse,New York,358,67,In Stock,2026-07-20,2026-08-06 01:40:20.449387
344,FUR-TA-10002533,4,Furniture Warehouse,New York,450,37,In Stock,2026-07-04,2026-08-06 01:40:20.449387
345,FUR-TA-10002607,5,Furniture Warehouse,New York,367,21,In Stock,2026-06-12,2026-08-06 01:40:20.449387
346,FUR-TA-10002622,6,Furniture Warehouse,New York,463,74,In Stock,2026-07-22,2026-08-06 01:40:20.449387
347,FUR-TA-10002645,7,Furniture Warehouse,New York,365,68,In Stock,2026-06-13,2026-08-06 01:40:20.449387
348,FUR-TA-10002774,8,Furniture Warehouse,New York,217,32,In Stock,2026-07-26,2026-08-06 01:40:20.449387
349,FUR-TA-10002855,9,Furniture Warehouse,New York,267,54,In Stock,2026-06-21,2026-08-06 01:40:20.449387
350,FUR-TA-10002903,10,Furniture Warehouse,New York,169,49,In Stock,2026-06-27,2026-08-06 01:40:20.449387
351,FUR-TA-10002958,11,Furniture Warehouse,New York,178,66,In Stock,2026-07-26,2026-08-06 01:40:20.449387
352,FUR-TA-10003008,12,Furniture Warehouse,New York,372,76,In Stock,2026-07-27,2026-08-06 01:40:20.449387
353,FUR-TA-10003238,13,Furniture Warehouse,New York,189,60,In Stock,2026-07-26,2026-08-06 01:40:20.449387
354,FUR-TA-10003392,14,Furniture Warehouse,New York,466,70,In Stock,2026-06-30,2026-08-06 01:40:20.449387
355,FUR-TA-10003469,15,Furniture Warehouse,New York,57,57,Low Stock,2026-07-18,2026-08-06 01:40:20.449387
356,FUR-TA-10003473,16,Furniture Warehouse,New York,78,78,Low Stock,2026-06-28,2026-08-06 01:40:20.449387
357,FUR-TA-10003569,17,Furniture Warehouse,New York,292,45,In Stock,2026-07-18,2026-08-06 01:40:20.449387
358,FUR-TA-10003715,1,Furniture Warehouse,New York,409,67,In Stock,2026-07-12,2026-08-06 01:40:20.449387
359,FUR-TA-10003748,2,Furniture Warehouse,New York,441,57,In Stock,2026-07-27,2026-08-06 01:40:20.449387
360,FUR-TA-10003837,3,Furniture Warehouse,New York,180,60,In Stock,2026-06-23,2026-08-06 01:40:20.449387
361,FUR-TA-10003954,4,Furniture Warehouse,New York,348,35,In Stock,2026-06-12,2026-08-06 01:40:20.449387
362,FUR-TA-10004086,5,Furniture Warehouse,New York,331,72,In Stock,2026-07-07,2026-08-06 01:40:20.449387
363,FUR-TA-10004147,6,Furniture Warehouse,New York,222,37,In Stock,2026-07-19,2026-08-06 01:40:20.449387
364,FUR-TA-10004152,7,Furniture Warehouse,New York,158,43,In Stock,2026-07-29,2026-08-06 01:40:20.449387
365,FUR-TA-10004154,8,Furniture Warehouse,New York,188,23,In Stock,2026-06-11,2026-08-06 01:40:20.449387
366,FUR-TA-10004175,9,Furniture Warehouse,New York,284,69,In Stock,2026-07-16,2026-08-06 01:40:20.449387
367,FUR-TA-10004256,10,Furniture Warehouse,New York,365,52,In Stock,2026-08-03,2026-08-06 01:40:20.449387
368,FUR-TA-10004289,11,Furniture Warehouse,New York,356,60,In Stock,2026-07-06,2026-08-06 01:40:20.449387
369,FUR-TA-10004442,12,Furniture Warehouse,New York,157,35,In Stock,2026-06-19,2026-08-06 01:40:20.449387
370,FUR-TA-10004534,13,Furniture Warehouse,New York,278,24,In Stock,2026-06-28,2026-08-06 01:40:20.449387
371,FUR-TA-10004575,14,Furniture Warehouse,New York,118,76,In Stock,2026-07-07,2026-08-06 01:40:20.449387
372,FUR-TA-10004607,15,Furniture Warehouse,New York,116,54,In Stock,2026-07-27,2026-08-06 01:40:20.449387
373,FUR-TA-10004619,16,Furniture Warehouse,New York,255,74,In Stock,2026-07-04,2026-08-06 01:40:20.449387
374,FUR-TA-10004767,17,Furniture Warehouse,New York,143,38,In Stock,2026-06-17,2026-08-06 01:40:20.449387
375,FUR-TA-10004915,1,Furniture Warehouse,New York,224,55,In Stock,2026-07-18,2026-08-06 01:40:20.449387
376,OFF-AP-10000026,2,Office Supply Warehouse,Chicago,195,43,In Stock,2026-08-01,2026-08-06 01:40:20.449387
377,OFF-AP-10000027,3,Office Supply Warehouse,Chicago,333,49,In Stock,2026-06-18,2026-08-06 01:40:20.449387
378,OFF-AP-10000055,4,Office Supply Warehouse,Chicago,302,72,In Stock,2026-07-12,2026-08-06 01:40:20.449387
379,OFF-AP-10000124,5,Office Supply Warehouse,Chicago,418,42,In Stock,2026-07-05,2026-08-06 01:40:20.449387
380,OFF-AP-10000159,6,Office Supply Warehouse,Chicago,214,52,In Stock,2026-06-20,2026-08-06 01:40:20.449387
381,OFF-AP-10000179,7,Office Supply Warehouse,Chicago,483,37,In Stock,2026-06-21,2026-08-06 01:40:20.449387
382,OFF-AP-10000240,8,Office Supply Warehouse,Chicago,92,44,In Stock,2026-07-10,2026-08-06 01:40:20.449387
383,OFF-AP-10000252,9,Office Supply Warehouse,Chicago,199,55,In Stock,2026-07-26,2026-08-06 01:40:20.449387
384,OFF-AP-10000275,10,Office Supply Warehouse,Chicago,494,22,In Stock,2026-06-15,2026-08-06 01:40:20.449387
385,OFF-AP-10000326,11,Office Supply Warehouse,Chicago,449,66,In Stock,2026-07-20,2026-08-06 01:40:20.449387
386,OFF-AP-10000358,12,Office Supply Warehouse,Chicago,500,58,In Stock,2026-07-26,2026-08-06 01:40:20.449387
387,OFF-AP-10000390,13,Office Supply Warehouse,Chicago,249,28,In Stock,2026-06-23,2026-08-06 01:40:20.449387
388,OFF-AP-10000576,14,Office Supply Warehouse,Chicago,184,43,In Stock,2026-07-27,2026-08-06 01:40:20.449387
389,OFF-AP-10000595,15,Office Supply Warehouse,Chicago,353,33,In Stock,2026-06-25,2026-08-06 01:40:20.449387
390,OFF-AP-10000692,16,Office Supply Warehouse,Chicago,284,79,In Stock,2026-06-16,2026-08-06 01:40:20.449387
391,OFF-AP-10000696,17,Office Supply Warehouse,Chicago,65,23,In Stock,2026-06-24,2026-08-06 01:40:20.449387
392,OFF-AP-10000804,1,Office Supply Warehouse,Chicago,225,75,In Stock,2026-06-09,2026-08-06 01:40:20.449387
393,OFF-AP-10000828,2,Office Supply Warehouse,Chicago,57,51,In Stock,2026-06-10,2026-08-06 01:40:20.449387
394,OFF-AP-10000891,3,Office Supply Warehouse,Chicago,158,50,In Stock,2026-07-31,2026-08-06 01:40:20.449387
395,OFF-AP-10000938,4,Office Supply Warehouse,Chicago,342,43,In Stock,2026-06-15,2026-08-06 01:40:20.449387
396,OFF-AP-10001005,5,Office Supply Warehouse,Chicago,416,43,In Stock,2026-07-01,2026-08-06 01:40:20.449387
397,OFF-AP-10001058,6,Office Supply Warehouse,Chicago,333,30,In Stock,2026-06-12,2026-08-06 01:40:20.449387
398,OFF-AP-10001124,7,Office Supply Warehouse,Chicago,200,52,In Stock,2026-07-04,2026-08-06 01:40:20.449387
399,OFF-AP-10001154,8,Office Supply Warehouse,Chicago,184,49,In Stock,2026-07-14,2026-08-06 01:40:20.449387
400,OFF-AP-10001205,9,Office Supply Warehouse,Chicago,420,71,In Stock,2026-07-18,2026-08-06 01:40:20.449387
401,OFF-AP-10001242,10,Office Supply Warehouse,Chicago,326,21,In Stock,2026-08-04,2026-08-06 01:40:20.449387
402,OFF-AP-10001271,11,Office Supply Warehouse,Chicago,209,58,In Stock,2026-06-26,2026-08-06 01:40:20.449387
403,OFF-AP-10001293,12,Office Supply Warehouse,Chicago,165,77,In Stock,2026-06-14,2026-08-06 01:40:20.449387
404,OFF-AP-10001303,13,Office Supply Warehouse,Chicago,387,69,In Stock,2026-06-29,2026-08-06 01:40:20.449387
405,OFF-AP-10001366,14,Office Supply Warehouse,Chicago,418,51,In Stock,2026-07-25,2026-08-06 01:40:20.449387
406,OFF-AP-10001391,15,Office Supply Warehouse,Chicago,378,49,In Stock,2026-07-11,2026-08-06 01:40:20.449387
407,OFF-AP-10001394,16,Office Supply Warehouse,Chicago,279,22,In Stock,2026-07-09,2026-08-06 01:40:20.449387
408,OFF-AP-10001469,17,Office Supply Warehouse,Chicago,66,34,In Stock,2026-07-06,2026-08-06 01:40:20.449387
409,OFF-AP-10001492,1,Office Supply Warehouse,Chicago,201,24,In Stock,2026-06-11,2026-08-06 01:40:20.449387
410,OFF-AP-10001563,2,Office Supply Warehouse,Chicago,433,40,In Stock,2026-06-21,2026-08-06 01:40:20.449387
411,OFF-AP-10001564,3,Office Supply Warehouse,Chicago,169,32,In Stock,2026-07-22,2026-08-06 01:40:20.449387
412,OFF-AP-10001626,4,Office Supply Warehouse,Chicago,60,76,Low Stock,2026-06-20,2026-08-06 01:40:20.449387
413,OFF-AP-10001634,5,Office Supply Warehouse,Chicago,423,23,In Stock,2026-07-26,2026-08-06 01:40:20.449387
414,OFF-AP-10001947,6,Office Supply Warehouse,Chicago,479,57,In Stock,2026-07-27,2026-08-06 01:40:20.449387
415,OFF-AP-10001962,7,Office Supply Warehouse,Chicago,344,50,In Stock,2026-07-28,2026-08-06 01:40:20.449387
416,OFF-AP-10002082,8,Office Supply Warehouse,Chicago,132,24,In Stock,2026-07-28,2026-08-06 01:40:20.449387
417,OFF-AP-10002118,9,Office Supply Warehouse,Chicago,91,55,In Stock,2026-06-11,2026-08-06 01:40:20.449387
418,OFF-AP-10002191,10,Office Supply Warehouse,Chicago,58,76,Low Stock,2026-06-26,2026-08-06 01:40:20.449387
419,OFF-AP-10002203,11,Office Supply Warehouse,Chicago,319,53,In Stock,2026-07-29,2026-08-06 01:40:20.449387
420,OFF-AP-10002222,12,Office Supply Warehouse,Chicago,164,39,In Stock,2026-06-22,2026-08-06 01:40:20.449387
421,OFF-AP-10002287,13,Office Supply Warehouse,Chicago,289,58,In Stock,2026-07-27,2026-08-06 01:40:20.449387
422,OFF-AP-10002311,14,Office Supply Warehouse,Chicago,147,34,In Stock,2026-06-18,2026-08-06 01:40:20.449387
423,OFF-AP-10002350,15,Office Supply Warehouse,Chicago,199,25,In Stock,2026-07-20,2026-08-06 01:40:20.449387
424,OFF-AP-10002403,16,Office Supply Warehouse,Chicago,80,52,In Stock,2026-07-28,2026-08-06 01:40:20.449387
425,OFF-AP-10002439,17,Office Supply Warehouse,Chicago,380,70,In Stock,2026-07-24,2026-08-06 01:40:20.449387
426,OFF-AP-10002457,1,Office Supply Warehouse,Chicago,120,22,In Stock,2026-06-26,2026-08-06 01:40:20.449387
427,OFF-AP-10002472,2,Office Supply Warehouse,Chicago,392,21,In Stock,2026-06-29,2026-08-06 01:40:20.449387
428,OFF-AP-10002495,3,Office Supply Warehouse,Chicago,70,26,In Stock,2026-06-20,2026-08-06 01:40:20.449387
429,OFF-AP-10002518,4,Office Supply Warehouse,Chicago,273,20,In Stock,2026-06-22,2026-08-06 01:40:20.449387
430,OFF-AP-10002534,5,Office Supply Warehouse,Chicago,214,27,In Stock,2026-07-09,2026-08-06 01:40:20.449387
431,OFF-AP-10002578,6,Office Supply Warehouse,Chicago,485,38,In Stock,2026-06-25,2026-08-06 01:40:20.449387
432,OFF-AP-10002651,7,Office Supply Warehouse,Chicago,385,71,In Stock,2026-06-24,2026-08-06 01:40:20.449387
433,OFF-AP-10002670,8,Office Supply Warehouse,Chicago,253,29,In Stock,2026-07-12,2026-08-06 01:40:20.449387
434,OFF-AP-10002684,9,Office Supply Warehouse,Chicago,111,49,In Stock,2026-07-30,2026-08-06 01:40:20.449387
435,OFF-AP-10002734,10,Office Supply Warehouse,Chicago,289,56,In Stock,2026-06-08,2026-08-06 01:40:20.449387
436,OFF-AP-10002765,11,Office Supply Warehouse,Chicago,202,43,In Stock,2026-07-26,2026-08-06 01:40:20.449387
437,OFF-AP-10002867,12,Office Supply Warehouse,Chicago,401,50,In Stock,2026-07-22,2026-08-06 01:40:20.449387
438,OFF-AP-10002892,13,Office Supply Warehouse,Chicago,208,23,In Stock,2026-07-27,2026-08-06 01:40:20.449387
439,OFF-AP-10002906,14,Office Supply Warehouse,Chicago,384,79,In Stock,2026-07-27,2026-08-06 01:40:20.449387
440,OFF-AP-10002945,15,Office Supply Warehouse,Chicago,71,43,In Stock,2026-06-25,2026-08-06 01:40:20.449387
441,OFF-AP-10002998,16,Office Supply Warehouse,Chicago,394,51,In Stock,2026-07-15,2026-08-06 01:40:20.449387
442,OFF-AP-10003040,17,Office Supply Warehouse,Chicago,287,70,In Stock,2026-06-23,2026-08-06 01:40:20.449387
443,OFF-AP-10003057,1,Office Supply Warehouse,Chicago,107,20,In Stock,2026-06-30,2026-08-06 01:40:20.449387
444,OFF-AP-10003099,2,Office Supply Warehouse,Chicago,354,52,In Stock,2026-06-17,2026-08-06 01:40:20.449387
445,OFF-AP-10003217,3,Office Supply Warehouse,Chicago,263,43,In Stock,2026-06-23,2026-08-06 01:40:20.449387
446,OFF-AP-10003266,4,Office Supply Warehouse,Chicago,421,54,In Stock,2026-07-19,2026-08-06 01:40:20.449387
447,OFF-AP-10003278,5,Office Supply Warehouse,Chicago,484,67,In Stock,2026-07-10,2026-08-06 01:40:20.449387
448,OFF-AP-10003281,6,Office Supply Warehouse,Chicago,492,64,In Stock,2026-06-28,2026-08-06 01:40:20.449387
449,OFF-AP-10003287,7,Office Supply Warehouse,Chicago,82,49,In Stock,2026-06-08,2026-08-06 01:40:20.449387
450,OFF-AP-10003590,8,Office Supply Warehouse,Chicago,222,31,In Stock,2026-06-11,2026-08-06 01:40:20.449387
451,OFF-AP-10003622,9,Office Supply Warehouse,Chicago,250,66,In Stock,2026-07-29,2026-08-06 01:40:20.449387
452,OFF-AP-10003779,10,Office Supply Warehouse,Chicago,212,52,In Stock,2026-06-29,2026-08-06 01:40:20.449387
453,OFF-AP-10003842,11,Office Supply Warehouse,Chicago,280,33,In Stock,2026-07-23,2026-08-06 01:40:20.449387
454,OFF-AP-10003849,12,Office Supply Warehouse,Chicago,209,20,In Stock,2026-07-26,2026-08-06 01:40:20.449387
455,OFF-AP-10003860,13,Office Supply Warehouse,Chicago,377,52,In Stock,2026-07-06,2026-08-06 01:40:20.449387
456,OFF-AP-10003884,14,Office Supply Warehouse,Chicago,410,28,In Stock,2026-07-13,2026-08-06 01:40:20.449387
457,OFF-AP-10003914,15,Office Supply Warehouse,Chicago,366,71,In Stock,2026-07-29,2026-08-06 01:40:20.449387
458,OFF-AP-10003971,16,Office Supply Warehouse,Chicago,139,37,In Stock,2026-06-09,2026-08-06 01:40:20.449387
459,OFF-AP-10004036,17,Office Supply Warehouse,Chicago,328,75,In Stock,2026-08-05,2026-08-06 01:40:20.449387
460,OFF-AP-10004052,1,Office Supply Warehouse,Chicago,148,36,In Stock,2026-07-27,2026-08-06 01:40:20.449387
461,OFF-AP-10004136,2,Office Supply Warehouse,Chicago,441,54,In Stock,2026-06-23,2026-08-06 01:40:20.449387
462,OFF-AP-10004233,3,Office Supply Warehouse,Chicago,429,38,In Stock,2026-07-08,2026-08-06 01:40:20.449387
463,OFF-AP-10004249,4,Office Supply Warehouse,Chicago,52,39,In Stock,2026-07-10,2026-08-06 01:40:20.449387
464,OFF-AP-10004336,5,Office Supply Warehouse,Chicago,490,79,In Stock,2026-07-10,2026-08-06 01:40:20.449387
465,OFF-AP-10004487,6,Office Supply Warehouse,Chicago,106,42,In Stock,2026-06-30,2026-08-06 01:40:20.449387
466,OFF-AP-10004532,7,Office Supply Warehouse,Chicago,376,74,In Stock,2026-07-19,2026-08-06 01:40:20.449387
467,OFF-AP-10004540,8,Office Supply Warehouse,Chicago,302,35,In Stock,2026-06-26,2026-08-06 01:40:20.449387
468,OFF-AP-10004655,9,Office Supply Warehouse,Chicago,92,70,In Stock,2026-07-22,2026-08-06 01:40:20.449387
469,OFF-AP-10004708,10,Office Supply Warehouse,Chicago,52,61,Low Stock,2026-08-04,2026-08-06 01:40:20.449387
470,OFF-AP-10004785,11,Office Supply Warehouse,Chicago,445,72,In Stock,2026-07-25,2026-08-06 01:40:20.449387
471,OFF-AP-10004859,12,Office Supply Warehouse,Chicago,374,73,In Stock,2026-06-21,2026-08-06 01:40:20.449387
472,OFF-AP-10004868,13,Office Supply Warehouse,Chicago,204,50,In Stock,2026-08-03,2026-08-06 01:40:20.449387
473,OFF-AP-10004980,14,Office Supply Warehouse,Chicago,373,58,In Stock,2026-06-21,2026-08-06 01:40:20.449387
474,OFF-AR-10000034,15,Office Supply Warehouse,Chicago,456,45,In Stock,2026-06-13,2026-08-06 01:40:20.449387
475,OFF-AR-10000122,16,Office Supply Warehouse,Chicago,316,49,In Stock,2026-07-02,2026-08-06 01:40:20.449387
476,OFF-AR-10000127,17,Office Supply Warehouse,Chicago,435,44,In Stock,2026-07-10,2026-08-06 01:40:20.449387
477,OFF-AR-10000203,1,Office Supply Warehouse,Chicago,462,54,In Stock,2026-07-10,2026-08-06 01:40:20.449387
478,OFF-AR-10000246,2,Office Supply Warehouse,Chicago,83,34,In Stock,2026-06-28,2026-08-06 01:40:20.449387
479,OFF-AR-10000255,3,Office Supply Warehouse,Chicago,192,77,In Stock,2026-07-10,2026-08-06 01:40:20.449387
480,OFF-AR-10000315,4,Office Supply Warehouse,Chicago,82,69,In Stock,2026-07-01,2026-08-06 01:40:20.449387
481,OFF-AR-10000369,5,Office Supply Warehouse,Chicago,108,45,In Stock,2026-07-29,2026-08-06 01:40:20.449387
482,OFF-AR-10000380,6,Office Supply Warehouse,Chicago,415,45,In Stock,2026-07-09,2026-08-06 01:40:20.449387
483,OFF-AR-10000390,7,Office Supply Warehouse,Chicago,151,59,In Stock,2026-07-02,2026-08-06 01:40:20.449387
484,OFF-AR-10000411,8,Office Supply Warehouse,Chicago,352,21,In Stock,2026-07-14,2026-08-06 01:40:20.449387
485,OFF-AR-10000422,9,Office Supply Warehouse,Chicago,439,46,In Stock,2026-06-12,2026-08-06 01:40:20.449387
486,OFF-AR-10000462,10,Office Supply Warehouse,Chicago,129,22,In Stock,2026-06-28,2026-08-06 01:40:20.449387
487,OFF-AR-10000475,11,Office Supply Warehouse,Chicago,457,65,In Stock,2026-07-04,2026-08-06 01:40:20.449387
488,OFF-AR-10000538,12,Office Supply Warehouse,Chicago,373,77,In Stock,2026-07-11,2026-08-06 01:40:20.449387
489,OFF-AR-10000588,13,Office Supply Warehouse,Chicago,61,72,Low Stock,2026-07-28,2026-08-06 01:40:20.449387
490,OFF-AR-10000614,14,Office Supply Warehouse,Chicago,275,29,In Stock,2026-06-18,2026-08-06 01:40:20.449387
491,OFF-AR-10000634,15,Office Supply Warehouse,Chicago,190,67,In Stock,2026-06-12,2026-08-06 01:40:20.449387
492,OFF-AR-10000657,16,Office Supply Warehouse,Chicago,164,22,In Stock,2026-07-30,2026-08-06 01:40:20.449387
493,OFF-AR-10000658,17,Office Supply Warehouse,Chicago,347,71,In Stock,2026-07-12,2026-08-06 01:40:20.449387
494,OFF-AR-10000716,1,Office Supply Warehouse,Chicago,393,65,In Stock,2026-07-22,2026-08-06 01:40:20.449387
495,OFF-AR-10000799,2,Office Supply Warehouse,Chicago,354,54,In Stock,2026-06-20,2026-08-06 01:40:20.449387
496,OFF-AR-10000817,3,Office Supply Warehouse,Chicago,111,51,In Stock,2026-07-19,2026-08-06 01:40:20.449387
497,OFF-AR-10000823,4,Office Supply Warehouse,Chicago,368,62,In Stock,2026-06-23,2026-08-06 01:40:20.449387
498,OFF-AR-10000896,5,Office Supply Warehouse,Chicago,298,65,In Stock,2026-07-02,2026-08-06 01:40:20.449387
499,OFF-AR-10000914,6,Office Supply Warehouse,Chicago,382,73,In Stock,2026-06-24,2026-08-06 01:40:20.449387
500,OFF-AR-10000937,7,Office Supply Warehouse,Chicago,62,27,In Stock,2026-06-09,2026-08-06 01:40:20.449387
501,OFF-AR-10000940,8,Office Supply Warehouse,Chicago,381,55,In Stock,2026-07-15,2026-08-06 01:40:20.449387
502,OFF-AR-10001022,9,Office Supply Warehouse,Chicago,442,63,In Stock,2026-06-25,2026-08-06 01:40:20.449387
503,OFF-AR-10001026,10,Office Supply Warehouse,Chicago,459,47,In Stock,2026-07-01,2026-08-06 01:40:20.449387
504,OFF-AR-10001044,11,Office Supply Warehouse,Chicago,204,27,In Stock,2026-07-14,2026-08-06 01:40:20.449387
505,OFF-AR-10001118,12,Office Supply Warehouse,Chicago,406,55,In Stock,2026-06-19,2026-08-06 01:40:20.449387
506,OFF-AR-10001130,13,Office Supply Warehouse,Chicago,141,78,In Stock,2026-07-03,2026-08-06 01:40:20.449387
507,OFF-AR-10001149,14,Office Supply Warehouse,Chicago,138,57,In Stock,2026-06-18,2026-08-06 01:40:20.449387
508,OFF-AR-10001166,15,Office Supply Warehouse,Chicago,460,35,In Stock,2026-07-19,2026-08-06 01:40:20.449387
509,OFF-AR-10001177,16,Office Supply Warehouse,Chicago,314,53,In Stock,2026-07-30,2026-08-06 01:40:20.449387
510,OFF-AR-10001216,17,Office Supply Warehouse,Chicago,445,58,In Stock,2026-08-02,2026-08-06 01:40:20.449387
511,OFF-AR-10001221,1,Office Supply Warehouse,Chicago,99,76,In Stock,2026-07-15,2026-08-06 01:40:20.449387
512,OFF-AR-10001227,2,Office Supply Warehouse,Chicago,344,62,In Stock,2026-06-21,2026-08-06 01:40:20.449387
513,OFF-AR-10001231,3,Office Supply Warehouse,Chicago,338,38,In Stock,2026-08-03,2026-08-06 01:40:20.449387
514,OFF-AR-10001246,4,Office Supply Warehouse,Chicago,169,72,In Stock,2026-06-27,2026-08-06 01:40:20.449387
515,OFF-AR-10001315,5,Office Supply Warehouse,Chicago,305,71,In Stock,2026-08-03,2026-08-06 01:40:20.449387
516,OFF-AR-10001374,6,Office Supply Warehouse,Chicago,356,29,In Stock,2026-06-11,2026-08-06 01:40:20.449387
517,OFF-AR-10001419,7,Office Supply Warehouse,Chicago,159,48,In Stock,2026-06-26,2026-08-06 01:40:20.449387
518,OFF-AR-10001427,8,Office Supply Warehouse,Chicago,390,58,In Stock,2026-06-14,2026-08-06 01:40:20.449387
519,OFF-AR-10001446,9,Office Supply Warehouse,Chicago,273,33,In Stock,2026-07-01,2026-08-06 01:40:20.449387
520,OFF-AR-10001468,10,Office Supply Warehouse,Chicago,249,21,In Stock,2026-06-25,2026-08-06 01:40:20.449387
521,OFF-AR-10001473,11,Office Supply Warehouse,Chicago,399,36,In Stock,2026-08-06,2026-08-06 01:40:20.449387
522,OFF-AR-10001545,12,Office Supply Warehouse,Chicago,387,31,In Stock,2026-08-02,2026-08-06 01:40:20.449387
523,OFF-AR-10001547,13,Office Supply Warehouse,Chicago,358,21,In Stock,2026-07-23,2026-08-06 01:40:20.449387
524,OFF-AR-10001573,14,Office Supply Warehouse,Chicago,142,46,In Stock,2026-06-25,2026-08-06 01:40:20.449387
525,OFF-AR-10001615,15,Office Supply Warehouse,Chicago,306,36,In Stock,2026-07-26,2026-08-06 01:40:20.449387
526,OFF-AR-10001662,16,Office Supply Warehouse,Chicago,115,39,In Stock,2026-06-30,2026-08-06 01:40:20.449387
527,OFF-AR-10001683,17,Office Supply Warehouse,Chicago,100,21,In Stock,2026-06-30,2026-08-06 01:40:20.449387
528,OFF-AR-10001725,1,Office Supply Warehouse,Chicago,261,35,In Stock,2026-07-15,2026-08-06 01:40:20.449387
529,OFF-AR-10001761,2,Office Supply Warehouse,Chicago,403,78,In Stock,2026-07-12,2026-08-06 01:40:20.449387
530,OFF-AR-10001770,3,Office Supply Warehouse,Chicago,285,23,In Stock,2026-06-25,2026-08-06 01:40:20.449387
531,OFF-AR-10001860,4,Office Supply Warehouse,Chicago,157,30,In Stock,2026-06-18,2026-08-06 01:40:20.449387
532,OFF-AR-10001868,5,Office Supply Warehouse,Chicago,363,36,In Stock,2026-07-03,2026-08-06 01:40:20.449387
533,OFF-AR-10001897,6,Office Supply Warehouse,Chicago,334,35,In Stock,2026-06-23,2026-08-06 01:40:20.449387
534,OFF-AR-10001915,7,Office Supply Warehouse,Chicago,418,28,In Stock,2026-07-21,2026-08-06 01:40:20.449387
535,OFF-AR-10001919,8,Office Supply Warehouse,Chicago,445,31,In Stock,2026-07-14,2026-08-06 01:40:20.449387
536,OFF-AR-10001940,9,Office Supply Warehouse,Chicago,367,52,In Stock,2026-07-30,2026-08-06 01:40:20.449387
537,OFF-AR-10001953,10,Office Supply Warehouse,Chicago,465,65,In Stock,2026-06-27,2026-08-06 01:40:20.449387
538,OFF-AR-10001954,11,Office Supply Warehouse,Chicago,134,41,In Stock,2026-07-03,2026-08-06 01:40:20.449387
539,OFF-AR-10001955,12,Office Supply Warehouse,Chicago,387,50,In Stock,2026-07-07,2026-08-06 01:40:20.449387
540,OFF-AR-10001958,13,Office Supply Warehouse,Chicago,453,49,In Stock,2026-07-03,2026-08-06 01:40:20.449387
541,OFF-AR-10001972,14,Office Supply Warehouse,Chicago,148,26,In Stock,2026-07-05,2026-08-06 01:40:20.449387
542,OFF-AR-10001988,15,Office Supply Warehouse,Chicago,186,75,In Stock,2026-06-20,2026-08-06 01:40:20.449387
543,OFF-AR-10002053,16,Office Supply Warehouse,Chicago,225,47,In Stock,2026-08-05,2026-08-06 01:40:20.449387
544,OFF-AR-10002067,17,Office Supply Warehouse,Chicago,293,35,In Stock,2026-08-06,2026-08-06 01:40:20.449387
545,OFF-AR-10002135,1,Office Supply Warehouse,Chicago,110,24,In Stock,2026-07-01,2026-08-06 01:40:20.449387
546,OFF-AR-10002221,2,Office Supply Warehouse,Chicago,88,56,In Stock,2026-07-01,2026-08-06 01:40:20.449387
547,OFF-AR-10002240,3,Office Supply Warehouse,Chicago,216,58,In Stock,2026-07-18,2026-08-06 01:40:20.449387
548,OFF-AR-10002255,4,Office Supply Warehouse,Chicago,195,54,In Stock,2026-06-09,2026-08-06 01:40:20.449387
549,OFF-AR-10002257,5,Office Supply Warehouse,Chicago,131,38,In Stock,2026-06-11,2026-08-06 01:40:20.449387
550,OFF-AR-10002280,6,Office Supply Warehouse,Chicago,283,61,In Stock,2026-07-13,2026-08-06 01:40:20.449387
551,OFF-AR-10002335,7,Office Supply Warehouse,Chicago,131,68,In Stock,2026-07-09,2026-08-06 01:40:20.449387
552,OFF-AR-10002375,8,Office Supply Warehouse,Chicago,475,41,In Stock,2026-07-08,2026-08-06 01:40:20.449387
553,OFF-AR-10002399,9,Office Supply Warehouse,Chicago,218,38,In Stock,2026-06-16,2026-08-06 01:40:20.449387
554,OFF-AR-10002445,10,Office Supply Warehouse,Chicago,352,75,In Stock,2026-07-15,2026-08-06 01:40:20.449387
555,OFF-AR-10002467,11,Office Supply Warehouse,Chicago,345,45,In Stock,2026-07-16,2026-08-06 01:40:20.449387
556,OFF-AR-10002578,12,Office Supply Warehouse,Chicago,486,56,In Stock,2026-07-14,2026-08-06 01:40:20.449387
557,OFF-AR-10002656,13,Office Supply Warehouse,Chicago,160,20,In Stock,2026-07-19,2026-08-06 01:40:20.449387
558,OFF-AR-10002671,14,Office Supply Warehouse,Chicago,341,66,In Stock,2026-07-20,2026-08-06 01:40:20.449387
559,OFF-AR-10002704,15,Office Supply Warehouse,Chicago,116,76,In Stock,2026-07-31,2026-08-06 01:40:20.449387
560,OFF-AR-10002766,16,Office Supply Warehouse,Chicago,418,35,In Stock,2026-06-29,2026-08-06 01:40:20.449387
561,OFF-AR-10002804,17,Office Supply Warehouse,Chicago,110,48,In Stock,2026-06-11,2026-08-06 01:40:20.449387
562,OFF-AR-10002818,1,Office Supply Warehouse,Chicago,148,78,In Stock,2026-07-22,2026-08-06 01:40:20.449387
563,OFF-AR-10002833,2,Office Supply Warehouse,Chicago,372,67,In Stock,2026-06-30,2026-08-06 01:40:20.449387
564,OFF-AR-10002952,3,Office Supply Warehouse,Chicago,191,66,In Stock,2026-06-16,2026-08-06 01:40:20.449387
565,OFF-AR-10002956,4,Office Supply Warehouse,Chicago,186,38,In Stock,2026-07-10,2026-08-06 01:40:20.449387
566,OFF-AR-10002987,5,Office Supply Warehouse,Chicago,86,66,In Stock,2026-07-16,2026-08-06 01:40:20.449387
567,OFF-AR-10003045,6,Office Supply Warehouse,Chicago,66,68,Low Stock,2026-07-02,2026-08-06 01:40:20.449387
568,OFF-AR-10003056,7,Office Supply Warehouse,Chicago,479,80,In Stock,2026-07-02,2026-08-06 01:40:20.449387
569,OFF-AR-10003087,8,Office Supply Warehouse,Chicago,301,73,In Stock,2026-06-30,2026-08-06 01:40:20.449387
570,OFF-AR-10003156,9,Office Supply Warehouse,Chicago,475,64,In Stock,2026-07-20,2026-08-06 01:40:20.449387
571,OFF-AR-10003158,10,Office Supply Warehouse,Chicago,318,42,In Stock,2026-07-16,2026-08-06 01:40:20.449387
572,OFF-AR-10003179,11,Office Supply Warehouse,Chicago,193,31,In Stock,2026-07-17,2026-08-06 01:40:20.449387
573,OFF-AR-10003183,12,Office Supply Warehouse,Chicago,312,64,In Stock,2026-07-27,2026-08-06 01:40:20.449387
574,OFF-AR-10003190,13,Office Supply Warehouse,Chicago,342,48,In Stock,2026-06-29,2026-08-06 01:40:20.449387
575,OFF-AR-10003217,14,Office Supply Warehouse,Chicago,324,21,In Stock,2026-07-08,2026-08-06 01:40:20.449387
576,OFF-AR-10003251,15,Office Supply Warehouse,Chicago,283,65,In Stock,2026-07-07,2026-08-06 01:40:20.449387
577,OFF-AR-10003338,16,Office Supply Warehouse,Chicago,70,40,In Stock,2026-06-22,2026-08-06 01:40:20.449387
578,OFF-AR-10003373,17,Office Supply Warehouse,Chicago,399,64,In Stock,2026-07-08,2026-08-06 01:40:20.449387
579,OFF-AR-10003394,1,Office Supply Warehouse,Chicago,333,60,In Stock,2026-06-20,2026-08-06 01:40:20.449387
580,OFF-AR-10003405,2,Office Supply Warehouse,Chicago,208,52,In Stock,2026-07-27,2026-08-06 01:40:20.449387
581,OFF-AR-10003469,3,Office Supply Warehouse,Chicago,382,65,In Stock,2026-06-19,2026-08-06 01:40:20.449387
582,OFF-AR-10003477,4,Office Supply Warehouse,Chicago,312,37,In Stock,2026-06-10,2026-08-06 01:40:20.449387
583,OFF-AR-10003478,5,Office Supply Warehouse,Chicago,150,65,In Stock,2026-07-10,2026-08-06 01:40:20.449387
584,OFF-AR-10003481,6,Office Supply Warehouse,Chicago,285,45,In Stock,2026-07-26,2026-08-06 01:40:20.449387
585,OFF-AR-10003504,7,Office Supply Warehouse,Chicago,366,46,In Stock,2026-06-13,2026-08-06 01:40:20.449387
586,OFF-AR-10003514,8,Office Supply Warehouse,Chicago,121,46,In Stock,2026-07-17,2026-08-06 01:40:20.449387
587,OFF-AR-10003560,9,Office Supply Warehouse,Chicago,136,68,In Stock,2026-07-18,2026-08-06 01:40:20.449387
588,OFF-AR-10003582,10,Office Supply Warehouse,Chicago,356,26,In Stock,2026-08-05,2026-08-06 01:40:20.449387
589,OFF-AR-10003602,11,Office Supply Warehouse,Chicago,276,50,In Stock,2026-06-16,2026-08-06 01:40:20.449387
590,OFF-AR-10003631,12,Office Supply Warehouse,Chicago,285,50,In Stock,2026-06-10,2026-08-06 01:40:20.449387
591,OFF-AR-10003651,13,Office Supply Warehouse,Chicago,124,49,In Stock,2026-06-18,2026-08-06 01:40:20.449387
592,OFF-AR-10003696,14,Office Supply Warehouse,Chicago,125,49,In Stock,2026-07-23,2026-08-06 01:40:20.449387
593,OFF-AR-10003723,15,Office Supply Warehouse,Chicago,237,43,In Stock,2026-06-30,2026-08-06 01:40:20.449387
594,OFF-AR-10003727,16,Office Supply Warehouse,Chicago,60,50,In Stock,2026-06-14,2026-08-06 01:40:20.449387
595,OFF-AR-10003732,17,Office Supply Warehouse,Chicago,307,49,In Stock,2026-07-07,2026-08-06 01:40:20.449387
596,OFF-AR-10003752,1,Office Supply Warehouse,Chicago,125,33,In Stock,2026-07-21,2026-08-06 01:40:20.449387
597,OFF-AR-10003759,2,Office Supply Warehouse,Chicago,85,51,In Stock,2026-07-24,2026-08-06 01:40:20.449387
598,OFF-AR-10003770,3,Office Supply Warehouse,Chicago,297,58,In Stock,2026-06-18,2026-08-06 01:40:20.449387
599,OFF-AR-10003772,4,Office Supply Warehouse,Chicago,321,67,In Stock,2026-07-17,2026-08-06 01:40:20.449387
600,OFF-AR-10003811,5,Office Supply Warehouse,Chicago,201,71,In Stock,2026-08-06,2026-08-06 01:40:20.449387
601,OFF-AR-10003829,6,Office Supply Warehouse,Chicago,419,32,In Stock,2026-07-29,2026-08-06 01:40:20.449387
602,OFF-AR-10003856,7,Office Supply Warehouse,Chicago,71,70,In Stock,2026-06-29,2026-08-06 01:40:20.449387
603,OFF-AR-10003876,8,Office Supply Warehouse,Chicago,209,46,In Stock,2026-07-05,2026-08-06 01:40:20.449387
604,OFF-AR-10003896,9,Office Supply Warehouse,Chicago,99,39,In Stock,2026-07-30,2026-08-06 01:40:20.449387
605,OFF-AR-10003903,10,Office Supply Warehouse,Chicago,124,72,In Stock,2026-07-22,2026-08-06 01:40:20.449387
606,OFF-AR-10003958,11,Office Supply Warehouse,Chicago,386,35,In Stock,2026-08-05,2026-08-06 01:40:20.449387
607,OFF-AR-10003986,12,Office Supply Warehouse,Chicago,412,29,In Stock,2026-06-29,2026-08-06 01:40:20.449387
608,OFF-AR-10004010,13,Office Supply Warehouse,Chicago,58,45,In Stock,2026-06-12,2026-08-06 01:40:20.449387
609,OFF-AR-10004022,14,Office Supply Warehouse,Chicago,89,46,In Stock,2026-07-28,2026-08-06 01:40:20.449387
610,OFF-AR-10004027,15,Office Supply Warehouse,Chicago,97,35,In Stock,2026-07-03,2026-08-06 01:40:20.449387
611,OFF-AR-10004042,16,Office Supply Warehouse,Chicago,446,47,In Stock,2026-08-03,2026-08-06 01:40:20.449387
612,OFF-AR-10004062,17,Office Supply Warehouse,Chicago,291,32,In Stock,2026-06-13,2026-08-06 01:40:20.449387
613,OFF-AR-10004078,1,Office Supply Warehouse,Chicago,220,75,In Stock,2026-07-09,2026-08-06 01:40:20.449387
614,OFF-AR-10004165,2,Office Supply Warehouse,Chicago,237,58,In Stock,2026-06-08,2026-08-06 01:40:20.449387
615,OFF-AR-10004260,3,Office Supply Warehouse,Chicago,482,60,In Stock,2026-06-27,2026-08-06 01:40:20.449387
616,OFF-AR-10004269,4,Office Supply Warehouse,Chicago,476,79,In Stock,2026-07-04,2026-08-06 01:40:20.449387
617,OFF-AR-10004272,5,Office Supply Warehouse,Chicago,295,58,In Stock,2026-06-26,2026-08-06 01:40:20.449387
618,OFF-AR-10004344,6,Office Supply Warehouse,Chicago,224,44,In Stock,2026-07-21,2026-08-06 01:40:20.449387
619,OFF-AR-10004441,7,Office Supply Warehouse,Chicago,135,37,In Stock,2026-07-19,2026-08-06 01:40:20.449387
620,OFF-AR-10004456,8,Office Supply Warehouse,Chicago,324,27,In Stock,2026-06-20,2026-08-06 01:40:20.449387
621,OFF-AR-10004511,9,Office Supply Warehouse,Chicago,69,62,In Stock,2026-06-11,2026-08-06 01:40:20.449387
622,OFF-AR-10004582,10,Office Supply Warehouse,Chicago,342,32,In Stock,2026-07-09,2026-08-06 01:40:20.449387
623,OFF-AR-10004587,11,Office Supply Warehouse,Chicago,333,74,In Stock,2026-06-25,2026-08-06 01:40:20.449387
624,OFF-AR-10004602,12,Office Supply Warehouse,Chicago,459,80,In Stock,2026-07-04,2026-08-06 01:40:20.449387
625,OFF-AR-10004648,13,Office Supply Warehouse,Chicago,76,46,In Stock,2026-08-03,2026-08-06 01:40:20.449387
626,OFF-AR-10004685,14,Office Supply Warehouse,Chicago,235,39,In Stock,2026-08-04,2026-08-06 01:40:20.449387
627,OFF-AR-10004691,15,Office Supply Warehouse,Chicago,99,38,In Stock,2026-07-12,2026-08-06 01:40:20.449387
628,OFF-AR-10004707,16,Office Supply Warehouse,Chicago,307,26,In Stock,2026-07-15,2026-08-06 01:40:20.449387
629,OFF-AR-10004752,17,Office Supply Warehouse,Chicago,349,33,In Stock,2026-07-05,2026-08-06 01:40:20.449387
630,OFF-AR-10004757,1,Office Supply Warehouse,Chicago,436,78,In Stock,2026-07-06,2026-08-06 01:40:20.449387
631,OFF-AR-10004790,2,Office Supply Warehouse,Chicago,338,38,In Stock,2026-07-20,2026-08-06 01:40:20.449387
632,OFF-AR-10004817,3,Office Supply Warehouse,Chicago,435,66,In Stock,2026-06-27,2026-08-06 01:40:20.449387
633,OFF-AR-10004930,4,Office Supply Warehouse,Chicago,134,80,In Stock,2026-07-26,2026-08-06 01:40:20.449387
634,OFF-AR-10004956,5,Office Supply Warehouse,Chicago,136,30,In Stock,2026-07-01,2026-08-06 01:40:20.449387
635,OFF-AR-10004974,6,Office Supply Warehouse,Chicago,438,57,In Stock,2026-06-26,2026-08-06 01:40:20.449387
636,OFF-AR-10004999,7,Office Supply Warehouse,Chicago,479,48,In Stock,2026-07-14,2026-08-06 01:40:20.449387
637,OFF-BI-10000014,8,Office Supply Warehouse,Chicago,96,67,In Stock,2026-06-25,2026-08-06 01:40:20.449387
638,OFF-BI-10000042,9,Office Supply Warehouse,Chicago,191,74,In Stock,2026-06-10,2026-08-06 01:40:20.449387
639,OFF-BI-10000050,10,Office Supply Warehouse,Chicago,386,22,In Stock,2026-06-15,2026-08-06 01:40:20.449387
640,OFF-BI-10000069,11,Office Supply Warehouse,Chicago,427,27,In Stock,2026-07-12,2026-08-06 01:40:20.449387
641,OFF-BI-10000088,12,Office Supply Warehouse,Chicago,453,36,In Stock,2026-07-30,2026-08-06 01:40:20.449387
642,OFF-BI-10000136,13,Office Supply Warehouse,Chicago,116,23,In Stock,2026-07-09,2026-08-06 01:40:20.449387
643,OFF-BI-10000138,14,Office Supply Warehouse,Chicago,152,34,In Stock,2026-06-09,2026-08-06 01:40:20.449387
644,OFF-BI-10000145,15,Office Supply Warehouse,Chicago,260,43,In Stock,2026-07-09,2026-08-06 01:40:20.449387
645,OFF-BI-10000174,16,Office Supply Warehouse,Chicago,325,63,In Stock,2026-08-04,2026-08-06 01:40:20.449387
646,OFF-BI-10000201,17,Office Supply Warehouse,Chicago,388,52,In Stock,2026-07-31,2026-08-06 01:40:20.449387
647,OFF-BI-10000216,1,Office Supply Warehouse,Chicago,175,74,In Stock,2026-07-23,2026-08-06 01:40:20.449387
648,OFF-BI-10000279,2,Office Supply Warehouse,Chicago,129,78,In Stock,2026-06-30,2026-08-06 01:40:20.449387
649,OFF-BI-10000285,3,Office Supply Warehouse,Chicago,353,36,In Stock,2026-07-08,2026-08-06 01:40:20.449387
650,OFF-BI-10000301,4,Office Supply Warehouse,Chicago,312,53,In Stock,2026-06-14,2026-08-06 01:40:20.449387
651,OFF-BI-10000309,5,Office Supply Warehouse,Chicago,253,75,In Stock,2026-06-12,2026-08-06 01:40:20.449387
652,OFF-BI-10000315,6,Office Supply Warehouse,Chicago,59,80,Low Stock,2026-07-14,2026-08-06 01:40:20.449387
653,OFF-BI-10000320,7,Office Supply Warehouse,Chicago,232,52,In Stock,2026-07-20,2026-08-06 01:40:20.449387
654,OFF-BI-10000343,8,Office Supply Warehouse,Chicago,330,43,In Stock,2026-06-28,2026-08-06 01:40:20.449387
655,OFF-BI-10000404,9,Office Supply Warehouse,Chicago,415,44,In Stock,2026-07-20,2026-08-06 01:40:20.449387
656,OFF-BI-10000474,10,Office Supply Warehouse,Chicago,261,30,In Stock,2026-06-26,2026-08-06 01:40:20.449387
657,OFF-BI-10000494,11,Office Supply Warehouse,Chicago,245,64,In Stock,2026-07-23,2026-08-06 01:40:20.449387
658,OFF-BI-10000545,12,Office Supply Warehouse,Chicago,85,73,In Stock,2026-07-31,2026-08-06 01:40:20.449387
659,OFF-BI-10000546,13,Office Supply Warehouse,Chicago,276,45,In Stock,2026-07-11,2026-08-06 01:40:20.449387
660,OFF-BI-10000591,14,Office Supply Warehouse,Chicago,483,38,In Stock,2026-06-11,2026-08-06 01:40:20.449387
661,OFF-BI-10000605,15,Office Supply Warehouse,Chicago,382,44,In Stock,2026-06-12,2026-08-06 01:40:20.449387
662,OFF-BI-10000632,16,Office Supply Warehouse,Chicago,474,22,In Stock,2026-06-21,2026-08-06 01:40:20.449387
663,OFF-BI-10000666,17,Office Supply Warehouse,Chicago,343,62,In Stock,2026-07-10,2026-08-06 01:40:20.449387
664,OFF-BI-10000756,1,Office Supply Warehouse,Chicago,84,73,In Stock,2026-07-25,2026-08-06 01:40:20.449387
665,OFF-BI-10000773,2,Office Supply Warehouse,Chicago,124,47,In Stock,2026-07-16,2026-08-06 01:40:20.449387
666,OFF-BI-10000778,3,Office Supply Warehouse,Chicago,391,72,In Stock,2026-06-29,2026-08-06 01:40:20.449387
667,OFF-BI-10000822,4,Office Supply Warehouse,Chicago,75,58,In Stock,2026-06-10,2026-08-06 01:40:20.449387
668,OFF-BI-10000829,5,Office Supply Warehouse,Chicago,206,71,In Stock,2026-07-07,2026-08-06 01:40:20.449387
669,OFF-BI-10000831,6,Office Supply Warehouse,Chicago,110,63,In Stock,2026-06-22,2026-08-06 01:40:20.449387
670,OFF-BI-10000848,7,Office Supply Warehouse,Chicago,113,43,In Stock,2026-07-26,2026-08-06 01:40:20.449387
671,OFF-BI-10000948,8,Office Supply Warehouse,Chicago,312,73,In Stock,2026-06-20,2026-08-06 01:40:20.449387
672,OFF-BI-10000962,9,Office Supply Warehouse,Chicago,474,54,In Stock,2026-06-14,2026-08-06 01:40:20.449387
673,OFF-BI-10000977,10,Office Supply Warehouse,Chicago,469,74,In Stock,2026-07-10,2026-08-06 01:40:20.449387
674,OFF-BI-10001031,11,Office Supply Warehouse,Chicago,95,27,In Stock,2026-06-11,2026-08-06 01:40:20.449387
675,OFF-BI-10001036,12,Office Supply Warehouse,Chicago,441,30,In Stock,2026-08-04,2026-08-06 01:40:20.449387
676,OFF-BI-10001071,13,Office Supply Warehouse,Chicago,354,71,In Stock,2026-07-26,2026-08-06 01:40:20.449387
677,OFF-BI-10001072,14,Office Supply Warehouse,Chicago,447,50,In Stock,2026-06-11,2026-08-06 01:40:20.449387
678,OFF-BI-10001078,15,Office Supply Warehouse,Chicago,378,41,In Stock,2026-07-12,2026-08-06 01:40:20.449387
679,OFF-BI-10001097,16,Office Supply Warehouse,Chicago,205,39,In Stock,2026-06-09,2026-08-06 01:40:20.449387
680,OFF-BI-10001098,17,Office Supply Warehouse,Chicago,337,64,In Stock,2026-07-14,2026-08-06 01:40:20.449387
681,OFF-BI-10001107,1,Office Supply Warehouse,Chicago,254,26,In Stock,2026-07-26,2026-08-06 01:40:20.449387
682,OFF-BI-10001116,2,Office Supply Warehouse,Chicago,251,70,In Stock,2026-07-09,2026-08-06 01:40:20.449387
683,OFF-BI-10001120,3,Office Supply Warehouse,Chicago,358,55,In Stock,2026-06-17,2026-08-06 01:40:20.449387
684,OFF-BI-10001132,4,Office Supply Warehouse,Chicago,71,42,In Stock,2026-07-18,2026-08-06 01:40:20.449387
685,OFF-BI-10001153,5,Office Supply Warehouse,Chicago,205,65,In Stock,2026-07-18,2026-08-06 01:40:20.449387
686,OFF-BI-10001191,6,Office Supply Warehouse,Chicago,165,72,In Stock,2026-06-30,2026-08-06 01:40:20.449387
687,OFF-BI-10001196,7,Office Supply Warehouse,Chicago,323,70,In Stock,2026-06-29,2026-08-06 01:40:20.449387
688,OFF-BI-10001249,8,Office Supply Warehouse,Chicago,298,28,In Stock,2026-07-13,2026-08-06 01:40:20.449387
689,OFF-BI-10001267,9,Office Supply Warehouse,Chicago,424,65,In Stock,2026-07-10,2026-08-06 01:40:20.449387
690,OFF-BI-10001294,10,Office Supply Warehouse,Chicago,464,48,In Stock,2026-07-10,2026-08-06 01:40:20.449387
691,OFF-BI-10001308,11,Office Supply Warehouse,Chicago,497,26,In Stock,2026-07-11,2026-08-06 01:40:20.449387
692,OFF-BI-10001359,12,Office Supply Warehouse,Chicago,191,45,In Stock,2026-07-24,2026-08-06 01:40:20.449387
693,OFF-BI-10001460,13,Office Supply Warehouse,Chicago,174,77,In Stock,2026-07-06,2026-08-06 01:40:20.449387
694,OFF-BI-10001510,14,Office Supply Warehouse,Chicago,288,30,In Stock,2026-06-22,2026-08-06 01:40:20.449387
695,OFF-BI-10001524,15,Office Supply Warehouse,Chicago,265,63,In Stock,2026-06-15,2026-08-06 01:40:20.449387
696,OFF-BI-10001525,16,Office Supply Warehouse,Chicago,454,54,In Stock,2026-07-01,2026-08-06 01:40:20.449387
697,OFF-BI-10001543,17,Office Supply Warehouse,Chicago,412,76,In Stock,2026-07-22,2026-08-06 01:40:20.449387
698,OFF-BI-10001553,1,Office Supply Warehouse,Chicago,95,33,In Stock,2026-06-30,2026-08-06 01:40:20.449387
699,OFF-BI-10001575,2,Office Supply Warehouse,Chicago,64,59,In Stock,2026-07-11,2026-08-06 01:40:20.449387
700,OFF-BI-10001597,3,Office Supply Warehouse,Chicago,165,59,In Stock,2026-06-13,2026-08-06 01:40:20.449387
701,OFF-BI-10001617,4,Office Supply Warehouse,Chicago,75,46,In Stock,2026-06-26,2026-08-06 01:40:20.449387
702,OFF-BI-10001628,5,Office Supply Warehouse,Chicago,187,34,In Stock,2026-06-27,2026-08-06 01:40:20.449387
703,OFF-BI-10001634,6,Office Supply Warehouse,Chicago,406,74,In Stock,2026-07-02,2026-08-06 01:40:20.449387
704,OFF-BI-10001636,7,Office Supply Warehouse,Chicago,149,31,In Stock,2026-07-02,2026-08-06 01:40:20.449387
705,OFF-BI-10001658,8,Office Supply Warehouse,Chicago,212,25,In Stock,2026-08-03,2026-08-06 01:40:20.449387
706,OFF-BI-10001670,9,Office Supply Warehouse,Chicago,469,78,In Stock,2026-07-29,2026-08-06 01:40:20.449387
707,OFF-BI-10001679,10,Office Supply Warehouse,Chicago,345,76,In Stock,2026-07-12,2026-08-06 01:40:20.449387
708,OFF-BI-10001718,11,Office Supply Warehouse,Chicago,126,71,In Stock,2026-06-27,2026-08-06 01:40:20.449387
709,OFF-BI-10001721,12,Office Supply Warehouse,Chicago,349,80,In Stock,2026-06-23,2026-08-06 01:40:20.449387
710,OFF-BI-10001757,13,Office Supply Warehouse,Chicago,368,22,In Stock,2026-08-06,2026-08-06 01:40:20.449387
711,OFF-BI-10001758,14,Office Supply Warehouse,Chicago,121,24,In Stock,2026-06-21,2026-08-06 01:40:20.449387
712,OFF-BI-10001759,15,Office Supply Warehouse,Chicago,266,78,In Stock,2026-06-12,2026-08-06 01:40:20.449387
713,OFF-BI-10001765,16,Office Supply Warehouse,Chicago,386,73,In Stock,2026-06-25,2026-08-06 01:40:20.449387
714,OFF-BI-10001787,17,Office Supply Warehouse,Chicago,311,43,In Stock,2026-06-10,2026-08-06 01:40:20.449387
715,OFF-BI-10001890,1,Office Supply Warehouse,Chicago,358,47,In Stock,2026-07-14,2026-08-06 01:40:20.449387
716,OFF-BI-10001900,2,Office Supply Warehouse,Chicago,382,47,In Stock,2026-07-12,2026-08-06 01:40:20.449387
717,OFF-BI-10001922,3,Office Supply Warehouse,Chicago,346,57,In Stock,2026-08-05,2026-08-06 01:40:20.449387
718,OFF-BI-10001982,4,Office Supply Warehouse,Chicago,95,38,In Stock,2026-07-13,2026-08-06 01:40:20.449387
719,OFF-BI-10001989,5,Office Supply Warehouse,Chicago,299,54,In Stock,2026-07-23,2026-08-06 01:40:20.449387
720,OFF-BI-10002003,6,Office Supply Warehouse,Chicago,132,50,In Stock,2026-06-15,2026-08-06 01:40:20.449387
721,OFF-BI-10002012,7,Office Supply Warehouse,Chicago,407,57,In Stock,2026-07-05,2026-08-06 01:40:20.449387
722,OFF-BI-10002026,8,Office Supply Warehouse,Chicago,291,25,In Stock,2026-07-15,2026-08-06 01:40:20.449387
723,OFF-BI-10002049,9,Office Supply Warehouse,Chicago,482,71,In Stock,2026-06-15,2026-08-06 01:40:20.449387
724,OFF-BI-10002071,10,Office Supply Warehouse,Chicago,380,67,In Stock,2026-07-19,2026-08-06 01:40:20.449387
725,OFF-BI-10002072,11,Office Supply Warehouse,Chicago,382,37,In Stock,2026-06-20,2026-08-06 01:40:20.449387
726,OFF-BI-10002082,12,Office Supply Warehouse,Chicago,359,57,In Stock,2026-06-12,2026-08-06 01:40:20.449387
727,OFF-BI-10002103,13,Office Supply Warehouse,Chicago,405,74,In Stock,2026-06-24,2026-08-06 01:40:20.449387
728,OFF-BI-10002133,14,Office Supply Warehouse,Chicago,157,75,In Stock,2026-06-09,2026-08-06 01:40:20.449387
729,OFF-BI-10002160,15,Office Supply Warehouse,Chicago,148,75,In Stock,2026-07-04,2026-08-06 01:40:20.449387
730,OFF-BI-10002194,16,Office Supply Warehouse,Chicago,350,43,In Stock,2026-07-14,2026-08-06 01:40:20.449387
731,OFF-BI-10002215,17,Office Supply Warehouse,Chicago,449,44,In Stock,2026-07-21,2026-08-06 01:40:20.449387
732,OFF-BI-10002225,1,Office Supply Warehouse,Chicago,388,24,In Stock,2026-07-29,2026-08-06 01:40:20.449387
733,OFF-BI-10002309,2,Office Supply Warehouse,Chicago,266,65,In Stock,2026-07-20,2026-08-06 01:40:20.449387
734,OFF-BI-10002353,3,Office Supply Warehouse,Chicago,192,53,In Stock,2026-07-04,2026-08-06 01:40:20.449387
735,OFF-BI-10002393,4,Office Supply Warehouse,Chicago,239,74,In Stock,2026-07-12,2026-08-06 01:40:20.449387
736,OFF-BI-10002412,5,Office Supply Warehouse,Chicago,133,58,In Stock,2026-07-05,2026-08-06 01:40:20.449387
737,OFF-BI-10002414,6,Office Supply Warehouse,Chicago,207,75,In Stock,2026-07-02,2026-08-06 01:40:20.449387
738,OFF-BI-10002429,7,Office Supply Warehouse,Chicago,292,74,In Stock,2026-07-19,2026-08-06 01:40:20.449387
739,OFF-BI-10002432,8,Office Supply Warehouse,Chicago,422,66,In Stock,2026-07-10,2026-08-06 01:40:20.449387
740,OFF-BI-10002437,9,Office Supply Warehouse,Chicago,201,72,In Stock,2026-08-06,2026-08-06 01:40:20.449387
741,OFF-BI-10002498,10,Office Supply Warehouse,Chicago,150,43,In Stock,2026-06-13,2026-08-06 01:40:20.449387
742,OFF-BI-10002557,11,Office Supply Warehouse,Chicago,389,33,In Stock,2026-06-19,2026-08-06 01:40:20.449387
743,OFF-BI-10002571,12,Office Supply Warehouse,Chicago,377,25,In Stock,2026-07-22,2026-08-06 01:40:20.449387
744,OFF-BI-10002609,13,Office Supply Warehouse,Chicago,169,65,In Stock,2026-07-07,2026-08-06 01:40:20.449387
745,OFF-BI-10002706,14,Office Supply Warehouse,Chicago,444,32,In Stock,2026-07-31,2026-08-06 01:40:20.449387
746,OFF-BI-10002735,15,Office Supply Warehouse,Chicago,92,69,In Stock,2026-07-02,2026-08-06 01:40:20.449387
747,OFF-BI-10002764,16,Office Supply Warehouse,Chicago,157,56,In Stock,2026-07-29,2026-08-06 01:40:20.449387
748,OFF-BI-10002794,17,Office Supply Warehouse,Chicago,426,26,In Stock,2026-07-15,2026-08-06 01:40:20.449387
749,OFF-BI-10002799,1,Office Supply Warehouse,Chicago,246,36,In Stock,2026-07-24,2026-08-06 01:40:20.449387
750,OFF-BI-10002813,2,Office Supply Warehouse,Chicago,179,25,In Stock,2026-06-24,2026-08-06 01:40:20.449387
751,OFF-BI-10002824,3,Office Supply Warehouse,Chicago,330,80,In Stock,2026-06-30,2026-08-06 01:40:20.449387
752,OFF-BI-10002827,4,Office Supply Warehouse,Chicago,238,36,In Stock,2026-07-18,2026-08-06 01:40:20.449387
753,OFF-BI-10002852,5,Office Supply Warehouse,Chicago,325,37,In Stock,2026-07-25,2026-08-06 01:40:20.449387
754,OFF-BI-10002854,6,Office Supply Warehouse,Chicago,179,46,In Stock,2026-07-15,2026-08-06 01:40:20.449387
755,OFF-BI-10002867,7,Office Supply Warehouse,Chicago,290,74,In Stock,2026-06-26,2026-08-06 01:40:20.449387
756,OFF-BI-10002897,8,Office Supply Warehouse,Chicago,282,30,In Stock,2026-07-23,2026-08-06 01:40:20.449387
757,OFF-BI-10002931,9,Office Supply Warehouse,Chicago,483,71,In Stock,2026-07-29,2026-08-06 01:40:20.449387
758,OFF-BI-10002949,10,Office Supply Warehouse,Chicago,388,78,In Stock,2026-06-16,2026-08-06 01:40:20.449387
759,OFF-BI-10002954,11,Office Supply Warehouse,Chicago,341,72,In Stock,2026-07-09,2026-08-06 01:40:20.449387
760,OFF-BI-10002976,12,Office Supply Warehouse,Chicago,226,26,In Stock,2026-07-20,2026-08-06 01:40:20.449387
761,OFF-BI-10002982,13,Office Supply Warehouse,Chicago,169,47,In Stock,2026-06-11,2026-08-06 01:40:20.449387
762,OFF-BI-10003007,14,Office Supply Warehouse,Chicago,298,72,In Stock,2026-07-14,2026-08-06 01:40:20.449387
763,OFF-BI-10003091,15,Office Supply Warehouse,Chicago,300,21,In Stock,2026-07-12,2026-08-06 01:40:20.449387
764,OFF-BI-10003094,16,Office Supply Warehouse,Chicago,218,76,In Stock,2026-07-21,2026-08-06 01:40:20.449387
765,OFF-BI-10003166,17,Office Supply Warehouse,Chicago,465,63,In Stock,2026-06-18,2026-08-06 01:40:20.449387
766,OFF-BI-10003196,1,Office Supply Warehouse,Chicago,77,50,In Stock,2026-07-26,2026-08-06 01:40:20.449387
767,OFF-BI-10003274,2,Office Supply Warehouse,Chicago,216,60,In Stock,2026-06-13,2026-08-06 01:40:20.449387
768,OFF-BI-10003291,3,Office Supply Warehouse,Chicago,128,26,In Stock,2026-06-21,2026-08-06 01:40:20.449387
769,OFF-BI-10003305,4,Office Supply Warehouse,Chicago,434,80,In Stock,2026-07-29,2026-08-06 01:40:20.449387
770,OFF-BI-10003314,5,Office Supply Warehouse,Chicago,353,64,In Stock,2026-07-03,2026-08-06 01:40:20.449387
771,OFF-BI-10003350,6,Office Supply Warehouse,Chicago,151,46,In Stock,2026-07-10,2026-08-06 01:40:20.449387
772,OFF-BI-10003355,7,Office Supply Warehouse,Chicago,216,44,In Stock,2026-07-18,2026-08-06 01:40:20.449387
773,OFF-BI-10003364,8,Office Supply Warehouse,Chicago,405,75,In Stock,2026-06-18,2026-08-06 01:40:20.449387
774,OFF-BI-10003429,9,Office Supply Warehouse,Chicago,327,77,In Stock,2026-06-12,2026-08-06 01:40:20.449387
775,OFF-BI-10003460,10,Office Supply Warehouse,Chicago,312,75,In Stock,2026-07-23,2026-08-06 01:40:20.449387
776,OFF-BI-10003476,11,Office Supply Warehouse,Chicago,329,39,In Stock,2026-07-02,2026-08-06 01:40:20.449387
777,OFF-BI-10003527,12,Office Supply Warehouse,Chicago,165,78,In Stock,2026-08-05,2026-08-06 01:40:20.449387
778,OFF-BI-10003529,13,Office Supply Warehouse,Chicago,451,70,In Stock,2026-07-06,2026-08-06 01:40:20.449387
779,OFF-BI-10003638,14,Office Supply Warehouse,Chicago,262,42,In Stock,2026-08-02,2026-08-06 01:40:20.449387
780,OFF-BI-10003650,15,Office Supply Warehouse,Chicago,326,53,In Stock,2026-06-13,2026-08-06 01:40:20.449387
781,OFF-BI-10003655,16,Office Supply Warehouse,Chicago,200,56,In Stock,2026-06-17,2026-08-06 01:40:20.449387
782,OFF-BI-10003656,17,Office Supply Warehouse,Chicago,391,59,In Stock,2026-06-14,2026-08-06 01:40:20.449387
783,OFF-BI-10003669,1,Office Supply Warehouse,Chicago,72,30,In Stock,2026-06-13,2026-08-06 01:40:20.449387
784,OFF-BI-10003676,2,Office Supply Warehouse,Chicago,156,74,In Stock,2026-06-14,2026-08-06 01:40:20.449387
785,OFF-BI-10003684,3,Office Supply Warehouse,Chicago,195,23,In Stock,2026-07-15,2026-08-06 01:40:20.449387
786,OFF-BI-10003694,4,Office Supply Warehouse,Chicago,215,80,In Stock,2026-06-08,2026-08-06 01:40:20.449387
787,OFF-BI-10003707,5,Office Supply Warehouse,Chicago,109,71,In Stock,2026-07-24,2026-08-06 01:40:20.449387
788,OFF-BI-10003708,6,Office Supply Warehouse,Chicago,396,68,In Stock,2026-07-19,2026-08-06 01:40:20.449387
789,OFF-BI-10003712,7,Office Supply Warehouse,Chicago,241,46,In Stock,2026-08-01,2026-08-06 01:40:20.449387
790,OFF-BI-10003718,8,Office Supply Warehouse,Chicago,181,20,In Stock,2026-06-30,2026-08-06 01:40:20.449387
791,OFF-BI-10003719,9,Office Supply Warehouse,Chicago,334,79,In Stock,2026-07-19,2026-08-06 01:40:20.449387
792,OFF-BI-10003727,10,Office Supply Warehouse,Chicago,273,41,In Stock,2026-07-27,2026-08-06 01:40:20.449387
793,OFF-BI-10003784,11,Office Supply Warehouse,Chicago,285,33,In Stock,2026-07-02,2026-08-06 01:40:20.449387
794,OFF-BI-10003876,12,Office Supply Warehouse,Chicago,233,39,In Stock,2026-06-21,2026-08-06 01:40:20.449387
795,OFF-BI-10003910,13,Office Supply Warehouse,Chicago,102,65,In Stock,2026-06-27,2026-08-06 01:40:20.449387
796,OFF-BI-10003925,14,Office Supply Warehouse,Chicago,378,65,In Stock,2026-08-05,2026-08-06 01:40:20.449387
797,OFF-BI-10003963,15,Office Supply Warehouse,Chicago,301,52,In Stock,2026-06-21,2026-08-06 01:40:20.449387
798,OFF-BI-10003981,16,Office Supply Warehouse,Chicago,282,40,In Stock,2026-07-17,2026-08-06 01:40:20.449387
799,OFF-BI-10003982,17,Office Supply Warehouse,Chicago,416,59,In Stock,2026-06-21,2026-08-06 01:40:20.449387
800,OFF-BI-10003984,1,Office Supply Warehouse,Chicago,263,27,In Stock,2026-08-06,2026-08-06 01:40:20.449387
801,OFF-BI-10004001,2,Office Supply Warehouse,Chicago,253,60,In Stock,2026-07-13,2026-08-06 01:40:20.449387
802,OFF-BI-10004002,3,Office Supply Warehouse,Chicago,50,48,In Stock,2026-07-26,2026-08-06 01:40:20.449387
803,OFF-BI-10004022,4,Office Supply Warehouse,Chicago,179,24,In Stock,2026-06-18,2026-08-06 01:40:20.449387
804,OFF-BI-10004040,5,Office Supply Warehouse,Chicago,463,41,In Stock,2026-07-15,2026-08-06 01:40:20.449387
805,OFF-BI-10004094,6,Office Supply Warehouse,Chicago,70,68,In Stock,2026-07-25,2026-08-06 01:40:20.449387
806,OFF-BI-10004099,7,Office Supply Warehouse,Chicago,123,53,In Stock,2026-07-25,2026-08-06 01:40:20.449387
807,OFF-BI-10004139,8,Office Supply Warehouse,Chicago,243,53,In Stock,2026-07-08,2026-08-06 01:40:20.449387
808,OFF-BI-10004140,9,Office Supply Warehouse,Chicago,70,56,In Stock,2026-06-16,2026-08-06 01:40:20.449387
809,OFF-BI-10004141,10,Office Supply Warehouse,Chicago,377,42,In Stock,2026-06-22,2026-08-06 01:40:20.449387
810,OFF-BI-10004182,11,Office Supply Warehouse,Chicago,310,23,In Stock,2026-06-09,2026-08-06 01:40:20.449387
811,OFF-BI-10004187,12,Office Supply Warehouse,Chicago,179,46,In Stock,2026-06-24,2026-08-06 01:40:20.449387
812,OFF-BI-10004209,13,Office Supply Warehouse,Chicago,441,23,In Stock,2026-06-11,2026-08-06 01:40:20.449387
813,OFF-BI-10004224,14,Office Supply Warehouse,Chicago,166,39,In Stock,2026-07-14,2026-08-06 01:40:20.449387
814,OFF-BI-10004230,15,Office Supply Warehouse,Chicago,422,65,In Stock,2026-06-19,2026-08-06 01:40:20.449387
815,OFF-BI-10004233,16,Office Supply Warehouse,Chicago,198,41,In Stock,2026-08-05,2026-08-06 01:40:20.449387
816,OFF-BI-10004236,17,Office Supply Warehouse,Chicago,96,20,In Stock,2026-08-03,2026-08-06 01:40:20.449387
817,OFF-BI-10004308,1,Office Supply Warehouse,Chicago,439,38,In Stock,2026-06-14,2026-08-06 01:40:20.449387
818,OFF-BI-10004318,2,Office Supply Warehouse,Chicago,125,76,In Stock,2026-07-29,2026-08-06 01:40:20.449387
819,OFF-BI-10004330,3,Office Supply Warehouse,Chicago,264,77,In Stock,2026-07-01,2026-08-06 01:40:20.449387
820,OFF-BI-10004352,4,Office Supply Warehouse,Chicago,286,46,In Stock,2026-07-29,2026-08-06 01:40:20.449387
821,OFF-BI-10004364,5,Office Supply Warehouse,Chicago,217,22,In Stock,2026-07-06,2026-08-06 01:40:20.449387
822,OFF-BI-10004390,6,Office Supply Warehouse,Chicago,291,47,In Stock,2026-06-12,2026-08-06 01:40:20.449387
823,OFF-BI-10004410,7,Office Supply Warehouse,Chicago,299,38,In Stock,2026-07-24,2026-08-06 01:40:20.449387
824,OFF-BI-10004465,8,Office Supply Warehouse,Chicago,230,39,In Stock,2026-06-15,2026-08-06 01:40:20.449387
825,OFF-BI-10004492,9,Office Supply Warehouse,Chicago,184,28,In Stock,2026-06-19,2026-08-06 01:40:20.449387
826,OFF-BI-10004506,10,Office Supply Warehouse,Chicago,364,55,In Stock,2026-07-13,2026-08-06 01:40:20.449387
827,OFF-BI-10004519,11,Office Supply Warehouse,Chicago,331,21,In Stock,2026-07-15,2026-08-06 01:40:20.449387
828,OFF-BI-10004528,12,Office Supply Warehouse,Chicago,89,73,In Stock,2026-08-05,2026-08-06 01:40:20.449387
829,OFF-BI-10004584,13,Office Supply Warehouse,Chicago,172,72,In Stock,2026-07-25,2026-08-06 01:40:20.449387
830,OFF-BI-10004593,14,Office Supply Warehouse,Chicago,447,79,In Stock,2026-06-19,2026-08-06 01:40:20.449387
831,OFF-BI-10004600,15,Office Supply Warehouse,Chicago,252,72,In Stock,2026-07-09,2026-08-06 01:40:20.449387
832,OFF-BI-10004632,16,Office Supply Warehouse,Chicago,138,24,In Stock,2026-07-21,2026-08-06 01:40:20.449387
833,OFF-BI-10004654,17,Office Supply Warehouse,Chicago,270,34,In Stock,2026-07-08,2026-08-06 01:40:20.449387
834,OFF-BI-10004656,1,Office Supply Warehouse,Chicago,134,53,In Stock,2026-07-02,2026-08-06 01:40:20.449387
835,OFF-BI-10004716,2,Office Supply Warehouse,Chicago,497,79,In Stock,2026-07-03,2026-08-06 01:40:20.449387
836,OFF-BI-10004728,3,Office Supply Warehouse,Chicago,71,29,In Stock,2026-08-01,2026-08-06 01:40:20.449387
837,OFF-BI-10004738,4,Office Supply Warehouse,Chicago,196,72,In Stock,2026-07-21,2026-08-06 01:40:20.449387
838,OFF-BI-10004781,5,Office Supply Warehouse,Chicago,235,66,In Stock,2026-06-17,2026-08-06 01:40:20.449387
839,OFF-BI-10004817,6,Office Supply Warehouse,Chicago,480,49,In Stock,2026-06-14,2026-08-06 01:40:20.449387
840,OFF-BI-10004826,7,Office Supply Warehouse,Chicago,327,78,In Stock,2026-07-12,2026-08-06 01:40:20.449387
841,OFF-BI-10004828,8,Office Supply Warehouse,Chicago,104,66,In Stock,2026-07-26,2026-08-06 01:40:20.449387
842,OFF-BI-10004876,9,Office Supply Warehouse,Chicago,352,25,In Stock,2026-07-25,2026-08-06 01:40:20.449387
843,OFF-BI-10004965,10,Office Supply Warehouse,Chicago,386,39,In Stock,2026-07-04,2026-08-06 01:40:20.449387
844,OFF-BI-10004967,11,Office Supply Warehouse,Chicago,450,70,In Stock,2026-06-11,2026-08-06 01:40:20.449387
845,OFF-BI-10004970,12,Office Supply Warehouse,Chicago,334,65,In Stock,2026-08-05,2026-08-06 01:40:20.449387
846,OFF-BI-10004995,13,Office Supply Warehouse,Chicago,398,70,In Stock,2026-08-01,2026-08-06 01:40:20.449387
847,OFF-EN-10000056,14,Office Supply Warehouse,Chicago,90,54,In Stock,2026-07-05,2026-08-06 01:40:20.449387
848,OFF-EN-10000461,15,Office Supply Warehouse,Chicago,220,29,In Stock,2026-07-08,2026-08-06 01:40:20.449387
849,OFF-EN-10000483,16,Office Supply Warehouse,Chicago,145,55,In Stock,2026-07-03,2026-08-06 01:40:20.449387
850,OFF-EN-10000781,17,Office Supply Warehouse,Chicago,214,59,In Stock,2026-06-29,2026-08-06 01:40:20.449387
851,OFF-EN-10000927,1,Office Supply Warehouse,Chicago,117,24,In Stock,2026-07-26,2026-08-06 01:40:20.449387
852,OFF-EN-10001028,2,Office Supply Warehouse,Chicago,462,60,In Stock,2026-07-02,2026-08-06 01:40:20.449387
853,OFF-EN-10001099,3,Office Supply Warehouse,Chicago,500,72,In Stock,2026-07-07,2026-08-06 01:40:20.449387
854,OFF-EN-10001137,4,Office Supply Warehouse,Chicago,424,65,In Stock,2026-08-01,2026-08-06 01:40:20.449387
855,OFF-EN-10001141,5,Office Supply Warehouse,Chicago,259,45,In Stock,2026-06-18,2026-08-06 01:40:20.449387
856,OFF-EN-10001219,6,Office Supply Warehouse,Chicago,132,33,In Stock,2026-06-10,2026-08-06 01:40:20.449387
857,OFF-EN-10001335,7,Office Supply Warehouse,Chicago,264,72,In Stock,2026-07-11,2026-08-06 01:40:20.449387
858,OFF-EN-10001415,8,Office Supply Warehouse,Chicago,337,36,In Stock,2026-06-18,2026-08-06 01:40:20.449387
859,OFF-EN-10001434,9,Office Supply Warehouse,Chicago,473,31,In Stock,2026-06-15,2026-08-06 01:40:20.449387
860,OFF-EN-10001453,10,Office Supply Warehouse,Chicago,58,51,In Stock,2026-06-28,2026-08-06 01:40:20.449387
861,OFF-EN-10001509,11,Office Supply Warehouse,Chicago,335,46,In Stock,2026-07-09,2026-08-06 01:40:20.449387
862,OFF-EN-10001532,12,Office Supply Warehouse,Chicago,397,55,In Stock,2026-06-18,2026-08-06 01:40:20.449387
863,OFF-EN-10001535,13,Office Supply Warehouse,Chicago,279,58,In Stock,2026-06-20,2026-08-06 01:40:20.449387
864,OFF-EN-10001539,14,Office Supply Warehouse,Chicago,490,29,In Stock,2026-07-09,2026-08-06 01:40:20.449387
865,OFF-EN-10001749,15,Office Supply Warehouse,Chicago,176,63,In Stock,2026-06-15,2026-08-06 01:40:20.449387
866,OFF-EN-10001990,16,Office Supply Warehouse,Chicago,258,72,In Stock,2026-06-17,2026-08-06 01:40:20.449387
867,OFF-EN-10002230,17,Office Supply Warehouse,Chicago,75,53,In Stock,2026-06-10,2026-08-06 01:40:20.449387
868,OFF-EN-10002312,1,Office Supply Warehouse,Chicago,500,21,In Stock,2026-07-17,2026-08-06 01:40:20.449387
869,OFF-EN-10002500,2,Office Supply Warehouse,Chicago,397,25,In Stock,2026-08-04,2026-08-06 01:40:20.449387
870,OFF-EN-10002504,3,Office Supply Warehouse,Chicago,244,25,In Stock,2026-06-10,2026-08-06 01:40:20.449387
871,OFF-EN-10002592,4,Office Supply Warehouse,Chicago,361,64,In Stock,2026-06-15,2026-08-06 01:40:20.449387
872,OFF-EN-10002600,5,Office Supply Warehouse,Chicago,73,25,In Stock,2026-06-27,2026-08-06 01:40:20.449387
873,OFF-EN-10002621,6,Office Supply Warehouse,Chicago,125,69,In Stock,2026-07-08,2026-08-06 01:40:20.449387
874,OFF-EN-10002831,7,Office Supply Warehouse,Chicago,475,58,In Stock,2026-07-20,2026-08-06 01:40:20.449387
875,OFF-EN-10002973,8,Office Supply Warehouse,Chicago,116,33,In Stock,2026-06-13,2026-08-06 01:40:20.449387
876,OFF-EN-10002986,9,Office Supply Warehouse,Chicago,263,30,In Stock,2026-06-29,2026-08-06 01:40:20.449387
877,OFF-EN-10003001,10,Office Supply Warehouse,Chicago,119,59,In Stock,2026-07-29,2026-08-06 01:40:20.449387
878,OFF-EN-10003040,11,Office Supply Warehouse,Chicago,184,50,In Stock,2026-06-12,2026-08-06 01:40:20.449387
879,OFF-EN-10003055,12,Office Supply Warehouse,Chicago,340,59,In Stock,2026-06-10,2026-08-06 01:40:20.449387
880,OFF-EN-10003068,13,Office Supply Warehouse,Chicago,273,60,In Stock,2026-07-18,2026-08-06 01:40:20.449387
881,OFF-EN-10003072,14,Office Supply Warehouse,Chicago,162,61,In Stock,2026-06-09,2026-08-06 01:40:20.449387
882,OFF-EN-10003134,15,Office Supply Warehouse,Chicago,458,42,In Stock,2026-06-19,2026-08-06 01:40:20.449387
883,OFF-EN-10003160,16,Office Supply Warehouse,Chicago,223,38,In Stock,2026-07-02,2026-08-06 01:40:20.449387
884,OFF-EN-10003286,17,Office Supply Warehouse,Chicago,127,22,In Stock,2026-07-23,2026-08-06 01:40:20.449387
885,OFF-EN-10003296,1,Office Supply Warehouse,Chicago,78,44,In Stock,2026-07-07,2026-08-06 01:40:20.449387
886,OFF-EN-10003448,2,Office Supply Warehouse,Chicago,200,74,In Stock,2026-07-16,2026-08-06 01:40:20.449387
887,OFF-EN-10003567,3,Office Supply Warehouse,Chicago,264,20,In Stock,2026-06-14,2026-08-06 01:40:20.449387
888,OFF-EN-10003798,4,Office Supply Warehouse,Chicago,321,64,In Stock,2026-06-17,2026-08-06 01:40:20.449387
889,OFF-EN-10003845,5,Office Supply Warehouse,Chicago,303,74,In Stock,2026-06-20,2026-08-06 01:40:20.449387
890,OFF-EN-10003862,6,Office Supply Warehouse,Chicago,138,35,In Stock,2026-08-05,2026-08-06 01:40:20.449387
891,OFF-EN-10004007,7,Office Supply Warehouse,Chicago,365,36,In Stock,2026-07-12,2026-08-06 01:40:20.449387
892,OFF-EN-10004030,8,Office Supply Warehouse,Chicago,356,28,In Stock,2026-06-15,2026-08-06 01:40:20.449387
893,OFF-EN-10004147,9,Office Supply Warehouse,Chicago,452,74,In Stock,2026-07-23,2026-08-06 01:40:20.449387
894,OFF-EN-10004206,10,Office Supply Warehouse,Chicago,131,73,In Stock,2026-07-19,2026-08-06 01:40:20.449387
895,OFF-EN-10004386,11,Office Supply Warehouse,Chicago,138,46,In Stock,2026-07-30,2026-08-06 01:40:20.449387
896,OFF-EN-10004459,12,Office Supply Warehouse,Chicago,479,57,In Stock,2026-06-10,2026-08-06 01:40:20.449387
897,OFF-EN-10004483,13,Office Supply Warehouse,Chicago,413,25,In Stock,2026-07-21,2026-08-06 01:40:20.449387
898,OFF-EN-10004773,14,Office Supply Warehouse,Chicago,312,24,In Stock,2026-07-08,2026-08-06 01:40:20.449387
899,OFF-EN-10004846,15,Office Supply Warehouse,Chicago,314,73,In Stock,2026-06-26,2026-08-06 01:40:20.449387
900,OFF-EN-10004955,16,Office Supply Warehouse,Chicago,290,68,In Stock,2026-06-17,2026-08-06 01:40:20.449387
901,OFF-FA-10000053,17,Office Supply Warehouse,Chicago,218,60,In Stock,2026-07-12,2026-08-06 01:40:20.449387
902,OFF-FA-10000089,1,Office Supply Warehouse,Chicago,224,41,In Stock,2026-06-23,2026-08-06 01:40:20.449387
903,OFF-FA-10000134,2,Office Supply Warehouse,Chicago,218,42,In Stock,2026-07-08,2026-08-06 01:40:20.449387
904,OFF-FA-10000254,3,Office Supply Warehouse,Chicago,407,37,In Stock,2026-08-04,2026-08-06 01:40:20.449387
905,OFF-FA-10000304,4,Office Supply Warehouse,Chicago,118,60,In Stock,2026-06-21,2026-08-06 01:40:20.449387
906,OFF-FA-10000490,5,Office Supply Warehouse,Chicago,70,48,In Stock,2026-07-24,2026-08-06 01:40:20.449387
907,OFF-FA-10000585,6,Office Supply Warehouse,Chicago,481,47,In Stock,2026-06-28,2026-08-06 01:40:20.449387
908,OFF-FA-10000611,7,Office Supply Warehouse,Chicago,51,48,In Stock,2026-06-22,2026-08-06 01:40:20.449387
909,OFF-FA-10000621,8,Office Supply Warehouse,Chicago,287,70,In Stock,2026-06-22,2026-08-06 01:40:20.449387
910,OFF-FA-10000624,9,Office Supply Warehouse,Chicago,481,36,In Stock,2026-07-03,2026-08-06 01:40:20.449387
911,OFF-FA-10000735,10,Office Supply Warehouse,Chicago,220,65,In Stock,2026-06-18,2026-08-06 01:40:20.449387
912,OFF-FA-10000840,11,Office Supply Warehouse,Chicago,467,24,In Stock,2026-06-09,2026-08-06 01:40:20.449387
913,OFF-FA-10000936,12,Office Supply Warehouse,Chicago,434,21,In Stock,2026-06-21,2026-08-06 01:40:20.449387
914,OFF-FA-10000992,13,Office Supply Warehouse,Chicago,62,41,In Stock,2026-07-30,2026-08-06 01:40:20.449387
915,OFF-FA-10001135,14,Office Supply Warehouse,Chicago,444,25,In Stock,2026-06-20,2026-08-06 01:40:20.449387
916,OFF-FA-10001229,15,Office Supply Warehouse,Chicago,215,43,In Stock,2026-06-11,2026-08-06 01:40:20.449387
917,OFF-FA-10001332,16,Office Supply Warehouse,Chicago,287,75,In Stock,2026-08-05,2026-08-06 01:40:20.449387
918,OFF-FA-10001561,17,Office Supply Warehouse,Chicago,284,60,In Stock,2026-08-04,2026-08-06 01:40:20.449387
919,OFF-FA-10001754,1,Office Supply Warehouse,Chicago,193,20,In Stock,2026-07-19,2026-08-06 01:40:20.449387
920,OFF-FA-10001843,2,Office Supply Warehouse,Chicago,431,45,In Stock,2026-06-21,2026-08-06 01:40:20.449387
921,OFF-FA-10001883,3,Office Supply Warehouse,Chicago,96,54,In Stock,2026-07-20,2026-08-06 01:40:20.449387
922,OFF-FA-10002280,4,Office Supply Warehouse,Chicago,322,29,In Stock,2026-06-30,2026-08-06 01:40:20.449387
923,OFF-FA-10002676,5,Office Supply Warehouse,Chicago,452,22,In Stock,2026-06-09,2026-08-06 01:40:20.449387
924,OFF-FA-10002701,6,Office Supply Warehouse,Chicago,150,31,In Stock,2026-07-28,2026-08-06 01:40:20.449387
925,OFF-FA-10002763,7,Office Supply Warehouse,Chicago,415,21,In Stock,2026-07-29,2026-08-06 01:40:20.449387
926,OFF-FA-10002780,8,Office Supply Warehouse,Chicago,433,24,In Stock,2026-07-22,2026-08-06 01:40:20.449387
927,OFF-FA-10002815,9,Office Supply Warehouse,Chicago,246,32,In Stock,2026-07-17,2026-08-06 01:40:20.449387
928,OFF-FA-10002975,10,Office Supply Warehouse,Chicago,81,33,In Stock,2026-06-27,2026-08-06 01:40:20.449387
929,OFF-FA-10002983,11,Office Supply Warehouse,Chicago,480,33,In Stock,2026-06-20,2026-08-06 01:40:20.449387
930,OFF-FA-10002988,12,Office Supply Warehouse,Chicago,341,68,In Stock,2026-07-10,2026-08-06 01:40:20.449387
931,OFF-FA-10003021,13,Office Supply Warehouse,Chicago,239,56,In Stock,2026-07-19,2026-08-06 01:40:20.449387
932,OFF-FA-10003059,14,Office Supply Warehouse,Chicago,442,77,In Stock,2026-07-25,2026-08-06 01:40:20.449387
933,OFF-FA-10003112,15,Office Supply Warehouse,Chicago,123,44,In Stock,2026-07-12,2026-08-06 01:40:20.449387
934,OFF-FA-10003467,16,Office Supply Warehouse,Chicago,237,30,In Stock,2026-07-29,2026-08-06 01:40:20.449387
935,OFF-FA-10003472,17,Office Supply Warehouse,Chicago,448,53,In Stock,2026-06-28,2026-08-06 01:40:20.449387
936,OFF-FA-10003485,1,Office Supply Warehouse,Chicago,144,27,In Stock,2026-06-17,2026-08-06 01:40:20.449387
937,OFF-FA-10003495,2,Office Supply Warehouse,Chicago,59,75,Low Stock,2026-07-01,2026-08-06 01:40:20.449387
938,OFF-FA-10004076,3,Office Supply Warehouse,Chicago,486,38,In Stock,2026-07-25,2026-08-06 01:40:20.449387
939,OFF-FA-10004248,4,Office Supply Warehouse,Chicago,331,36,In Stock,2026-07-18,2026-08-06 01:40:20.449387
940,OFF-FA-10004395,5,Office Supply Warehouse,Chicago,265,32,In Stock,2026-07-08,2026-08-06 01:40:20.449387
941,OFF-FA-10004838,6,Office Supply Warehouse,Chicago,418,43,In Stock,2026-06-08,2026-08-06 01:40:20.449387
942,OFF-FA-10004854,7,Office Supply Warehouse,Chicago,393,33,In Stock,2026-06-28,2026-08-06 01:40:20.449387
943,OFF-FA-10004968,8,Office Supply Warehouse,Chicago,372,77,In Stock,2026-07-03,2026-08-06 01:40:20.449387
944,OFF-LA-10000081,9,Office Supply Warehouse,Chicago,431,64,In Stock,2026-06-23,2026-08-06 01:40:20.449387
945,OFF-LA-10000121,10,Office Supply Warehouse,Chicago,470,68,In Stock,2026-06-09,2026-08-06 01:40:20.449387
946,OFF-LA-10000134,11,Office Supply Warehouse,Chicago,248,39,In Stock,2026-07-15,2026-08-06 01:40:20.449387
947,OFF-LA-10000240,12,Office Supply Warehouse,Chicago,366,78,In Stock,2026-06-19,2026-08-06 01:40:20.449387
948,OFF-LA-10000248,13,Office Supply Warehouse,Chicago,419,44,In Stock,2026-06-13,2026-08-06 01:40:20.449387
949,OFF-LA-10000262,14,Office Supply Warehouse,Chicago,221,52,In Stock,2026-06-22,2026-08-06 01:40:20.449387
950,OFF-LA-10000305,15,Office Supply Warehouse,Chicago,209,80,In Stock,2026-06-26,2026-08-06 01:40:20.449387
951,OFF-LA-10000407,16,Office Supply Warehouse,Chicago,310,66,In Stock,2026-06-27,2026-08-06 01:40:20.449387
952,OFF-LA-10000414,17,Office Supply Warehouse,Chicago,184,80,In Stock,2026-06-24,2026-08-06 01:40:20.449387
953,OFF-LA-10000443,1,Office Supply Warehouse,Chicago,368,50,In Stock,2026-06-22,2026-08-06 01:40:20.449387
954,OFF-LA-10000452,2,Office Supply Warehouse,Chicago,485,70,In Stock,2026-07-22,2026-08-06 01:40:20.449387
955,OFF-LA-10000476,3,Office Supply Warehouse,Chicago,316,71,In Stock,2026-07-12,2026-08-06 01:40:20.449387
956,OFF-LA-10000634,4,Office Supply Warehouse,Chicago,228,43,In Stock,2026-06-30,2026-08-06 01:40:20.449387
957,OFF-LA-10000973,5,Office Supply Warehouse,Chicago,188,55,In Stock,2026-06-10,2026-08-06 01:40:20.449387
958,OFF-LA-10001045,6,Office Supply Warehouse,Chicago,58,27,In Stock,2026-06-11,2026-08-06 01:40:20.449387
959,OFF-LA-10001074,7,Office Supply Warehouse,Chicago,121,79,In Stock,2026-06-26,2026-08-06 01:40:20.449387
960,OFF-LA-10001158,8,Office Supply Warehouse,Chicago,56,57,Low Stock,2026-07-22,2026-08-06 01:40:20.449387
961,OFF-LA-10001175,9,Office Supply Warehouse,Chicago,234,57,In Stock,2026-06-24,2026-08-06 01:40:20.449387
962,OFF-LA-10001297,10,Office Supply Warehouse,Chicago,486,71,In Stock,2026-06-08,2026-08-06 01:40:20.449387
963,OFF-LA-10001317,11,Office Supply Warehouse,Chicago,93,53,In Stock,2026-06-20,2026-08-06 01:40:20.449387
964,OFF-LA-10001404,12,Office Supply Warehouse,Chicago,195,24,In Stock,2026-07-05,2026-08-06 01:40:20.449387
965,OFF-LA-10001474,13,Office Supply Warehouse,Chicago,467,47,In Stock,2026-06-24,2026-08-06 01:40:20.449387
966,OFF-LA-10001569,14,Office Supply Warehouse,Chicago,452,38,In Stock,2026-08-04,2026-08-06 01:40:20.449387
967,OFF-LA-10001613,15,Office Supply Warehouse,Chicago,409,39,In Stock,2026-06-27,2026-08-06 01:40:20.449387
968,OFF-LA-10001641,16,Office Supply Warehouse,Chicago,140,46,In Stock,2026-07-22,2026-08-06 01:40:20.449387
969,OFF-LA-10001771,17,Office Supply Warehouse,Chicago,323,33,In Stock,2026-06-25,2026-08-06 01:40:20.449387
970,OFF-LA-10001934,1,Office Supply Warehouse,Chicago,293,44,In Stock,2026-08-04,2026-08-06 01:40:20.449387
971,OFF-LA-10001982,2,Office Supply Warehouse,Chicago,253,43,In Stock,2026-06-27,2026-08-06 01:40:20.449387
972,OFF-LA-10002034,3,Office Supply Warehouse,Chicago,289,29,In Stock,2026-07-06,2026-08-06 01:40:20.449387
973,OFF-LA-10002043,4,Office Supply Warehouse,Chicago,394,30,In Stock,2026-07-11,2026-08-06 01:40:20.449387
974,OFF-LA-10002195,5,Office Supply Warehouse,Chicago,141,48,In Stock,2026-07-15,2026-08-06 01:40:20.449387
975,OFF-LA-10002271,6,Office Supply Warehouse,Chicago,257,55,In Stock,2026-06-29,2026-08-06 01:40:20.449387
976,OFF-LA-10002312,7,Office Supply Warehouse,Chicago,78,62,In Stock,2026-06-24,2026-08-06 01:40:20.449387
977,OFF-LA-10002368,8,Office Supply Warehouse,Chicago,167,61,In Stock,2026-07-16,2026-08-06 01:40:20.449387
978,OFF-LA-10002381,9,Office Supply Warehouse,Chicago,159,38,In Stock,2026-06-23,2026-08-06 01:40:20.449387
979,OFF-LA-10002473,10,Office Supply Warehouse,Chicago,317,29,In Stock,2026-07-22,2026-08-06 01:40:20.449387
980,OFF-LA-10002475,11,Office Supply Warehouse,Chicago,371,44,In Stock,2026-07-26,2026-08-06 01:40:20.449387
981,OFF-LA-10002762,12,Office Supply Warehouse,Chicago,68,34,In Stock,2026-06-11,2026-08-06 01:40:20.449387
982,OFF-LA-10002787,13,Office Supply Warehouse,Chicago,224,68,In Stock,2026-07-01,2026-08-06 01:40:20.449387
983,OFF-LA-10002945,14,Office Supply Warehouse,Chicago,425,27,In Stock,2026-06-08,2026-08-06 01:40:20.449387
984,OFF-LA-10003077,15,Office Supply Warehouse,Chicago,173,51,In Stock,2026-06-25,2026-08-06 01:40:20.449387
985,OFF-LA-10003121,16,Office Supply Warehouse,Chicago,143,33,In Stock,2026-08-06,2026-08-06 01:40:20.449387
986,OFF-LA-10003148,17,Office Supply Warehouse,Chicago,162,50,In Stock,2026-06-30,2026-08-06 01:40:20.449387
987,OFF-LA-10003190,1,Office Supply Warehouse,Chicago,54,63,Low Stock,2026-08-01,2026-08-06 01:40:20.449387
988,OFF-LA-10003223,2,Office Supply Warehouse,Chicago,244,39,In Stock,2026-07-07,2026-08-06 01:40:20.449387
989,OFF-LA-10003388,3,Office Supply Warehouse,Chicago,253,46,In Stock,2026-08-06,2026-08-06 01:40:20.449387
990,OFF-LA-10003498,4,Office Supply Warehouse,Chicago,176,24,In Stock,2026-07-15,2026-08-06 01:40:20.449387
991,OFF-LA-10003510,5,Office Supply Warehouse,Chicago,232,29,In Stock,2026-07-11,2026-08-06 01:40:20.449387
992,OFF-LA-10003537,6,Office Supply Warehouse,Chicago,183,48,In Stock,2026-07-06,2026-08-06 01:40:20.449387
993,OFF-LA-10003663,7,Office Supply Warehouse,Chicago,354,20,In Stock,2026-06-16,2026-08-06 01:40:20.449387
994,OFF-LA-10003714,8,Office Supply Warehouse,Chicago,206,37,In Stock,2026-06-13,2026-08-06 01:40:20.449387
995,OFF-LA-10003720,9,Office Supply Warehouse,Chicago,219,29,In Stock,2026-07-21,2026-08-06 01:40:20.449387
996,OFF-LA-10003766,10,Office Supply Warehouse,Chicago,400,27,In Stock,2026-07-21,2026-08-06 01:40:20.449387
997,OFF-LA-10003923,11,Office Supply Warehouse,Chicago,279,61,In Stock,2026-06-16,2026-08-06 01:40:20.449387
998,OFF-LA-10003930,12,Office Supply Warehouse,Chicago,448,37,In Stock,2026-07-28,2026-08-06 01:40:20.449387
999,OFF-LA-10004008,13,Office Supply Warehouse,Chicago,341,26,In Stock,2026-06-11,2026-08-06 01:40:20.449387
1000,OFF-LA-10004055,14,Office Supply Warehouse,Chicago,313,58,In Stock,2026-06-19,2026-08-06 01:40:20.449387
1001,OFF-LA-10004093,15,Office Supply Warehouse,Chicago,119,36,In Stock,2026-07-17,2026-08-06 01:40:20.449387
1002,OFF-LA-10004178,16,Office Supply Warehouse,Chicago,358,41,In Stock,2026-06-11,2026-08-06 01:40:20.449387
1003,OFF-LA-10004272,17,Office Supply Warehouse,Chicago,495,74,In Stock,2026-06-12,2026-08-06 01:40:20.449387
1004,OFF-LA-10004345,1,Office Supply Warehouse,Chicago,233,31,In Stock,2026-06-26,2026-08-06 01:40:20.449387
1005,OFF-LA-10004409,2,Office Supply Warehouse,Chicago,219,32,In Stock,2026-06-22,2026-08-06 01:40:20.449387
1006,OFF-LA-10004425,3,Office Supply Warehouse,Chicago,422,36,In Stock,2026-08-06,2026-08-06 01:40:20.449387
1007,OFF-LA-10004484,4,Office Supply Warehouse,Chicago,459,62,In Stock,2026-08-06,2026-08-06 01:40:20.449387
1008,OFF-LA-10004544,5,Office Supply Warehouse,Chicago,90,41,In Stock,2026-06-20,2026-08-06 01:40:20.449387
1009,OFF-LA-10004545,6,Office Supply Warehouse,Chicago,151,55,In Stock,2026-06-26,2026-08-06 01:40:20.449387
1010,OFF-LA-10004559,7,Office Supply Warehouse,Chicago,212,52,In Stock,2026-06-15,2026-08-06 01:40:20.449387
1011,OFF-LA-10004677,8,Office Supply Warehouse,Chicago,193,69,In Stock,2026-07-03,2026-08-06 01:40:20.449387
1012,OFF-LA-10004689,9,Office Supply Warehouse,Chicago,163,62,In Stock,2026-07-06,2026-08-06 01:40:20.449387
1013,OFF-LA-10004853,10,Office Supply Warehouse,Chicago,343,48,In Stock,2026-07-27,2026-08-06 01:40:20.449387
1014,OFF-PA-10000007,11,Office Supply Warehouse,Chicago,400,53,In Stock,2026-06-29,2026-08-06 01:40:20.449387
1015,OFF-PA-10000019,12,Office Supply Warehouse,Chicago,65,71,Low Stock,2026-06-24,2026-08-06 01:40:20.449387
1016,OFF-PA-10000029,13,Office Supply Warehouse,Chicago,405,34,In Stock,2026-08-03,2026-08-06 01:40:20.449387
1017,OFF-PA-10000048,14,Office Supply Warehouse,Chicago,411,46,In Stock,2026-06-09,2026-08-06 01:40:20.449387
1018,OFF-PA-10000061,15,Office Supply Warehouse,Chicago,405,41,In Stock,2026-08-03,2026-08-06 01:40:20.449387
1019,OFF-PA-10000062,16,Office Supply Warehouse,Chicago,173,52,In Stock,2026-07-17,2026-08-06 01:40:20.449387
1020,OFF-PA-10000069,17,Office Supply Warehouse,Chicago,153,42,In Stock,2026-08-06,2026-08-06 01:40:20.449387
1021,OFF-PA-10000100,1,Office Supply Warehouse,Chicago,270,57,In Stock,2026-07-17,2026-08-06 01:40:20.449387
1022,OFF-PA-10000130,2,Office Supply Warehouse,Chicago,60,34,In Stock,2026-07-25,2026-08-06 01:40:20.449387
1023,OFF-PA-10000141,3,Office Supply Warehouse,Chicago,82,75,In Stock,2026-07-17,2026-08-06 01:40:20.449387
1024,OFF-PA-10000143,4,Office Supply Warehouse,Chicago,211,76,In Stock,2026-06-16,2026-08-06 01:40:20.449387
1025,OFF-PA-10000157,5,Office Supply Warehouse,Chicago,396,24,In Stock,2026-07-14,2026-08-06 01:40:20.449387
1026,OFF-PA-10000167,6,Office Supply Warehouse,Chicago,224,41,In Stock,2026-07-09,2026-08-06 01:40:20.449387
1027,OFF-PA-10000174,7,Office Supply Warehouse,Chicago,157,50,In Stock,2026-06-28,2026-08-06 01:40:20.449387
1028,OFF-PA-10000176,8,Office Supply Warehouse,Chicago,421,53,In Stock,2026-07-08,2026-08-06 01:40:20.449387
1029,OFF-PA-10000210,9,Office Supply Warehouse,Chicago,330,30,In Stock,2026-07-04,2026-08-06 01:40:20.449387
1030,OFF-PA-10000213,10,Office Supply Warehouse,Chicago,159,47,In Stock,2026-07-25,2026-08-06 01:40:20.449387
1031,OFF-PA-10000223,11,Office Supply Warehouse,Chicago,305,65,In Stock,2026-07-30,2026-08-06 01:40:20.449387
1032,OFF-PA-10000232,12,Office Supply Warehouse,Chicago,390,29,In Stock,2026-07-08,2026-08-06 01:40:20.449387
1033,OFF-PA-10000241,13,Office Supply Warehouse,Chicago,131,33,In Stock,2026-07-03,2026-08-06 01:40:20.449387
1034,OFF-PA-10000246,14,Office Supply Warehouse,Chicago,422,27,In Stock,2026-07-22,2026-08-06 01:40:20.449387
1035,OFF-PA-10000249,15,Office Supply Warehouse,Chicago,128,40,In Stock,2026-06-11,2026-08-06 01:40:20.449387
1036,OFF-PA-10000289,16,Office Supply Warehouse,Chicago,494,56,In Stock,2026-07-19,2026-08-06 01:40:20.449387
1037,OFF-PA-10000295,17,Office Supply Warehouse,Chicago,314,35,In Stock,2026-06-14,2026-08-06 01:40:20.449387
1038,OFF-PA-10000300,1,Office Supply Warehouse,Chicago,441,76,In Stock,2026-08-06,2026-08-06 01:40:20.449387
1039,OFF-PA-10000304,2,Office Supply Warehouse,Chicago,482,28,In Stock,2026-06-24,2026-08-06 01:40:20.449387
1040,OFF-PA-10000308,3,Office Supply Warehouse,Chicago,276,59,In Stock,2026-07-23,2026-08-06 01:40:20.449387
1041,OFF-PA-10000312,4,Office Supply Warehouse,Chicago,82,40,In Stock,2026-07-07,2026-08-06 01:40:20.449387
1042,OFF-PA-10000327,5,Office Supply Warehouse,Chicago,169,56,In Stock,2026-07-20,2026-08-06 01:40:20.449387
1043,OFF-PA-10000349,6,Office Supply Warehouse,Chicago,371,30,In Stock,2026-06-12,2026-08-06 01:40:20.449387
1044,OFF-PA-10000350,7,Office Supply Warehouse,Chicago,57,53,In Stock,2026-07-19,2026-08-06 01:40:20.449387
1045,OFF-PA-10000357,8,Office Supply Warehouse,Chicago,237,28,In Stock,2026-07-19,2026-08-06 01:40:20.449387
1046,OFF-PA-10000380,9,Office Supply Warehouse,Chicago,500,40,In Stock,2026-07-31,2026-08-06 01:40:20.449387
1047,OFF-PA-10000418,10,Office Supply Warehouse,Chicago,401,23,In Stock,2026-08-05,2026-08-06 01:40:20.449387
1048,OFF-PA-10000466,11,Office Supply Warehouse,Chicago,231,37,In Stock,2026-08-04,2026-08-06 01:40:20.449387
1049,OFF-PA-10000474,12,Office Supply Warehouse,Chicago,355,57,In Stock,2026-07-17,2026-08-06 01:40:20.449387
1050,OFF-PA-10000477,13,Office Supply Warehouse,Chicago,193,51,In Stock,2026-06-24,2026-08-06 01:40:20.449387
1051,OFF-PA-10000482,14,Office Supply Warehouse,Chicago,452,25,In Stock,2026-06-10,2026-08-06 01:40:20.449387
1052,OFF-PA-10000483,15,Office Supply Warehouse,Chicago,283,36,In Stock,2026-06-12,2026-08-06 01:40:20.449387
1053,OFF-PA-10000501,16,Office Supply Warehouse,Chicago,323,74,In Stock,2026-07-23,2026-08-06 01:40:20.449387
1054,OFF-PA-10000520,17,Office Supply Warehouse,Chicago,398,20,In Stock,2026-08-04,2026-08-06 01:40:20.449387
1055,OFF-PA-10000528,1,Office Supply Warehouse,Chicago,195,40,In Stock,2026-06-11,2026-08-06 01:40:20.449387
1056,OFF-PA-10000533,2,Office Supply Warehouse,Chicago,246,57,In Stock,2026-07-24,2026-08-06 01:40:20.449387
1057,OFF-PA-10000551,3,Office Supply Warehouse,Chicago,476,22,In Stock,2026-06-21,2026-08-06 01:40:20.449387
1058,OFF-PA-10000552,4,Office Supply Warehouse,Chicago,395,35,In Stock,2026-07-10,2026-08-06 01:40:20.449387
1059,OFF-PA-10000556,5,Office Supply Warehouse,Chicago,238,32,In Stock,2026-07-29,2026-08-06 01:40:20.449387
1060,OFF-PA-10000565,6,Office Supply Warehouse,Chicago,83,39,In Stock,2026-07-19,2026-08-06 01:40:20.449387
1061,OFF-PA-10000575,7,Office Supply Warehouse,Chicago,144,78,In Stock,2026-07-12,2026-08-06 01:40:20.449387
1062,OFF-PA-10000587,8,Office Supply Warehouse,Chicago,417,23,In Stock,2026-07-16,2026-08-06 01:40:20.449387
1063,OFF-PA-10000595,9,Office Supply Warehouse,Chicago,263,69,In Stock,2026-07-15,2026-08-06 01:40:20.449387
1064,OFF-PA-10000605,10,Office Supply Warehouse,Chicago,338,42,In Stock,2026-07-01,2026-08-06 01:40:20.449387
1065,OFF-PA-10000659,11,Office Supply Warehouse,Chicago,416,27,In Stock,2026-06-15,2026-08-06 01:40:20.449387
1066,OFF-PA-10000673,12,Office Supply Warehouse,Chicago,138,24,In Stock,2026-06-25,2026-08-06 01:40:20.449387
1067,OFF-PA-10000675,13,Office Supply Warehouse,Chicago,51,38,In Stock,2026-07-27,2026-08-06 01:40:20.449387
1068,OFF-PA-10000682,14,Office Supply Warehouse,Chicago,430,70,In Stock,2026-08-04,2026-08-06 01:40:20.449387
1069,OFF-PA-10000697,15,Office Supply Warehouse,Chicago,247,56,In Stock,2026-08-02,2026-08-06 01:40:20.449387
1070,OFF-PA-10000726,16,Office Supply Warehouse,Chicago,291,49,In Stock,2026-07-17,2026-08-06 01:40:20.449387
1071,OFF-PA-10000740,17,Office Supply Warehouse,Chicago,59,79,Low Stock,2026-07-21,2026-08-06 01:40:20.449387
1072,OFF-PA-10000743,1,Office Supply Warehouse,Chicago,417,31,In Stock,2026-06-08,2026-08-06 01:40:20.449387
1073,OFF-PA-10000788,2,Office Supply Warehouse,Chicago,189,35,In Stock,2026-07-02,2026-08-06 01:40:20.449387
1074,OFF-PA-10000791,3,Office Supply Warehouse,Chicago,383,31,In Stock,2026-06-24,2026-08-06 01:40:20.449387
1075,OFF-PA-10000806,4,Office Supply Warehouse,Chicago,417,39,In Stock,2026-06-14,2026-08-06 01:40:20.449387
1076,OFF-PA-10000807,5,Office Supply Warehouse,Chicago,234,54,In Stock,2026-07-23,2026-08-06 01:40:20.449387
1077,OFF-PA-10000809,6,Office Supply Warehouse,Chicago,89,29,In Stock,2026-07-28,2026-08-06 01:40:20.449387
1078,OFF-PA-10000859,7,Office Supply Warehouse,Chicago,123,59,In Stock,2026-06-29,2026-08-06 01:40:20.449387
1079,OFF-PA-10000919,8,Office Supply Warehouse,Chicago,472,47,In Stock,2026-07-29,2026-08-06 01:40:20.449387
1080,OFF-PA-10000955,9,Office Supply Warehouse,Chicago,454,70,In Stock,2026-07-03,2026-08-06 01:40:20.449387
1081,OFF-PA-10000994,10,Office Supply Warehouse,Chicago,62,39,In Stock,2026-07-05,2026-08-06 01:40:20.449387
1082,OFF-PA-10001001,11,Office Supply Warehouse,Chicago,71,72,Low Stock,2026-07-23,2026-08-06 01:40:20.449387
1083,OFF-PA-10001019,12,Office Supply Warehouse,Chicago,395,34,In Stock,2026-06-28,2026-08-06 01:40:20.449387
1084,OFF-PA-10001033,13,Office Supply Warehouse,Chicago,324,27,In Stock,2026-07-20,2026-08-06 01:40:20.449387
1085,OFF-PA-10001125,14,Office Supply Warehouse,Chicago,204,38,In Stock,2026-06-17,2026-08-06 01:40:20.449387
1086,OFF-PA-10001144,15,Office Supply Warehouse,Chicago,445,65,In Stock,2026-07-17,2026-08-06 01:40:20.449387
1087,OFF-PA-10001166,16,Office Supply Warehouse,Chicago,52,27,In Stock,2026-07-03,2026-08-06 01:40:20.449387
1088,OFF-PA-10001184,17,Office Supply Warehouse,Chicago,267,37,In Stock,2026-06-20,2026-08-06 01:40:20.449387
1089,OFF-PA-10001204,1,Office Supply Warehouse,Chicago,296,29,In Stock,2026-06-26,2026-08-06 01:40:20.449387
1090,OFF-PA-10001215,2,Office Supply Warehouse,Chicago,92,42,In Stock,2026-06-10,2026-08-06 01:40:20.449387
1091,OFF-PA-10001243,3,Office Supply Warehouse,Chicago,417,31,In Stock,2026-07-15,2026-08-06 01:40:20.449387
1092,OFF-PA-10001246,4,Office Supply Warehouse,Chicago,421,68,In Stock,2026-06-30,2026-08-06 01:40:20.449387
1093,OFF-PA-10001260,5,Office Supply Warehouse,Chicago,141,65,In Stock,2026-06-19,2026-08-06 01:40:20.449387
1094,OFF-PA-10001274,6,Office Supply Warehouse,Chicago,242,35,In Stock,2026-07-04,2026-08-06 01:40:20.449387
1095,OFF-PA-10001281,7,Office Supply Warehouse,Chicago,246,42,In Stock,2026-08-03,2026-08-06 01:40:20.449387
1096,OFF-PA-10001289,8,Office Supply Warehouse,Chicago,91,71,In Stock,2026-06-18,2026-08-06 01:40:20.449387
1097,OFF-PA-10001293,9,Office Supply Warehouse,Chicago,257,71,In Stock,2026-07-31,2026-08-06 01:40:20.449387
1098,OFF-PA-10001295,10,Office Supply Warehouse,Chicago,454,76,In Stock,2026-06-26,2026-08-06 01:40:20.449387
1099,OFF-PA-10001307,11,Office Supply Warehouse,Chicago,429,20,In Stock,2026-06-21,2026-08-06 01:40:20.449387
1100,OFF-PA-10001357,12,Office Supply Warehouse,Chicago,244,73,In Stock,2026-06-29,2026-08-06 01:40:20.449387
1101,OFF-PA-10001363,13,Office Supply Warehouse,Chicago,333,52,In Stock,2026-07-06,2026-08-06 01:40:20.449387
1102,OFF-PA-10001450,14,Office Supply Warehouse,Chicago,500,36,In Stock,2026-08-03,2026-08-06 01:40:20.449387
1103,OFF-PA-10001457,15,Office Supply Warehouse,Chicago,343,44,In Stock,2026-06-20,2026-08-06 01:40:20.449387
1104,OFF-PA-10001461,16,Office Supply Warehouse,Chicago,299,46,In Stock,2026-06-18,2026-08-06 01:40:20.449387
1105,OFF-PA-10001471,17,Office Supply Warehouse,Chicago,81,27,In Stock,2026-06-21,2026-08-06 01:40:20.449387
1106,OFF-PA-10001497,1,Office Supply Warehouse,Chicago,288,42,In Stock,2026-06-12,2026-08-06 01:40:20.449387
1107,OFF-PA-10001509,2,Office Supply Warehouse,Chicago,332,72,In Stock,2026-07-03,2026-08-06 01:40:20.449387
1108,OFF-PA-10001526,3,Office Supply Warehouse,Chicago,318,53,In Stock,2026-06-11,2026-08-06 01:40:20.449387
1109,OFF-PA-10001534,4,Office Supply Warehouse,Chicago,238,30,In Stock,2026-06-25,2026-08-06 01:40:20.449387
1110,OFF-PA-10001560,5,Office Supply Warehouse,Chicago,205,32,In Stock,2026-07-26,2026-08-06 01:40:20.449387
1111,OFF-PA-10001569,6,Office Supply Warehouse,Chicago,75,29,In Stock,2026-07-07,2026-08-06 01:40:20.449387
1112,OFF-PA-10001583,7,Office Supply Warehouse,Chicago,304,52,In Stock,2026-08-04,2026-08-06 01:40:20.449387
1113,OFF-PA-10001593,8,Office Supply Warehouse,Chicago,114,50,In Stock,2026-06-21,2026-08-06 01:40:20.449387
1114,OFF-PA-10001609,9,Office Supply Warehouse,Chicago,314,43,In Stock,2026-07-28,2026-08-06 01:40:20.449387
1115,OFF-PA-10001622,10,Office Supply Warehouse,Chicago,232,42,In Stock,2026-07-25,2026-08-06 01:40:20.449387
1116,OFF-PA-10001639,11,Office Supply Warehouse,Chicago,373,69,In Stock,2026-07-08,2026-08-06 01:40:20.449387
1117,OFF-PA-10001661,12,Office Supply Warehouse,Chicago,231,76,In Stock,2026-07-13,2026-08-06 01:40:20.449387
1118,OFF-PA-10001667,13,Office Supply Warehouse,Chicago,231,75,In Stock,2026-06-29,2026-08-06 01:40:20.449387
1119,OFF-PA-10001685,14,Office Supply Warehouse,Chicago,390,52,In Stock,2026-08-06,2026-08-06 01:40:20.449387
1120,OFF-PA-10001712,15,Office Supply Warehouse,Chicago,434,28,In Stock,2026-07-08,2026-08-06 01:40:20.449387
1121,OFF-PA-10001725,16,Office Supply Warehouse,Chicago,189,44,In Stock,2026-06-13,2026-08-06 01:40:20.449387
1122,OFF-PA-10001736,17,Office Supply Warehouse,Chicago,431,65,In Stock,2026-07-26,2026-08-06 01:40:20.449387
1123,OFF-PA-10001745,1,Office Supply Warehouse,Chicago,439,75,In Stock,2026-06-12,2026-08-06 01:40:20.449387
1124,OFF-PA-10001752,2,Office Supply Warehouse,Chicago,371,69,In Stock,2026-07-30,2026-08-06 01:40:20.449387
1125,OFF-PA-10001763,3,Office Supply Warehouse,Chicago,401,57,In Stock,2026-07-11,2026-08-06 01:40:20.449387
1126,OFF-PA-10001776,4,Office Supply Warehouse,Chicago,309,77,In Stock,2026-07-21,2026-08-06 01:40:20.449387
1127,OFF-PA-10001790,5,Office Supply Warehouse,Chicago,303,46,In Stock,2026-08-06,2026-08-06 01:40:20.449387
1128,OFF-PA-10001800,6,Office Supply Warehouse,Chicago,441,33,In Stock,2026-06-22,2026-08-06 01:40:20.449387
1129,OFF-PA-10001801,7,Office Supply Warehouse,Chicago,199,35,In Stock,2026-07-02,2026-08-06 01:40:20.449387
1130,OFF-PA-10001804,8,Office Supply Warehouse,Chicago,202,40,In Stock,2026-06-10,2026-08-06 01:40:20.449387
1131,OFF-PA-10001815,9,Office Supply Warehouse,Chicago,450,43,In Stock,2026-07-28,2026-08-06 01:40:20.449387
1132,OFF-PA-10001826,10,Office Supply Warehouse,Chicago,262,59,In Stock,2026-06-14,2026-08-06 01:40:20.449387
1133,OFF-PA-10001837,11,Office Supply Warehouse,Chicago,174,21,In Stock,2026-06-10,2026-08-06 01:40:20.449387
1134,OFF-PA-10001838,12,Office Supply Warehouse,Chicago,430,25,In Stock,2026-07-10,2026-08-06 01:40:20.449387
1135,OFF-PA-10001846,13,Office Supply Warehouse,Chicago,350,29,In Stock,2026-06-24,2026-08-06 01:40:20.449387
1136,OFF-PA-10001870,14,Office Supply Warehouse,Chicago,157,44,In Stock,2026-07-26,2026-08-06 01:40:20.449387
1137,OFF-PA-10001878,15,Office Supply Warehouse,Chicago,356,21,In Stock,2026-06-20,2026-08-06 01:40:20.449387
1138,OFF-PA-10001892,16,Office Supply Warehouse,Chicago,323,22,In Stock,2026-06-25,2026-08-06 01:40:20.449387
1139,OFF-PA-10001934,17,Office Supply Warehouse,Chicago,214,69,In Stock,2026-07-04,2026-08-06 01:40:20.449387
1140,OFF-PA-10001937,1,Office Supply Warehouse,Chicago,185,59,In Stock,2026-07-11,2026-08-06 01:40:20.449387
1141,OFF-PA-10001947,2,Office Supply Warehouse,Chicago,202,49,In Stock,2026-06-29,2026-08-06 01:40:20.449387
1142,OFF-PA-10001950,3,Office Supply Warehouse,Chicago,363,27,In Stock,2026-07-25,2026-08-06 01:40:20.449387
1143,OFF-PA-10001952,4,Office Supply Warehouse,Chicago,110,53,In Stock,2026-07-04,2026-08-06 01:40:20.449387
1144,OFF-PA-10001954,5,Office Supply Warehouse,Chicago,135,35,In Stock,2026-07-26,2026-08-06 01:40:20.449387
1145,OFF-PA-10001970,6,Office Supply Warehouse,Chicago,429,67,In Stock,2026-06-20,2026-08-06 01:40:20.449387
1146,OFF-PA-10001972,7,Office Supply Warehouse,Chicago,131,80,In Stock,2026-07-14,2026-08-06 01:40:20.449387
1147,OFF-PA-10001977,8,Office Supply Warehouse,Chicago,229,41,In Stock,2026-06-13,2026-08-06 01:40:20.449387
1148,OFF-PA-10001994,9,Office Supply Warehouse,Chicago,106,23,In Stock,2026-06-23,2026-08-06 01:40:20.449387
1149,OFF-PA-10002001,10,Office Supply Warehouse,Chicago,226,77,In Stock,2026-06-21,2026-08-06 01:40:20.449387
1150,OFF-PA-10002005,11,Office Supply Warehouse,Chicago,493,71,In Stock,2026-07-11,2026-08-06 01:40:20.449387
1151,OFF-PA-10002036,12,Office Supply Warehouse,Chicago,318,28,In Stock,2026-07-14,2026-08-06 01:40:20.449387
1152,OFF-PA-10002105,13,Office Supply Warehouse,Chicago,379,20,In Stock,2026-06-25,2026-08-06 01:40:20.449387
1153,OFF-PA-10002109,14,Office Supply Warehouse,Chicago,183,63,In Stock,2026-07-04,2026-08-06 01:40:20.449387
1154,OFF-PA-10002120,15,Office Supply Warehouse,Chicago,150,73,In Stock,2026-07-04,2026-08-06 01:40:20.449387
1155,OFF-PA-10002137,16,Office Supply Warehouse,Chicago,224,46,In Stock,2026-06-17,2026-08-06 01:40:20.449387
1156,OFF-PA-10002160,17,Office Supply Warehouse,Chicago,293,68,In Stock,2026-07-23,2026-08-06 01:40:20.449387
1157,OFF-PA-10002195,1,Office Supply Warehouse,Chicago,479,54,In Stock,2026-07-23,2026-08-06 01:40:20.449387
1158,OFF-PA-10002222,2,Office Supply Warehouse,Chicago,305,75,In Stock,2026-06-13,2026-08-06 01:40:20.449387
1159,OFF-PA-10002230,3,Office Supply Warehouse,Chicago,453,58,In Stock,2026-06-14,2026-08-06 01:40:20.449387
1160,OFF-PA-10002245,4,Office Supply Warehouse,Chicago,336,54,In Stock,2026-06-30,2026-08-06 01:40:20.449387
1161,OFF-PA-10002246,5,Office Supply Warehouse,Chicago,304,24,In Stock,2026-07-31,2026-08-06 01:40:20.449387
1162,OFF-PA-10002250,6,Office Supply Warehouse,Chicago,147,20,In Stock,2026-07-05,2026-08-06 01:40:20.449387
1163,OFF-PA-10002254,7,Office Supply Warehouse,Chicago,386,49,In Stock,2026-08-05,2026-08-06 01:40:20.449387
1164,OFF-PA-10002259,8,Office Supply Warehouse,Chicago,199,64,In Stock,2026-07-07,2026-08-06 01:40:20.449387
1165,OFF-PA-10002262,9,Office Supply Warehouse,Chicago,332,38,In Stock,2026-07-14,2026-08-06 01:40:20.449387
1166,OFF-PA-10002319,10,Office Supply Warehouse,Chicago,120,28,In Stock,2026-08-01,2026-08-06 01:40:20.449387
1167,OFF-PA-10002333,11,Office Supply Warehouse,Chicago,144,75,In Stock,2026-06-13,2026-08-06 01:40:20.449387
1168,OFF-PA-10002365,12,Office Supply Warehouse,Chicago,464,27,In Stock,2026-06-15,2026-08-06 01:40:20.449387
1169,OFF-PA-10002377,13,Office Supply Warehouse,Chicago,152,49,In Stock,2026-06-22,2026-08-06 01:40:20.449387
1170,OFF-PA-10002421,14,Office Supply Warehouse,Chicago,273,45,In Stock,2026-06-16,2026-08-06 01:40:20.449387
1171,OFF-PA-10002464,15,Office Supply Warehouse,Chicago,215,76,In Stock,2026-07-03,2026-08-06 01:40:20.449387
1172,OFF-PA-10002479,16,Office Supply Warehouse,Chicago,289,23,In Stock,2026-07-12,2026-08-06 01:40:20.449387
1173,OFF-PA-10002499,17,Office Supply Warehouse,Chicago,207,26,In Stock,2026-07-07,2026-08-06 01:40:20.449387
1174,OFF-PA-10002552,1,Office Supply Warehouse,Chicago,146,48,In Stock,2026-07-12,2026-08-06 01:40:20.449387
1175,OFF-PA-10002558,2,Office Supply Warehouse,Chicago,316,77,In Stock,2026-06-08,2026-08-06 01:40:20.449387
1176,OFF-PA-10002581,3,Office Supply Warehouse,Chicago,187,33,In Stock,2026-07-09,2026-08-06 01:40:20.449387
1177,OFF-PA-10002586,4,Office Supply Warehouse,Chicago,117,60,In Stock,2026-06-15,2026-08-06 01:40:20.449387
1178,OFF-PA-10002606,5,Office Supply Warehouse,Chicago,461,44,In Stock,2026-06-18,2026-08-06 01:40:20.449387
1179,OFF-PA-10002615,6,Office Supply Warehouse,Chicago,234,35,In Stock,2026-07-05,2026-08-06 01:40:20.449387
1180,OFF-PA-10002659,7,Office Supply Warehouse,Chicago,209,55,In Stock,2026-07-04,2026-08-06 01:40:20.449387
1181,OFF-PA-10002666,8,Office Supply Warehouse,Chicago,235,52,In Stock,2026-08-01,2026-08-06 01:40:20.449387
1182,OFF-PA-10002689,9,Office Supply Warehouse,Chicago,120,34,In Stock,2026-07-26,2026-08-06 01:40:20.449387
1183,OFF-PA-10002709,10,Office Supply Warehouse,Chicago,184,73,In Stock,2026-07-18,2026-08-06 01:40:20.449387
1184,OFF-PA-10002713,11,Office Supply Warehouse,Chicago,446,76,In Stock,2026-07-24,2026-08-06 01:40:20.449387
1185,OFF-PA-10002741,12,Office Supply Warehouse,Chicago,380,34,In Stock,2026-06-13,2026-08-06 01:40:20.449387
1186,OFF-PA-10002749,13,Office Supply Warehouse,Chicago,51,54,Low Stock,2026-07-20,2026-08-06 01:40:20.449387
1187,OFF-PA-10002751,14,Office Supply Warehouse,Chicago,431,32,In Stock,2026-06-22,2026-08-06 01:40:20.449387
1188,OFF-PA-10002764,15,Office Supply Warehouse,Chicago,401,72,In Stock,2026-07-24,2026-08-06 01:40:20.449387
1189,OFF-PA-10002787,16,Office Supply Warehouse,Chicago,119,27,In Stock,2026-06-30,2026-08-06 01:40:20.449387
1190,OFF-PA-10002870,17,Office Supply Warehouse,Chicago,200,62,In Stock,2026-07-12,2026-08-06 01:40:20.449387
1191,OFF-PA-10002893,1,Office Supply Warehouse,Chicago,110,77,In Stock,2026-08-03,2026-08-06 01:40:20.449387
1192,OFF-PA-10002923,2,Office Supply Warehouse,Chicago,464,62,In Stock,2026-06-29,2026-08-06 01:40:20.449387
1193,OFF-PA-10002947,3,Office Supply Warehouse,Chicago,92,40,In Stock,2026-07-09,2026-08-06 01:40:20.449387
1194,OFF-PA-10002960,4,Office Supply Warehouse,Chicago,328,34,In Stock,2026-06-08,2026-08-06 01:40:20.449387
1195,OFF-PA-10002968,5,Office Supply Warehouse,Chicago,329,42,In Stock,2026-07-19,2026-08-06 01:40:20.449387
1196,OFF-PA-10002986,6,Office Supply Warehouse,Chicago,457,36,In Stock,2026-06-29,2026-08-06 01:40:20.449387
1197,OFF-PA-10003001,7,Office Supply Warehouse,Chicago,500,75,In Stock,2026-08-04,2026-08-06 01:40:20.449387
1198,OFF-PA-10003016,8,Office Supply Warehouse,Chicago,389,35,In Stock,2026-07-16,2026-08-06 01:40:20.449387
1199,OFF-PA-10003022,9,Office Supply Warehouse,Chicago,175,25,In Stock,2026-07-11,2026-08-06 01:40:20.449387
1200,OFF-PA-10003036,10,Office Supply Warehouse,Chicago,453,22,In Stock,2026-06-18,2026-08-06 01:40:20.449387
1201,OFF-PA-10003039,11,Office Supply Warehouse,Chicago,478,74,In Stock,2026-07-24,2026-08-06 01:40:20.449387
1202,OFF-PA-10003063,12,Office Supply Warehouse,Chicago,361,53,In Stock,2026-06-09,2026-08-06 01:40:20.449387
1203,OFF-PA-10003072,13,Office Supply Warehouse,Chicago,466,20,In Stock,2026-06-27,2026-08-06 01:40:20.449387
1204,OFF-PA-10003127,14,Office Supply Warehouse,Chicago,210,55,In Stock,2026-07-19,2026-08-06 01:40:20.449387
1205,OFF-PA-10003129,15,Office Supply Warehouse,Chicago,84,75,In Stock,2026-06-30,2026-08-06 01:40:20.449387
1206,OFF-PA-10003134,16,Office Supply Warehouse,Chicago,201,23,In Stock,2026-07-20,2026-08-06 01:40:20.449387
1207,OFF-PA-10003172,17,Office Supply Warehouse,Chicago,428,79,In Stock,2026-06-13,2026-08-06 01:40:20.449387
1208,OFF-PA-10003177,1,Office Supply Warehouse,Chicago,59,55,In Stock,2026-06-12,2026-08-06 01:40:20.449387
1209,OFF-PA-10003205,2,Office Supply Warehouse,Chicago,253,59,In Stock,2026-06-11,2026-08-06 01:40:20.449387
1210,OFF-PA-10003228,3,Office Supply Warehouse,Chicago,415,60,In Stock,2026-07-14,2026-08-06 01:40:20.449387
1211,OFF-PA-10003256,4,Office Supply Warehouse,Chicago,231,78,In Stock,2026-07-12,2026-08-06 01:40:20.449387
1212,OFF-PA-10003270,5,Office Supply Warehouse,Chicago,101,72,In Stock,2026-06-16,2026-08-06 01:40:20.449387
1213,OFF-PA-10003302,6,Office Supply Warehouse,Chicago,244,80,In Stock,2026-06-14,2026-08-06 01:40:20.449387
1214,OFF-PA-10003309,7,Office Supply Warehouse,Chicago,206,42,In Stock,2026-07-01,2026-08-06 01:40:20.449387
1215,OFF-PA-10003349,8,Office Supply Warehouse,Chicago,369,73,In Stock,2026-08-05,2026-08-06 01:40:20.449387
1216,OFF-PA-10003363,9,Office Supply Warehouse,Chicago,395,43,In Stock,2026-06-21,2026-08-06 01:40:20.449387
1217,OFF-PA-10003395,10,Office Supply Warehouse,Chicago,273,71,In Stock,2026-07-04,2026-08-06 01:40:20.449387
1218,OFF-PA-10003424,11,Office Supply Warehouse,Chicago,322,23,In Stock,2026-06-22,2026-08-06 01:40:20.449387
1219,OFF-PA-10003441,12,Office Supply Warehouse,Chicago,472,46,In Stock,2026-07-18,2026-08-06 01:40:20.449387
1220,OFF-PA-10003465,13,Office Supply Warehouse,Chicago,118,74,In Stock,2026-06-14,2026-08-06 01:40:20.449387
1221,OFF-PA-10003543,14,Office Supply Warehouse,Chicago,259,73,In Stock,2026-07-08,2026-08-06 01:40:20.449387
1222,OFF-PA-10003591,15,Office Supply Warehouse,Chicago,128,29,In Stock,2026-06-23,2026-08-06 01:40:20.449387
1223,OFF-PA-10003625,16,Office Supply Warehouse,Chicago,375,45,In Stock,2026-07-30,2026-08-06 01:40:20.449387
1224,OFF-PA-10003641,17,Office Supply Warehouse,Chicago,157,70,In Stock,2026-06-10,2026-08-06 01:40:20.449387
1225,OFF-PA-10003651,1,Office Supply Warehouse,Chicago,481,78,In Stock,2026-06-13,2026-08-06 01:40:20.449387
1226,OFF-PA-10003656,2,Office Supply Warehouse,Chicago,476,79,In Stock,2026-06-22,2026-08-06 01:40:20.449387
1227,OFF-PA-10003657,3,Office Supply Warehouse,Chicago,80,52,In Stock,2026-06-18,2026-08-06 01:40:20.449387
1228,OFF-PA-10003673,4,Office Supply Warehouse,Chicago,196,37,In Stock,2026-08-02,2026-08-06 01:40:20.449387
1229,OFF-PA-10003724,5,Office Supply Warehouse,Chicago,470,25,In Stock,2026-07-31,2026-08-06 01:40:20.449387
1230,OFF-PA-10003729,6,Office Supply Warehouse,Chicago,199,70,In Stock,2026-06-09,2026-08-06 01:40:20.449387
1231,OFF-PA-10003739,7,Office Supply Warehouse,Chicago,460,54,In Stock,2026-06-15,2026-08-06 01:40:20.449387
1232,OFF-PA-10003790,8,Office Supply Warehouse,Chicago,249,62,In Stock,2026-06-13,2026-08-06 01:40:20.449387
1233,OFF-PA-10003797,9,Office Supply Warehouse,Chicago,261,46,In Stock,2026-06-24,2026-08-06 01:40:20.449387
1234,OFF-PA-10003823,10,Office Supply Warehouse,Chicago,77,60,In Stock,2026-07-25,2026-08-06 01:40:20.449387
1235,OFF-PA-10003845,11,Office Supply Warehouse,Chicago,81,49,In Stock,2026-06-23,2026-08-06 01:40:20.449387
1236,OFF-PA-10003848,12,Office Supply Warehouse,Chicago,218,25,In Stock,2026-08-05,2026-08-06 01:40:20.449387
1237,OFF-PA-10003883,13,Office Supply Warehouse,Chicago,190,80,In Stock,2026-07-04,2026-08-06 01:40:20.449387
1238,OFF-PA-10003892,14,Office Supply Warehouse,Chicago,423,76,In Stock,2026-07-19,2026-08-06 01:40:20.449387
1239,OFF-PA-10003893,15,Office Supply Warehouse,Chicago,235,20,In Stock,2026-07-14,2026-08-06 01:40:20.449387
1240,OFF-PA-10003919,16,Office Supply Warehouse,Chicago,261,73,In Stock,2026-07-05,2026-08-06 01:40:20.449387
1241,OFF-PA-10003936,17,Office Supply Warehouse,Chicago,93,58,In Stock,2026-07-30,2026-08-06 01:40:20.449387
1242,OFF-PA-10003953,1,Office Supply Warehouse,Chicago,50,79,Low Stock,2026-07-25,2026-08-06 01:40:20.449387
1243,OFF-PA-10003971,2,Office Supply Warehouse,Chicago,452,61,In Stock,2026-06-25,2026-08-06 01:40:20.449387
1244,OFF-PA-10004000,3,Office Supply Warehouse,Chicago,399,51,In Stock,2026-07-14,2026-08-06 01:40:20.449387
1245,OFF-PA-10004022,4,Office Supply Warehouse,Chicago,91,66,In Stock,2026-07-04,2026-08-06 01:40:20.449387
1246,OFF-PA-10004039,5,Office Supply Warehouse,Chicago,302,55,In Stock,2026-07-28,2026-08-06 01:40:20.449387
1247,OFF-PA-10004040,6,Office Supply Warehouse,Chicago,345,34,In Stock,2026-07-20,2026-08-06 01:40:20.449387
1248,OFF-PA-10004041,7,Office Supply Warehouse,Chicago,248,77,In Stock,2026-07-15,2026-08-06 01:40:20.449387
1249,OFF-PA-10004071,8,Office Supply Warehouse,Chicago,160,29,In Stock,2026-07-09,2026-08-06 01:40:20.449387
1250,OFF-PA-10004082,9,Office Supply Warehouse,Chicago,215,28,In Stock,2026-06-13,2026-08-06 01:40:20.449387
1251,OFF-PA-10004092,10,Office Supply Warehouse,Chicago,492,43,In Stock,2026-07-07,2026-08-06 01:40:20.449387
1252,OFF-PA-10004100,11,Office Supply Warehouse,Chicago,297,68,In Stock,2026-06-20,2026-08-06 01:40:20.449387
1253,OFF-PA-10004101,12,Office Supply Warehouse,Chicago,315,22,In Stock,2026-07-27,2026-08-06 01:40:20.449387
1254,OFF-PA-10004156,13,Office Supply Warehouse,Chicago,465,40,In Stock,2026-06-09,2026-08-06 01:40:20.449387
1255,OFF-PA-10004239,14,Office Supply Warehouse,Chicago,294,62,In Stock,2026-06-22,2026-08-06 01:40:20.449387
1256,OFF-PA-10004243,15,Office Supply Warehouse,Chicago,394,21,In Stock,2026-06-19,2026-08-06 01:40:20.449387
1257,OFF-PA-10004248,16,Office Supply Warehouse,Chicago,497,70,In Stock,2026-08-02,2026-08-06 01:40:20.449387
1258,OFF-PA-10004255,17,Office Supply Warehouse,Chicago,456,34,In Stock,2026-07-25,2026-08-06 01:40:20.449387
1259,OFF-PA-10004285,1,Office Supply Warehouse,Chicago,308,70,In Stock,2026-06-20,2026-08-06 01:40:20.449387
1260,OFF-PA-10004327,2,Office Supply Warehouse,Chicago,256,24,In Stock,2026-07-20,2026-08-06 01:40:20.449387
1261,OFF-PA-10004353,3,Office Supply Warehouse,Chicago,402,40,In Stock,2026-06-26,2026-08-06 01:40:20.449387
1262,OFF-PA-10004355,4,Office Supply Warehouse,Chicago,150,63,In Stock,2026-07-03,2026-08-06 01:40:20.449387
1263,OFF-PA-10004359,5,Office Supply Warehouse,Chicago,349,58,In Stock,2026-07-18,2026-08-06 01:40:20.449387
1264,OFF-PA-10004381,6,Office Supply Warehouse,Chicago,499,55,In Stock,2026-06-28,2026-08-06 01:40:20.449387
1265,OFF-PA-10004405,7,Office Supply Warehouse,Chicago,191,62,In Stock,2026-06-12,2026-08-06 01:40:20.449387
1266,OFF-PA-10004438,8,Office Supply Warehouse,Chicago,234,39,In Stock,2026-06-20,2026-08-06 01:40:20.449387
1267,OFF-PA-10004451,9,Office Supply Warehouse,Chicago,340,42,In Stock,2026-06-12,2026-08-06 01:40:20.449387
1268,OFF-PA-10004470,10,Office Supply Warehouse,Chicago,313,22,In Stock,2026-07-06,2026-08-06 01:40:20.449387
1269,OFF-PA-10004475,11,Office Supply Warehouse,Chicago,100,64,In Stock,2026-07-22,2026-08-06 01:40:20.449387
1270,OFF-PA-10004519,12,Office Supply Warehouse,Chicago,63,46,In Stock,2026-06-23,2026-08-06 01:40:20.449387
1271,OFF-PA-10004530,13,Office Supply Warehouse,Chicago,453,59,In Stock,2026-08-02,2026-08-06 01:40:20.449387
1272,OFF-PA-10004569,14,Office Supply Warehouse,Chicago,117,37,In Stock,2026-07-05,2026-08-06 01:40:20.449387
1273,OFF-PA-10004609,15,Office Supply Warehouse,Chicago,445,61,In Stock,2026-07-24,2026-08-06 01:40:20.449387
1274,OFF-PA-10004610,16,Office Supply Warehouse,Chicago,143,20,In Stock,2026-06-13,2026-08-06 01:40:20.449387
1275,OFF-PA-10004621,17,Office Supply Warehouse,Chicago,282,69,In Stock,2026-06-13,2026-08-06 01:40:20.449387
1276,OFF-PA-10004665,1,Office Supply Warehouse,Chicago,166,28,In Stock,2026-07-09,2026-08-06 01:40:20.449387
1277,OFF-PA-10004675,2,Office Supply Warehouse,Chicago,460,64,In Stock,2026-08-03,2026-08-06 01:40:20.449387
1278,OFF-PA-10004733,3,Office Supply Warehouse,Chicago,113,59,In Stock,2026-07-15,2026-08-06 01:40:20.449387
1279,OFF-PA-10004734,4,Office Supply Warehouse,Chicago,261,50,In Stock,2026-07-25,2026-08-06 01:40:20.449387
1280,OFF-PA-10004735,5,Office Supply Warehouse,Chicago,240,20,In Stock,2026-07-02,2026-08-06 01:40:20.449387
1281,OFF-PA-10004782,6,Office Supply Warehouse,Chicago,193,56,In Stock,2026-06-09,2026-08-06 01:40:20.449387
1282,OFF-PA-10004888,7,Office Supply Warehouse,Chicago,458,49,In Stock,2026-07-08,2026-08-06 01:40:20.449387
1283,OFF-PA-10004911,8,Office Supply Warehouse,Chicago,340,63,In Stock,2026-06-10,2026-08-06 01:40:20.449387
1284,OFF-PA-10004947,9,Office Supply Warehouse,Chicago,298,75,In Stock,2026-07-14,2026-08-06 01:40:20.449387
1285,OFF-PA-10004948,10,Office Supply Warehouse,Chicago,497,55,In Stock,2026-07-29,2026-08-06 01:40:20.449387
1286,OFF-PA-10004965,11,Office Supply Warehouse,Chicago,171,57,In Stock,2026-07-02,2026-08-06 01:40:20.449387
1287,OFF-PA-10004971,12,Office Supply Warehouse,Chicago,438,70,In Stock,2026-07-11,2026-08-06 01:40:20.449387
1288,OFF-PA-10004983,13,Office Supply Warehouse,Chicago,182,80,In Stock,2026-06-26,2026-08-06 01:40:20.449387
1289,OFF-PA-10004996,14,Office Supply Warehouse,Chicago,301,44,In Stock,2026-06-14,2026-08-06 01:40:20.449387
1290,OFF-ST-10000025,15,Office Supply Warehouse,Chicago,391,52,In Stock,2026-07-12,2026-08-06 01:40:20.449387
1291,OFF-ST-10000036,16,Office Supply Warehouse,Chicago,101,64,In Stock,2026-06-29,2026-08-06 01:40:20.449387
1292,OFF-ST-10000046,17,Office Supply Warehouse,Chicago,206,61,In Stock,2026-06-10,2026-08-06 01:40:20.449387
1293,OFF-ST-10000060,1,Office Supply Warehouse,Chicago,267,65,In Stock,2026-07-11,2026-08-06 01:40:20.449387
1294,OFF-ST-10000078,2,Office Supply Warehouse,Chicago,315,28,In Stock,2026-06-26,2026-08-06 01:40:20.449387
1295,OFF-ST-10000107,3,Office Supply Warehouse,Chicago,85,28,In Stock,2026-06-24,2026-08-06 01:40:20.449387
1296,OFF-ST-10000129,4,Office Supply Warehouse,Chicago,179,70,In Stock,2026-06-11,2026-08-06 01:40:20.449387
1297,OFF-ST-10000136,5,Office Supply Warehouse,Chicago,267,78,In Stock,2026-06-13,2026-08-06 01:40:20.449387
1298,OFF-ST-10000142,6,Office Supply Warehouse,Chicago,306,69,In Stock,2026-08-02,2026-08-06 01:40:20.449387
1299,OFF-ST-10000321,7,Office Supply Warehouse,Chicago,281,69,In Stock,2026-06-24,2026-08-06 01:40:20.449387
1300,OFF-ST-10000344,8,Office Supply Warehouse,Chicago,110,76,In Stock,2026-07-05,2026-08-06 01:40:20.449387
1301,OFF-ST-10000352,9,Office Supply Warehouse,Chicago,378,49,In Stock,2026-07-29,2026-08-06 01:40:20.449387
1302,OFF-ST-10000419,10,Office Supply Warehouse,Chicago,265,69,In Stock,2026-06-22,2026-08-06 01:40:20.449387
1303,OFF-ST-10000464,11,Office Supply Warehouse,Chicago,304,23,In Stock,2026-07-05,2026-08-06 01:40:20.449387
1304,OFF-ST-10000532,12,Office Supply Warehouse,Chicago,213,46,In Stock,2026-06-28,2026-08-06 01:40:20.449387
1305,OFF-ST-10000563,13,Office Supply Warehouse,Chicago,430,48,In Stock,2026-06-12,2026-08-06 01:40:20.449387
1306,OFF-ST-10000585,14,Office Supply Warehouse,Chicago,180,41,In Stock,2026-07-06,2026-08-06 01:40:20.449387
1307,OFF-ST-10000604,15,Office Supply Warehouse,Chicago,461,28,In Stock,2026-07-20,2026-08-06 01:40:20.449387
1308,OFF-ST-10000615,16,Office Supply Warehouse,Chicago,288,30,In Stock,2026-07-31,2026-08-06 01:40:20.449387
1309,OFF-ST-10000617,17,Office Supply Warehouse,Chicago,148,42,In Stock,2026-07-01,2026-08-06 01:40:20.449387
1310,OFF-ST-10000636,1,Office Supply Warehouse,Chicago,413,20,In Stock,2026-07-22,2026-08-06 01:40:20.449387
1311,OFF-ST-10000642,2,Office Supply Warehouse,Chicago,483,64,In Stock,2026-07-29,2026-08-06 01:40:20.449387
1312,OFF-ST-10000649,3,Office Supply Warehouse,Chicago,225,31,In Stock,2026-06-16,2026-08-06 01:40:20.449387
1313,OFF-ST-10000675,4,Office Supply Warehouse,Chicago,266,56,In Stock,2026-06-25,2026-08-06 01:40:20.449387
1314,OFF-ST-10000676,5,Office Supply Warehouse,Chicago,101,46,In Stock,2026-06-13,2026-08-06 01:40:20.449387
1315,OFF-ST-10000689,6,Office Supply Warehouse,Chicago,268,55,In Stock,2026-08-03,2026-08-06 01:40:20.449387
1316,OFF-ST-10000736,7,Office Supply Warehouse,Chicago,294,62,In Stock,2026-07-16,2026-08-06 01:40:20.449387
1317,OFF-ST-10000760,8,Office Supply Warehouse,Chicago,417,21,In Stock,2026-07-30,2026-08-06 01:40:20.449387
1318,OFF-ST-10000777,9,Office Supply Warehouse,Chicago,342,62,In Stock,2026-06-24,2026-08-06 01:40:20.449387
1319,OFF-ST-10000798,10,Office Supply Warehouse,Chicago,59,56,In Stock,2026-07-30,2026-08-06 01:40:20.449387
1320,OFF-ST-10000876,11,Office Supply Warehouse,Chicago,417,43,In Stock,2026-06-21,2026-08-06 01:40:20.449387
1321,OFF-ST-10000877,12,Office Supply Warehouse,Chicago,228,74,In Stock,2026-08-01,2026-08-06 01:40:20.449387
1322,OFF-ST-10000885,13,Office Supply Warehouse,Chicago,285,45,In Stock,2026-06-14,2026-08-06 01:40:20.449387
1323,OFF-ST-10000918,14,Office Supply Warehouse,Chicago,212,29,In Stock,2026-06-24,2026-08-06 01:40:20.449387
1324,OFF-ST-10000934,15,Office Supply Warehouse,Chicago,281,46,In Stock,2026-07-27,2026-08-06 01:40:20.449387
1325,OFF-ST-10000943,16,Office Supply Warehouse,Chicago,93,27,In Stock,2026-07-31,2026-08-06 01:40:20.449387
1326,OFF-ST-10000991,17,Office Supply Warehouse,Chicago,131,56,In Stock,2026-07-11,2026-08-06 01:40:20.449387
1327,OFF-ST-10001031,1,Office Supply Warehouse,Chicago,213,63,In Stock,2026-06-08,2026-08-06 01:40:20.449387
1328,OFF-ST-10001034,2,Office Supply Warehouse,Chicago,248,37,In Stock,2026-06-12,2026-08-06 01:40:20.449387
1329,OFF-ST-10001097,3,Office Supply Warehouse,Chicago,204,53,In Stock,2026-07-16,2026-08-06 01:40:20.449387
1330,OFF-ST-10001128,4,Office Supply Warehouse,Chicago,304,75,In Stock,2026-07-21,2026-08-06 01:40:20.449387
1331,OFF-ST-10001172,5,Office Supply Warehouse,Chicago,322,20,In Stock,2026-07-07,2026-08-06 01:40:20.449387
1332,OFF-ST-10001228,6,Office Supply Warehouse,Chicago,259,59,In Stock,2026-06-23,2026-08-06 01:40:20.449387
1333,OFF-ST-10001272,7,Office Supply Warehouse,Chicago,494,51,In Stock,2026-06-20,2026-08-06 01:40:20.449387
1334,OFF-ST-10001291,8,Office Supply Warehouse,Chicago,94,37,In Stock,2026-07-15,2026-08-06 01:40:20.449387
1335,OFF-ST-10001321,9,Office Supply Warehouse,Chicago,313,75,In Stock,2026-07-23,2026-08-06 01:40:20.449387
1336,OFF-ST-10001325,10,Office Supply Warehouse,Chicago,282,37,In Stock,2026-07-19,2026-08-06 01:40:20.449387
1337,OFF-ST-10001328,11,Office Supply Warehouse,Chicago,160,53,In Stock,2026-06-12,2026-08-06 01:40:20.449387
1338,OFF-ST-10001370,12,Office Supply Warehouse,Chicago,356,59,In Stock,2026-06-30,2026-08-06 01:40:20.449387
1339,OFF-ST-10001414,13,Office Supply Warehouse,Chicago,206,41,In Stock,2026-06-12,2026-08-06 01:40:20.449387
1340,OFF-ST-10001418,14,Office Supply Warehouse,Chicago,384,77,In Stock,2026-07-29,2026-08-06 01:40:20.449387
1341,OFF-ST-10001469,15,Office Supply Warehouse,Chicago,241,78,In Stock,2026-08-01,2026-08-06 01:40:20.449387
1342,OFF-ST-10001476,16,Office Supply Warehouse,Chicago,281,73,In Stock,2026-06-24,2026-08-06 01:40:20.449387
1343,OFF-ST-10001490,17,Office Supply Warehouse,Chicago,420,24,In Stock,2026-07-22,2026-08-06 01:40:20.449387
1344,OFF-ST-10001496,1,Office Supply Warehouse,Chicago,101,68,In Stock,2026-07-05,2026-08-06 01:40:20.449387
1345,OFF-ST-10001505,2,Office Supply Warehouse,Chicago,226,31,In Stock,2026-07-23,2026-08-06 01:40:20.449387
1346,OFF-ST-10001511,3,Office Supply Warehouse,Chicago,442,34,In Stock,2026-06-12,2026-08-06 01:40:20.449387
1347,OFF-ST-10001522,4,Office Supply Warehouse,Chicago,334,42,In Stock,2026-07-29,2026-08-06 01:40:20.449387
1348,OFF-ST-10001526,5,Office Supply Warehouse,Chicago,261,52,In Stock,2026-08-05,2026-08-06 01:40:20.449387
1349,OFF-ST-10001558,6,Office Supply Warehouse,Chicago,124,80,In Stock,2026-06-18,2026-08-06 01:40:20.449387
1350,OFF-ST-10001580,7,Office Supply Warehouse,Chicago,290,23,In Stock,2026-06-21,2026-08-06 01:40:20.449387
1351,OFF-ST-10001590,8,Office Supply Warehouse,Chicago,319,73,In Stock,2026-07-28,2026-08-06 01:40:20.449387
1352,OFF-ST-10001713,9,Office Supply Warehouse,Chicago,113,22,In Stock,2026-08-01,2026-08-06 01:40:20.449387
1353,OFF-ST-10001780,10,Office Supply Warehouse,Chicago,324,39,In Stock,2026-07-14,2026-08-06 01:40:20.449387
1354,OFF-ST-10001809,11,Office Supply Warehouse,Chicago,483,26,In Stock,2026-06-12,2026-08-06 01:40:20.449387
1355,OFF-ST-10001837,12,Office Supply Warehouse,Chicago,165,23,In Stock,2026-07-13,2026-08-06 01:40:20.449387
1356,OFF-ST-10001932,13,Office Supply Warehouse,Chicago,164,27,In Stock,2026-08-03,2026-08-06 01:40:20.449387
1357,OFF-ST-10001963,14,Office Supply Warehouse,Chicago,479,71,In Stock,2026-07-07,2026-08-06 01:40:20.449387
1358,OFF-ST-10002011,15,Office Supply Warehouse,Chicago,96,44,In Stock,2026-08-06,2026-08-06 01:40:20.449387
1359,OFF-ST-10002182,16,Office Supply Warehouse,Chicago,170,55,In Stock,2026-07-29,2026-08-06 01:40:20.449387
1360,OFF-ST-10002205,17,Office Supply Warehouse,Chicago,91,50,In Stock,2026-07-16,2026-08-06 01:40:20.449387
1361,OFF-ST-10002214,1,Office Supply Warehouse,Chicago,376,43,In Stock,2026-07-17,2026-08-06 01:40:20.449387
1362,OFF-ST-10002276,2,Office Supply Warehouse,Chicago,88,78,In Stock,2026-06-08,2026-08-06 01:40:20.449387
1363,OFF-ST-10002289,3,Office Supply Warehouse,Chicago,179,56,In Stock,2026-08-01,2026-08-06 01:40:20.449387
1364,OFF-ST-10002292,4,Office Supply Warehouse,Chicago,60,35,In Stock,2026-08-05,2026-08-06 01:40:20.449387
1365,OFF-ST-10002301,5,Office Supply Warehouse,Chicago,258,72,In Stock,2026-06-14,2026-08-06 01:40:20.449387
1366,OFF-ST-10002344,6,Office Supply Warehouse,Chicago,175,50,In Stock,2026-06-11,2026-08-06 01:40:20.449387
1367,OFF-ST-10002352,7,Office Supply Warehouse,Chicago,452,37,In Stock,2026-06-09,2026-08-06 01:40:20.449387
1368,OFF-ST-10002370,8,Office Supply Warehouse,Chicago,229,31,In Stock,2026-07-21,2026-08-06 01:40:20.449387
1369,OFF-ST-10002406,9,Office Supply Warehouse,Chicago,456,80,In Stock,2026-06-27,2026-08-06 01:40:20.449387
1370,OFF-ST-10002444,10,Office Supply Warehouse,Chicago,163,33,In Stock,2026-07-27,2026-08-06 01:40:20.449387
1371,OFF-ST-10002485,11,Office Supply Warehouse,Chicago,128,67,In Stock,2026-06-08,2026-08-06 01:40:20.449387
1372,OFF-ST-10002486,12,Office Supply Warehouse,Chicago,441,77,In Stock,2026-07-17,2026-08-06 01:40:20.449387
1373,OFF-ST-10002554,13,Office Supply Warehouse,Chicago,343,65,In Stock,2026-06-29,2026-08-06 01:40:20.449387
1374,OFF-ST-10002562,14,Office Supply Warehouse,Chicago,410,37,In Stock,2026-06-10,2026-08-06 01:40:20.449387
1375,OFF-ST-10002574,15,Office Supply Warehouse,Chicago,195,55,In Stock,2026-07-06,2026-08-06 01:40:20.449387
1376,OFF-ST-10002583,16,Office Supply Warehouse,Chicago,362,67,In Stock,2026-06-27,2026-08-06 01:40:20.449387
1377,OFF-ST-10002615,17,Office Supply Warehouse,Chicago,297,65,In Stock,2026-06-23,2026-08-06 01:40:20.449387
1378,OFF-ST-10002743,1,Office Supply Warehouse,Chicago,273,61,In Stock,2026-06-17,2026-08-06 01:40:20.449387
1379,OFF-ST-10002756,2,Office Supply Warehouse,Chicago,258,39,In Stock,2026-07-06,2026-08-06 01:40:20.449387
1380,OFF-ST-10002790,3,Office Supply Warehouse,Chicago,414,66,In Stock,2026-07-09,2026-08-06 01:40:20.449387
1381,OFF-ST-10002957,4,Office Supply Warehouse,Chicago,216,49,In Stock,2026-07-17,2026-08-06 01:40:20.449387
1382,OFF-ST-10002974,5,Office Supply Warehouse,Chicago,145,26,In Stock,2026-07-18,2026-08-06 01:40:20.449387
1383,OFF-ST-10003058,6,Office Supply Warehouse,Chicago,287,39,In Stock,2026-08-04,2026-08-06 01:40:20.449387
1384,OFF-ST-10003123,7,Office Supply Warehouse,Chicago,61,22,In Stock,2026-08-01,2026-08-06 01:40:20.449387
1385,OFF-ST-10003208,8,Office Supply Warehouse,Chicago,327,31,In Stock,2026-06-21,2026-08-06 01:40:20.449387
1386,OFF-ST-10003221,9,Office Supply Warehouse,Chicago,110,26,In Stock,2026-06-17,2026-08-06 01:40:20.449387
1387,OFF-ST-10003282,10,Office Supply Warehouse,Chicago,193,50,In Stock,2026-07-20,2026-08-06 01:40:20.449387
1388,OFF-ST-10003306,11,Office Supply Warehouse,Chicago,340,49,In Stock,2026-07-14,2026-08-06 01:40:20.449387
1389,OFF-ST-10003324,12,Office Supply Warehouse,Chicago,304,64,In Stock,2026-07-11,2026-08-06 01:40:20.449387
1390,OFF-ST-10003327,13,Office Supply Warehouse,Chicago,390,23,In Stock,2026-06-11,2026-08-06 01:40:20.449387
1391,OFF-ST-10003442,14,Office Supply Warehouse,Chicago,102,78,In Stock,2026-08-06,2026-08-06 01:40:20.449387
1392,OFF-ST-10003455,15,Office Supply Warehouse,Chicago,340,50,In Stock,2026-07-29,2026-08-06 01:40:20.449387
1393,OFF-ST-10003470,16,Office Supply Warehouse,Chicago,207,77,In Stock,2026-08-03,2026-08-06 01:40:20.449387
1394,OFF-ST-10003479,17,Office Supply Warehouse,Chicago,125,68,In Stock,2026-07-12,2026-08-06 01:40:20.449387
1395,OFF-ST-10003572,1,Office Supply Warehouse,Chicago,485,76,In Stock,2026-07-15,2026-08-06 01:40:20.449387
1396,OFF-ST-10003638,2,Office Supply Warehouse,Chicago,270,32,In Stock,2026-06-30,2026-08-06 01:40:20.449387
1397,OFF-ST-10003641,3,Office Supply Warehouse,Chicago,253,21,In Stock,2026-06-09,2026-08-06 01:40:20.449387
1398,OFF-ST-10003656,4,Office Supply Warehouse,Chicago,311,38,In Stock,2026-06-25,2026-08-06 01:40:20.449387
1399,OFF-ST-10003692,5,Office Supply Warehouse,Chicago,365,46,In Stock,2026-07-15,2026-08-06 01:40:20.449387
1400,OFF-ST-10003716,6,Office Supply Warehouse,Chicago,208,76,In Stock,2026-07-13,2026-08-06 01:40:20.449387
1401,OFF-ST-10003722,7,Office Supply Warehouse,Chicago,178,51,In Stock,2026-06-30,2026-08-06 01:40:20.449387
1402,OFF-ST-10003805,8,Office Supply Warehouse,Chicago,423,48,In Stock,2026-06-21,2026-08-06 01:40:20.449387
1403,OFF-ST-10003816,9,Office Supply Warehouse,Chicago,382,28,In Stock,2026-07-21,2026-08-06 01:40:20.449387
1404,OFF-ST-10003994,10,Office Supply Warehouse,Chicago,247,40,In Stock,2026-08-02,2026-08-06 01:40:20.449387
1405,OFF-ST-10003996,11,Office Supply Warehouse,Chicago,197,61,In Stock,2026-07-22,2026-08-06 01:40:20.449387
1406,OFF-ST-10004123,12,Office Supply Warehouse,Chicago,58,39,In Stock,2026-06-08,2026-08-06 01:40:20.449387
1407,OFF-ST-10004180,13,Office Supply Warehouse,Chicago,126,73,In Stock,2026-06-11,2026-08-06 01:40:20.449387
1408,OFF-ST-10004186,14,Office Supply Warehouse,Chicago,323,45,In Stock,2026-07-13,2026-08-06 01:40:20.449387
1409,OFF-ST-10004258,15,Office Supply Warehouse,Chicago,295,21,In Stock,2026-06-21,2026-08-06 01:40:20.449387
1410,OFF-ST-10004337,16,Office Supply Warehouse,Chicago,307,53,In Stock,2026-08-03,2026-08-06 01:40:20.449387
1411,OFF-ST-10004340,17,Office Supply Warehouse,Chicago,277,55,In Stock,2026-07-05,2026-08-06 01:40:20.449387
1412,OFF-ST-10004459,1,Office Supply Warehouse,Chicago,126,73,In Stock,2026-07-20,2026-08-06 01:40:20.449387
1413,OFF-ST-10004507,2,Office Supply Warehouse,Chicago,110,30,In Stock,2026-07-29,2026-08-06 01:40:20.449387
1414,OFF-ST-10004634,3,Office Supply Warehouse,Chicago,425,56,In Stock,2026-07-30,2026-08-06 01:40:20.449387
1415,OFF-ST-10004804,4,Office Supply Warehouse,Chicago,376,35,In Stock,2026-06-10,2026-08-06 01:40:20.449387
1416,OFF-ST-10004835,5,Office Supply Warehouse,Chicago,431,71,In Stock,2026-07-11,2026-08-06 01:40:20.449387
1417,OFF-ST-10004946,6,Office Supply Warehouse,Chicago,54,34,In Stock,2026-07-28,2026-08-06 01:40:20.449387
1418,OFF-ST-10004950,7,Office Supply Warehouse,Chicago,239,52,In Stock,2026-07-02,2026-08-06 01:40:20.449387
1419,OFF-ST-10004963,8,Office Supply Warehouse,Chicago,117,37,In Stock,2026-07-26,2026-08-06 01:40:20.449387
1420,OFF-SU-10000151,9,Office Supply Warehouse,Chicago,355,70,In Stock,2026-08-01,2026-08-06 01:40:20.449387
1421,OFF-SU-10000157,10,Office Supply Warehouse,Chicago,488,70,In Stock,2026-07-13,2026-08-06 01:40:20.449387
1422,OFF-SU-10000381,11,Office Supply Warehouse,Chicago,464,41,In Stock,2026-07-18,2026-08-06 01:40:20.449387
1423,OFF-SU-10000432,12,Office Supply Warehouse,Chicago,356,39,In Stock,2026-07-06,2026-08-06 01:40:20.449387
1424,OFF-SU-10000646,13,Office Supply Warehouse,Chicago,362,46,In Stock,2026-07-23,2026-08-06 01:40:20.449387
1425,OFF-SU-10000898,14,Office Supply Warehouse,Chicago,364,21,In Stock,2026-07-15,2026-08-06 01:40:20.449387
1426,OFF-SU-10000946,15,Office Supply Warehouse,Chicago,165,32,In Stock,2026-06-11,2026-08-06 01:40:20.449387
1427,OFF-SU-10000952,16,Office Supply Warehouse,Chicago,457,71,In Stock,2026-07-11,2026-08-06 01:40:20.449387
1428,OFF-SU-10001165,17,Office Supply Warehouse,Chicago,63,42,In Stock,2026-06-11,2026-08-06 01:40:20.449387
1429,OFF-SU-10001212,1,Office Supply Warehouse,Chicago,145,25,In Stock,2026-06-13,2026-08-06 01:40:20.449387
1430,OFF-SU-10001218,2,Office Supply Warehouse,Chicago,489,53,In Stock,2026-08-01,2026-08-06 01:40:20.449387
1431,OFF-SU-10001225,3,Office Supply Warehouse,Chicago,70,43,In Stock,2026-08-06,2026-08-06 01:40:20.449387
1432,OFF-SU-10001574,4,Office Supply Warehouse,Chicago,340,27,In Stock,2026-07-14,2026-08-06 01:40:20.449387
1433,OFF-SU-10001664,5,Office Supply Warehouse,Chicago,60,34,In Stock,2026-07-20,2026-08-06 01:40:20.449387
1434,OFF-SU-10001935,6,Office Supply Warehouse,Chicago,202,57,In Stock,2026-07-18,2026-08-06 01:40:20.449387
1435,OFF-SU-10002189,7,Office Supply Warehouse,Chicago,447,55,In Stock,2026-06-23,2026-08-06 01:40:20.449387
1436,OFF-SU-10002301,8,Office Supply Warehouse,Chicago,250,48,In Stock,2026-08-01,2026-08-06 01:40:20.449387
1437,OFF-SU-10002503,9,Office Supply Warehouse,Chicago,316,61,In Stock,2026-06-20,2026-08-06 01:40:20.449387
1438,OFF-SU-10002522,10,Office Supply Warehouse,Chicago,412,52,In Stock,2026-07-24,2026-08-06 01:40:20.449387
1439,OFF-SU-10002537,11,Office Supply Warehouse,Chicago,155,62,In Stock,2026-06-15,2026-08-06 01:40:20.449387
1440,OFF-SU-10002557,12,Office Supply Warehouse,Chicago,436,31,In Stock,2026-07-05,2026-08-06 01:40:20.449387
1441,OFF-SU-10002573,13,Office Supply Warehouse,Chicago,176,61,In Stock,2026-07-30,2026-08-06 01:40:20.449387
1442,OFF-SU-10002881,14,Office Supply Warehouse,Chicago,414,29,In Stock,2026-07-17,2026-08-06 01:40:20.449387
1443,OFF-SU-10003002,15,Office Supply Warehouse,Chicago,149,44,In Stock,2026-07-08,2026-08-06 01:40:20.449387
1444,OFF-SU-10003505,16,Office Supply Warehouse,Chicago,182,70,In Stock,2026-07-06,2026-08-06 01:40:20.449387
1445,OFF-SU-10003567,17,Office Supply Warehouse,Chicago,289,39,In Stock,2026-06-18,2026-08-06 01:40:20.449387
1446,OFF-SU-10003936,1,Office Supply Warehouse,Chicago,164,74,In Stock,2026-06-16,2026-08-06 01:40:20.449387
1447,OFF-SU-10004115,2,Office Supply Warehouse,Chicago,277,38,In Stock,2026-07-08,2026-08-06 01:40:20.449387
1448,OFF-SU-10004231,3,Office Supply Warehouse,Chicago,227,49,In Stock,2026-07-21,2026-08-06 01:40:20.449387
1449,OFF-SU-10004261,4,Office Supply Warehouse,Chicago,485,65,In Stock,2026-08-06,2026-08-06 01:40:20.449387
1450,OFF-SU-10004290,5,Office Supply Warehouse,Chicago,361,58,In Stock,2026-07-28,2026-08-06 01:40:20.449387
1451,OFF-SU-10004498,6,Office Supply Warehouse,Chicago,118,31,In Stock,2026-06-25,2026-08-06 01:40:20.449387
1452,OFF-SU-10004661,7,Office Supply Warehouse,Chicago,220,30,In Stock,2026-06-20,2026-08-06 01:40:20.449387
1453,OFF-SU-10004664,8,Office Supply Warehouse,Chicago,308,77,In Stock,2026-06-16,2026-08-06 01:40:20.449387
1454,OFF-SU-10004737,9,Office Supply Warehouse,Chicago,443,35,In Stock,2026-07-16,2026-08-06 01:40:20.449387
1455,OFF-SU-10004768,10,Office Supply Warehouse,Chicago,473,77,In Stock,2026-07-18,2026-08-06 01:40:20.449387
1456,OFF-SU-10004782,11,Office Supply Warehouse,Chicago,156,31,In Stock,2026-08-05,2026-08-06 01:40:20.449387
1457,OFF-SU-10004884,12,Office Supply Warehouse,Chicago,378,25,In Stock,2026-06-20,2026-08-06 01:40:20.449387
1458,TEC-AC-10000023,13,Technology Warehouse,San Francisco,214,72,In Stock,2026-07-12,2026-08-06 01:40:20.449387
1459,TEC-AC-10000057,14,Technology Warehouse,San Francisco,137,43,In Stock,2026-07-03,2026-08-06 01:40:20.449387
1460,TEC-AC-10000109,15,Technology Warehouse,San Francisco,443,43,In Stock,2026-06-27,2026-08-06 01:40:20.449387
1461,TEC-AC-10000158,16,Technology Warehouse,San Francisco,307,72,In Stock,2026-06-28,2026-08-06 01:40:20.449387
1462,TEC-AC-10000171,17,Technology Warehouse,San Francisco,343,22,In Stock,2026-07-11,2026-08-06 01:40:20.449387
1463,TEC-AC-10000199,1,Technology Warehouse,San Francisco,50,61,Low Stock,2026-06-25,2026-08-06 01:40:20.449387
1464,TEC-AC-10000290,2,Technology Warehouse,San Francisco,467,80,In Stock,2026-07-02,2026-08-06 01:40:20.449387
1465,TEC-AC-10000303,3,Technology Warehouse,San Francisco,461,79,In Stock,2026-06-29,2026-08-06 01:40:20.449387
1466,TEC-AC-10000358,4,Technology Warehouse,San Francisco,92,76,In Stock,2026-07-04,2026-08-06 01:40:20.449387
1467,TEC-AC-10000387,5,Technology Warehouse,San Francisco,479,52,In Stock,2026-07-25,2026-08-06 01:40:20.449387
1468,TEC-AC-10000397,6,Technology Warehouse,San Francisco,182,31,In Stock,2026-06-10,2026-08-06 01:40:20.449387
1469,TEC-AC-10000420,7,Technology Warehouse,San Francisco,310,54,In Stock,2026-07-01,2026-08-06 01:40:20.449387
1470,TEC-AC-10000474,8,Technology Warehouse,San Francisco,452,26,In Stock,2026-06-10,2026-08-06 01:40:20.449387
1471,TEC-AC-10000487,9,Technology Warehouse,San Francisco,52,70,Low Stock,2026-08-06,2026-08-06 01:40:20.449387
1472,TEC-AC-10000521,10,Technology Warehouse,San Francisco,324,28,In Stock,2026-07-24,2026-08-06 01:40:20.449387
1473,TEC-AC-10000580,11,Technology Warehouse,San Francisco,308,36,In Stock,2026-07-03,2026-08-06 01:40:20.449387
1474,TEC-AC-10000682,12,Technology Warehouse,San Francisco,307,72,In Stock,2026-07-05,2026-08-06 01:40:20.449387
1475,TEC-AC-10000710,13,Technology Warehouse,San Francisco,436,68,In Stock,2026-07-01,2026-08-06 01:40:20.449387
1476,TEC-AC-10000736,14,Technology Warehouse,San Francisco,303,48,In Stock,2026-07-10,2026-08-06 01:40:20.449387
1477,TEC-AC-10000844,15,Technology Warehouse,San Francisco,283,49,In Stock,2026-07-16,2026-08-06 01:40:20.449387
1478,TEC-AC-10000865,16,Technology Warehouse,San Francisco,470,66,In Stock,2026-07-16,2026-08-06 01:40:20.449387
1479,TEC-AC-10000892,17,Technology Warehouse,San Francisco,199,44,In Stock,2026-07-18,2026-08-06 01:40:20.449387
1480,TEC-AC-10000926,1,Technology Warehouse,San Francisco,431,33,In Stock,2026-07-11,2026-08-06 01:40:20.449387
1481,TEC-AC-10000927,2,Technology Warehouse,San Francisco,170,28,In Stock,2026-06-27,2026-08-06 01:40:20.449387
1482,TEC-AC-10000990,3,Technology Warehouse,San Francisco,372,21,In Stock,2026-07-29,2026-08-06 01:40:20.449387
1483,TEC-AC-10000991,4,Technology Warehouse,San Francisco,216,79,In Stock,2026-07-24,2026-08-06 01:40:20.449387
1484,TEC-AC-10001013,5,Technology Warehouse,San Francisco,347,60,In Stock,2026-07-16,2026-08-06 01:40:20.449387
1485,TEC-AC-10001090,6,Technology Warehouse,San Francisco,489,45,In Stock,2026-07-27,2026-08-06 01:40:20.449387
1486,TEC-AC-10001101,7,Technology Warehouse,San Francisco,251,63,In Stock,2026-08-01,2026-08-06 01:40:20.449387
1487,TEC-AC-10001109,8,Technology Warehouse,San Francisco,224,66,In Stock,2026-07-25,2026-08-06 01:40:20.449387
1488,TEC-AC-10001114,9,Technology Warehouse,San Francisco,170,37,In Stock,2026-06-19,2026-08-06 01:40:20.449387
1489,TEC-AC-10001142,10,Technology Warehouse,San Francisco,237,50,In Stock,2026-07-07,2026-08-06 01:40:20.449387
1490,TEC-AC-10001266,11,Technology Warehouse,San Francisco,143,32,In Stock,2026-06-09,2026-08-06 01:40:20.449387
1491,TEC-AC-10001267,12,Technology Warehouse,San Francisco,176,56,In Stock,2026-07-16,2026-08-06 01:40:20.449387
1492,TEC-AC-10001284,13,Technology Warehouse,San Francisco,178,75,In Stock,2026-06-12,2026-08-06 01:40:20.449387
1493,TEC-AC-10001314,14,Technology Warehouse,San Francisco,209,69,In Stock,2026-06-11,2026-08-06 01:40:20.449387
1494,TEC-AC-10001383,15,Technology Warehouse,San Francisco,140,21,In Stock,2026-07-17,2026-08-06 01:40:20.449387
1495,TEC-AC-10001432,16,Technology Warehouse,San Francisco,248,25,In Stock,2026-07-21,2026-08-06 01:40:20.449387
1496,TEC-AC-10001445,17,Technology Warehouse,San Francisco,154,50,In Stock,2026-08-04,2026-08-06 01:40:20.449387
1497,TEC-AC-10001465,1,Technology Warehouse,San Francisco,50,76,Low Stock,2026-07-02,2026-08-06 01:40:20.449387
1498,TEC-AC-10001539,2,Technology Warehouse,San Francisco,391,20,In Stock,2026-07-29,2026-08-06 01:40:20.449387
1499,TEC-AC-10001542,3,Technology Warehouse,San Francisco,347,62,In Stock,2026-06-27,2026-08-06 01:40:20.449387
1500,TEC-AC-10001552,4,Technology Warehouse,San Francisco,234,22,In Stock,2026-07-16,2026-08-06 01:40:20.449387
1501,TEC-AC-10001553,5,Technology Warehouse,San Francisco,279,56,In Stock,2026-07-11,2026-08-06 01:40:20.449387
1502,TEC-AC-10001590,6,Technology Warehouse,San Francisco,91,76,In Stock,2026-06-12,2026-08-06 01:40:20.449387
1503,TEC-AC-10001606,7,Technology Warehouse,San Francisco,214,52,In Stock,2026-07-28,2026-08-06 01:40:20.449387
1504,TEC-AC-10001635,8,Technology Warehouse,San Francisco,424,28,In Stock,2026-06-11,2026-08-06 01:40:20.449387
1505,TEC-AC-10001714,9,Technology Warehouse,San Francisco,269,47,In Stock,2026-06-24,2026-08-06 01:40:20.449387
1506,TEC-AC-10001767,10,Technology Warehouse,San Francisco,99,51,In Stock,2026-06-24,2026-08-06 01:40:20.449387
1507,TEC-AC-10001772,11,Technology Warehouse,San Francisco,258,23,In Stock,2026-08-05,2026-08-06 01:40:20.449387
1508,TEC-AC-10001838,12,Technology Warehouse,San Francisco,288,35,In Stock,2026-07-07,2026-08-06 01:40:20.449387
1509,TEC-AC-10001874,13,Technology Warehouse,San Francisco,338,30,In Stock,2026-08-06,2026-08-06 01:40:20.449387
1510,TEC-AC-10001908,14,Technology Warehouse,San Francisco,205,25,In Stock,2026-07-19,2026-08-06 01:40:20.449387
1511,TEC-AC-10001956,15,Technology Warehouse,San Francisco,433,61,In Stock,2026-07-05,2026-08-06 01:40:20.449387
1512,TEC-AC-10001990,16,Technology Warehouse,San Francisco,483,46,In Stock,2026-07-25,2026-08-06 01:40:20.449387
1513,TEC-AC-10001998,17,Technology Warehouse,San Francisco,168,42,In Stock,2026-07-13,2026-08-06 01:40:20.449387
1514,TEC-AC-10002001,1,Technology Warehouse,San Francisco,202,78,In Stock,2026-06-10,2026-08-06 01:40:20.449387
1515,TEC-AC-10002006,2,Technology Warehouse,San Francisco,383,58,In Stock,2026-07-07,2026-08-06 01:40:20.449387
1516,TEC-AC-10002018,3,Technology Warehouse,San Francisco,100,28,In Stock,2026-06-28,2026-08-06 01:40:20.449387
1517,TEC-AC-10002049,4,Technology Warehouse,San Francisco,373,79,In Stock,2026-07-27,2026-08-06 01:40:20.449387
1518,TEC-AC-10002076,5,Technology Warehouse,San Francisco,459,71,In Stock,2026-06-30,2026-08-06 01:40:20.449387
1519,TEC-AC-10002134,6,Technology Warehouse,San Francisco,417,70,In Stock,2026-06-11,2026-08-06 01:40:20.449387
1520,TEC-AC-10002167,7,Technology Warehouse,San Francisco,262,69,In Stock,2026-08-05,2026-08-06 01:40:20.449387
1521,TEC-AC-10002217,8,Technology Warehouse,San Francisco,374,62,In Stock,2026-07-11,2026-08-06 01:40:20.449387
1522,TEC-AC-10002253,9,Technology Warehouse,San Francisco,360,71,In Stock,2026-08-05,2026-08-06 01:40:20.449387
1523,TEC-AC-10002305,10,Technology Warehouse,San Francisco,264,61,In Stock,2026-07-06,2026-08-06 01:40:20.449387
1524,TEC-AC-10002323,11,Technology Warehouse,San Francisco,178,39,In Stock,2026-07-09,2026-08-06 01:40:20.449387
1525,TEC-AC-10002331,12,Technology Warehouse,San Francisco,153,34,In Stock,2026-07-28,2026-08-06 01:40:20.449387
1526,TEC-AC-10002335,13,Technology Warehouse,San Francisco,434,69,In Stock,2026-06-10,2026-08-06 01:40:20.449387
1527,TEC-AC-10002345,14,Technology Warehouse,San Francisco,405,65,In Stock,2026-06-14,2026-08-06 01:40:20.449387
1528,TEC-AC-10002370,15,Technology Warehouse,San Francisco,100,30,In Stock,2026-07-25,2026-08-06 01:40:20.449387
1529,TEC-AC-10002380,16,Technology Warehouse,San Francisco,136,59,In Stock,2026-07-17,2026-08-06 01:40:20.449387
1530,TEC-AC-10002399,17,Technology Warehouse,San Francisco,74,25,In Stock,2026-07-01,2026-08-06 01:40:20.449387
1531,TEC-AC-10002402,1,Technology Warehouse,San Francisco,138,67,In Stock,2026-06-27,2026-08-06 01:40:20.449387
1532,TEC-AC-10002473,2,Technology Warehouse,San Francisco,401,57,In Stock,2026-06-24,2026-08-06 01:40:20.449387
1533,TEC-AC-10002550,3,Technology Warehouse,San Francisco,283,46,In Stock,2026-06-22,2026-08-06 01:40:20.449387
1534,TEC-AC-10002558,4,Technology Warehouse,San Francisco,270,75,In Stock,2026-06-26,2026-08-06 01:40:20.449387
1535,TEC-AC-10002567,5,Technology Warehouse,San Francisco,488,76,In Stock,2026-07-08,2026-08-06 01:40:20.449387
1536,TEC-AC-10002600,6,Technology Warehouse,San Francisco,97,65,In Stock,2026-06-22,2026-08-06 01:40:20.449387
1537,TEC-AC-10002637,7,Technology Warehouse,San Francisco,213,74,In Stock,2026-07-02,2026-08-06 01:40:20.449387
1538,TEC-AC-10002647,8,Technology Warehouse,San Francisco,120,63,In Stock,2026-07-24,2026-08-06 01:40:20.449387
1539,TEC-AC-10002718,9,Technology Warehouse,San Francisco,247,64,In Stock,2026-07-20,2026-08-06 01:40:20.449387
1540,TEC-AC-10002800,10,Technology Warehouse,San Francisco,356,46,In Stock,2026-07-11,2026-08-06 01:40:20.449387
1541,TEC-AC-10002842,11,Technology Warehouse,San Francisco,107,33,In Stock,2026-06-16,2026-08-06 01:40:20.449387
1542,TEC-AC-10002857,12,Technology Warehouse,San Francisco,90,70,In Stock,2026-06-18,2026-08-06 01:40:20.449387
1543,TEC-AC-10002926,13,Technology Warehouse,San Francisco,318,31,In Stock,2026-07-19,2026-08-06 01:40:20.449387
1544,TEC-AC-10002942,14,Technology Warehouse,San Francisco,63,69,Low Stock,2026-08-01,2026-08-06 01:40:20.449387
1545,TEC-AC-10003023,15,Technology Warehouse,San Francisco,440,80,In Stock,2026-07-07,2026-08-06 01:40:20.449387
1546,TEC-AC-10003027,16,Technology Warehouse,San Francisco,190,73,In Stock,2026-07-25,2026-08-06 01:40:20.449387
1547,TEC-AC-10003033,17,Technology Warehouse,San Francisco,71,76,Low Stock,2026-07-22,2026-08-06 01:40:20.449387
1548,TEC-AC-10003038,1,Technology Warehouse,San Francisco,108,58,In Stock,2026-07-31,2026-08-06 01:40:20.449387
1549,TEC-AC-10003063,2,Technology Warehouse,San Francisco,386,55,In Stock,2026-07-16,2026-08-06 01:40:20.449387
1550,TEC-AC-10003095,3,Technology Warehouse,San Francisco,241,24,In Stock,2026-07-22,2026-08-06 01:40:20.449387
1551,TEC-AC-10003116,4,Technology Warehouse,San Francisco,238,77,In Stock,2026-08-03,2026-08-06 01:40:20.449387
1552,TEC-AC-10003133,5,Technology Warehouse,San Francisco,261,80,In Stock,2026-06-30,2026-08-06 01:40:20.449387
1553,TEC-AC-10003174,6,Technology Warehouse,San Francisco,208,30,In Stock,2026-08-01,2026-08-06 01:40:20.449387
1554,TEC-AC-10003198,7,Technology Warehouse,San Francisco,340,58,In Stock,2026-07-18,2026-08-06 01:40:20.449387
1555,TEC-AC-10003237,8,Technology Warehouse,San Francisco,126,50,In Stock,2026-07-30,2026-08-06 01:40:20.449387
1556,TEC-AC-10003280,9,Technology Warehouse,San Francisco,413,69,In Stock,2026-07-13,2026-08-06 01:40:20.449387
1557,TEC-AC-10003289,10,Technology Warehouse,San Francisco,430,58,In Stock,2026-06-23,2026-08-06 01:40:20.449387
1558,TEC-AC-10003399,11,Technology Warehouse,San Francisco,496,28,In Stock,2026-07-14,2026-08-06 01:40:20.449387
1559,TEC-AC-10003433,12,Technology Warehouse,San Francisco,353,45,In Stock,2026-06-16,2026-08-06 01:40:20.449387
1560,TEC-AC-10003441,13,Technology Warehouse,San Francisco,117,43,In Stock,2026-07-31,2026-08-06 01:40:20.449387
1561,TEC-AC-10003447,14,Technology Warehouse,San Francisco,333,74,In Stock,2026-07-01,2026-08-06 01:40:20.449387
1562,TEC-AC-10003499,15,Technology Warehouse,San Francisco,269,53,In Stock,2026-08-01,2026-08-06 01:40:20.449387
1563,TEC-AC-10003590,16,Technology Warehouse,San Francisco,452,36,In Stock,2026-06-27,2026-08-06 01:40:20.449387
1564,TEC-AC-10003610,17,Technology Warehouse,San Francisco,442,48,In Stock,2026-06-09,2026-08-06 01:40:20.449387
1565,TEC-AC-10003614,1,Technology Warehouse,San Francisco,84,74,In Stock,2026-06-10,2026-08-06 01:40:20.449387
1566,TEC-AC-10003628,2,Technology Warehouse,San Francisco,365,46,In Stock,2026-07-24,2026-08-06 01:40:20.449387
1567,TEC-AC-10003657,3,Technology Warehouse,San Francisco,345,76,In Stock,2026-06-17,2026-08-06 01:40:20.449387
1568,TEC-AC-10003709,4,Technology Warehouse,San Francisco,119,32,In Stock,2026-07-20,2026-08-06 01:40:20.449387
1569,TEC-AC-10003832,5,Technology Warehouse,San Francisco,296,44,In Stock,2026-06-24,2026-08-06 01:40:20.449387
1570,TEC-AC-10003870,6,Technology Warehouse,San Francisco,320,57,In Stock,2026-07-10,2026-08-06 01:40:20.449387
1571,TEC-AC-10003911,7,Technology Warehouse,San Francisco,78,32,In Stock,2026-07-16,2026-08-06 01:40:20.449387
1572,TEC-AC-10004001,8,Technology Warehouse,San Francisco,442,25,In Stock,2026-06-14,2026-08-06 01:40:20.449387
1573,TEC-AC-10004114,9,Technology Warehouse,San Francisco,167,79,In Stock,2026-07-20,2026-08-06 01:40:20.449387
1574,TEC-AC-10004127,10,Technology Warehouse,San Francisco,366,41,In Stock,2026-07-17,2026-08-06 01:40:20.449387
1575,TEC-AC-10004145,11,Technology Warehouse,San Francisco,81,59,In Stock,2026-07-26,2026-08-06 01:40:20.449387
1576,TEC-AC-10004171,12,Technology Warehouse,San Francisco,432,54,In Stock,2026-07-03,2026-08-06 01:40:20.449387
1577,TEC-AC-10004209,13,Technology Warehouse,San Francisco,397,61,In Stock,2026-07-03,2026-08-06 01:40:20.449387
1578,TEC-AC-10004227,14,Technology Warehouse,San Francisco,313,22,In Stock,2026-07-01,2026-08-06 01:40:20.449387
1579,TEC-AC-10004353,15,Technology Warehouse,San Francisco,162,68,In Stock,2026-06-26,2026-08-06 01:40:20.449387
1580,TEC-AC-10004396,16,Technology Warehouse,San Francisco,433,64,In Stock,2026-07-28,2026-08-06 01:40:20.449387
1581,TEC-AC-10004420,17,Technology Warehouse,San Francisco,407,53,In Stock,2026-07-02,2026-08-06 01:40:20.449387
1582,TEC-AC-10004469,1,Technology Warehouse,San Francisco,192,59,In Stock,2026-07-07,2026-08-06 01:40:20.449387
1583,TEC-AC-10004510,2,Technology Warehouse,San Francisco,113,35,In Stock,2026-07-29,2026-08-06 01:40:20.449387
1584,TEC-AC-10004518,3,Technology Warehouse,San Francisco,485,44,In Stock,2026-08-02,2026-08-06 01:40:20.449387
1585,TEC-AC-10004568,4,Technology Warehouse,San Francisco,105,32,In Stock,2026-08-05,2026-08-06 01:40:20.449387
1586,TEC-AC-10004571,5,Technology Warehouse,San Francisco,385,66,In Stock,2026-07-30,2026-08-06 01:40:20.449387
1587,TEC-AC-10004595,6,Technology Warehouse,San Francisco,102,31,In Stock,2026-06-29,2026-08-06 01:40:20.449387
1588,TEC-AC-10004633,7,Technology Warehouse,San Francisco,281,23,In Stock,2026-07-10,2026-08-06 01:40:20.449387
1589,TEC-AC-10004659,8,Technology Warehouse,San Francisco,440,71,In Stock,2026-07-20,2026-08-06 01:40:20.449387
1590,TEC-AC-10004666,9,Technology Warehouse,San Francisco,254,21,In Stock,2026-08-06,2026-08-06 01:40:20.449387
1591,TEC-AC-10004708,10,Technology Warehouse,San Francisco,473,50,In Stock,2026-07-31,2026-08-06 01:40:20.449387
1592,TEC-AC-10004761,11,Technology Warehouse,San Francisco,338,51,In Stock,2026-07-25,2026-08-06 01:40:20.449387
1593,TEC-AC-10004803,12,Technology Warehouse,San Francisco,173,67,In Stock,2026-06-16,2026-08-06 01:40:20.449387
1594,TEC-AC-10004814,13,Technology Warehouse,San Francisco,413,21,In Stock,2026-06-11,2026-08-06 01:40:20.449387
1595,TEC-AC-10004855,14,Technology Warehouse,San Francisco,232,70,In Stock,2026-08-01,2026-08-06 01:40:20.449387
1596,TEC-AC-10004859,15,Technology Warehouse,San Francisco,490,68,In Stock,2026-06-26,2026-08-06 01:40:20.449387
1597,TEC-AC-10004864,16,Technology Warehouse,San Francisco,204,49,In Stock,2026-06-20,2026-08-06 01:40:20.449387
1598,TEC-AC-10004877,17,Technology Warehouse,San Francisco,270,73,In Stock,2026-07-24,2026-08-06 01:40:20.449387
1599,TEC-AC-10004901,1,Technology Warehouse,San Francisco,252,74,In Stock,2026-06-23,2026-08-06 01:40:20.449387
1600,TEC-AC-10004975,2,Technology Warehouse,San Francisco,257,47,In Stock,2026-07-25,2026-08-06 01:40:20.449387
1601,TEC-AC-10004992,3,Technology Warehouse,San Francisco,357,26,In Stock,2026-06-17,2026-08-06 01:40:20.449387
1602,TEC-CO-10000971,4,Technology Warehouse,San Francisco,157,65,In Stock,2026-07-29,2026-08-06 01:40:20.449387
1603,TEC-CO-10001046,5,Technology Warehouse,San Francisco,228,59,In Stock,2026-07-04,2026-08-06 01:40:20.449387
1604,TEC-CO-10001449,6,Technology Warehouse,San Francisco,339,46,In Stock,2026-07-14,2026-08-06 01:40:20.449387
1605,TEC-CO-10001571,7,Technology Warehouse,San Francisco,305,62,In Stock,2026-06-24,2026-08-06 01:40:20.449387
1606,TEC-CO-10001766,8,Technology Warehouse,San Francisco,271,42,In Stock,2026-07-25,2026-08-06 01:40:20.449387
1607,TEC-CO-10001943,9,Technology Warehouse,San Francisco,467,73,In Stock,2026-07-10,2026-08-06 01:40:20.449387
1608,TEC-CO-10002095,10,Technology Warehouse,San Francisco,460,37,In Stock,2026-06-14,2026-08-06 01:40:20.449387
1609,TEC-CO-10002313,11,Technology Warehouse,San Francisco,489,26,In Stock,2026-07-10,2026-08-06 01:40:20.449387
1610,TEC-CO-10003236,12,Technology Warehouse,San Francisco,227,52,In Stock,2026-07-03,2026-08-06 01:40:20.449387
1611,TEC-CO-10003763,13,Technology Warehouse,San Francisco,328,70,In Stock,2026-06-17,2026-08-06 01:40:20.449387
1612,TEC-CO-10004115,14,Technology Warehouse,San Francisco,454,45,In Stock,2026-07-08,2026-08-06 01:40:20.449387
1613,TEC-CO-10004202,15,Technology Warehouse,San Francisco,452,80,In Stock,2026-07-08,2026-08-06 01:40:20.449387
1614,TEC-CO-10004722,16,Technology Warehouse,San Francisco,444,43,In Stock,2026-06-14,2026-08-06 01:40:20.449387
1615,TEC-MA-10000010,17,Technology Warehouse,San Francisco,109,55,In Stock,2026-06-09,2026-08-06 01:40:20.449387
1616,TEC-MA-10000029,1,Technology Warehouse,San Francisco,95,80,In Stock,2026-07-21,2026-08-06 01:40:20.449387
1617,TEC-MA-10000045,2,Technology Warehouse,San Francisco,479,62,In Stock,2026-06-11,2026-08-06 01:40:20.449387
1618,TEC-MA-10000112,3,Technology Warehouse,San Francisco,463,39,In Stock,2026-06-22,2026-08-06 01:40:20.449387
1619,TEC-MA-10000418,4,Technology Warehouse,San Francisco,279,74,In Stock,2026-07-11,2026-08-06 01:40:20.449387
1620,TEC-MA-10000423,5,Technology Warehouse,San Francisco,435,61,In Stock,2026-07-17,2026-08-06 01:40:20.449387
1621,TEC-MA-10000488,6,Technology Warehouse,San Francisco,342,62,In Stock,2026-08-05,2026-08-06 01:40:20.449387
1622,TEC-MA-10000597,7,Technology Warehouse,San Francisco,263,77,In Stock,2026-08-05,2026-08-06 01:40:20.449387
1623,TEC-MA-10000752,8,Technology Warehouse,San Francisco,438,45,In Stock,2026-07-20,2026-08-06 01:40:20.449387
1624,TEC-MA-10000822,9,Technology Warehouse,San Francisco,68,60,In Stock,2026-06-24,2026-08-06 01:40:20.449387
1625,TEC-MA-10000864,10,Technology Warehouse,San Francisco,205,38,In Stock,2026-06-17,2026-08-06 01:40:20.449387
1626,TEC-MA-10000904,11,Technology Warehouse,San Francisco,498,50,In Stock,2026-07-18,2026-08-06 01:40:20.449387
1627,TEC-MA-10000984,12,Technology Warehouse,San Francisco,441,27,In Stock,2026-08-05,2026-08-06 01:40:20.449387
1628,TEC-MA-10001016,13,Technology Warehouse,San Francisco,319,66,In Stock,2026-06-08,2026-08-06 01:40:20.449387
1629,TEC-MA-10001031,14,Technology Warehouse,San Francisco,137,71,In Stock,2026-07-12,2026-08-06 01:40:20.449387
1630,TEC-MA-10001047,15,Technology Warehouse,San Francisco,441,57,In Stock,2026-06-14,2026-08-06 01:40:20.449387
1631,TEC-MA-10001127,16,Technology Warehouse,San Francisco,231,68,In Stock,2026-07-01,2026-08-06 01:40:20.449387
1632,TEC-MA-10001148,17,Technology Warehouse,San Francisco,127,75,In Stock,2026-06-11,2026-08-06 01:40:20.449387
1633,TEC-MA-10001570,1,Technology Warehouse,San Francisco,251,40,In Stock,2026-06-16,2026-08-06 01:40:20.449387
1634,TEC-MA-10001681,2,Technology Warehouse,San Francisco,90,73,In Stock,2026-07-29,2026-08-06 01:40:20.449387
1635,TEC-MA-10001695,3,Technology Warehouse,San Francisco,86,76,In Stock,2026-06-12,2026-08-06 01:40:20.449387
1636,TEC-MA-10001856,4,Technology Warehouse,San Francisco,380,77,In Stock,2026-07-26,2026-08-06 01:40:20.449387
1637,TEC-MA-10001972,5,Technology Warehouse,San Francisco,243,79,In Stock,2026-07-30,2026-08-06 01:40:20.449387
1638,TEC-MA-10002073,6,Technology Warehouse,San Francisco,278,49,In Stock,2026-07-01,2026-08-06 01:40:20.449387
1639,TEC-MA-10002109,7,Technology Warehouse,San Francisco,251,61,In Stock,2026-06-21,2026-08-06 01:40:20.449387
1640,TEC-MA-10002178,8,Technology Warehouse,San Francisco,405,68,In Stock,2026-07-01,2026-08-06 01:40:20.449387
1641,TEC-MA-10002210,9,Technology Warehouse,San Francisco,445,63,In Stock,2026-07-28,2026-08-06 01:40:20.449387
1642,TEC-MA-10002412,10,Technology Warehouse,San Francisco,98,39,In Stock,2026-07-19,2026-08-06 01:40:20.449387
1643,TEC-MA-10002428,11,Technology Warehouse,San Francisco,429,33,In Stock,2026-06-25,2026-08-06 01:40:20.449387
1644,TEC-MA-10002694,12,Technology Warehouse,San Francisco,68,52,In Stock,2026-07-31,2026-08-06 01:40:20.449387
1645,TEC-MA-10002790,13,Technology Warehouse,San Francisco,459,70,In Stock,2026-07-10,2026-08-06 01:40:20.449387
1646,TEC-MA-10002859,14,Technology Warehouse,San Francisco,298,38,In Stock,2026-07-16,2026-08-06 01:40:20.449387
1647,TEC-MA-10002927,15,Technology Warehouse,San Francisco,170,59,In Stock,2026-07-30,2026-08-06 01:40:20.449387
1648,TEC-MA-10002930,16,Technology Warehouse,San Francisco,56,27,In Stock,2026-07-03,2026-08-06 01:40:20.449387
1649,TEC-MA-10002937,17,Technology Warehouse,San Francisco,410,22,In Stock,2026-07-27,2026-08-06 01:40:20.449387
1650,TEC-MA-10002981,1,Technology Warehouse,San Francisco,448,63,In Stock,2026-07-12,2026-08-06 01:40:20.449387
1651,TEC-MA-10003066,2,Technology Warehouse,San Francisco,305,51,In Stock,2026-06-09,2026-08-06 01:40:20.449387
1652,TEC-MA-10003173,3,Technology Warehouse,San Francisco,131,38,In Stock,2026-06-08,2026-08-06 01:40:20.449387
1653,TEC-MA-10003176,4,Technology Warehouse,San Francisco,51,62,Low Stock,2026-06-12,2026-08-06 01:40:20.449387
1654,TEC-MA-10003183,5,Technology Warehouse,San Francisco,292,22,In Stock,2026-07-20,2026-08-06 01:40:20.449387
1655,TEC-MA-10003230,6,Technology Warehouse,San Francisco,154,25,In Stock,2026-06-19,2026-08-06 01:40:20.449387
1656,TEC-MA-10003246,7,Technology Warehouse,San Francisco,313,74,In Stock,2026-07-15,2026-08-06 01:40:20.449387
1657,TEC-MA-10003329,8,Technology Warehouse,San Francisco,494,27,In Stock,2026-08-04,2026-08-06 01:40:20.449387
1658,TEC-MA-10003337,9,Technology Warehouse,San Francisco,200,24,In Stock,2026-06-28,2026-08-06 01:40:20.449387
1659,TEC-MA-10003353,10,Technology Warehouse,San Francisco,182,49,In Stock,2026-07-25,2026-08-06 01:40:20.449387
1660,TEC-MA-10003356,11,Technology Warehouse,San Francisco,164,56,In Stock,2026-08-03,2026-08-06 01:40:20.449387
1661,TEC-MA-10003493,12,Technology Warehouse,San Francisco,312,45,In Stock,2026-07-22,2026-08-06 01:40:20.449387
1662,TEC-MA-10003589,13,Technology Warehouse,San Francisco,416,20,In Stock,2026-07-12,2026-08-06 01:40:20.449387
1663,TEC-MA-10003626,14,Technology Warehouse,San Francisco,319,29,In Stock,2026-06-17,2026-08-06 01:40:20.449387
1664,TEC-MA-10003673,15,Technology Warehouse,San Francisco,147,43,In Stock,2026-06-28,2026-08-06 01:40:20.449387
1665,TEC-MA-10003674,16,Technology Warehouse,San Francisco,364,44,In Stock,2026-07-04,2026-08-06 01:40:20.449387
1666,TEC-MA-10003979,17,Technology Warehouse,San Francisco,498,50,In Stock,2026-07-15,2026-08-06 01:40:20.449387
1667,TEC-MA-10004002,1,Technology Warehouse,San Francisco,461,80,In Stock,2026-07-06,2026-08-06 01:40:20.449387
1668,TEC-MA-10004086,2,Technology Warehouse,San Francisco,437,29,In Stock,2026-06-30,2026-08-06 01:40:20.449387
1669,TEC-MA-10004125,3,Technology Warehouse,San Francisco,230,69,In Stock,2026-07-03,2026-08-06 01:40:20.449387
1670,TEC-MA-10004212,4,Technology Warehouse,San Francisco,231,21,In Stock,2026-06-17,2026-08-06 01:40:20.449387
1671,TEC-MA-10004241,5,Technology Warehouse,San Francisco,398,51,In Stock,2026-07-15,2026-08-06 01:40:20.449387
1672,TEC-MA-10004255,6,Technology Warehouse,San Francisco,133,59,In Stock,2026-07-18,2026-08-06 01:40:20.449387
1673,TEC-MA-10004458,7,Technology Warehouse,San Francisco,297,43,In Stock,2026-06-20,2026-08-06 01:40:20.449387
1674,TEC-MA-10004521,8,Technology Warehouse,San Francisco,174,61,In Stock,2026-06-09,2026-08-06 01:40:20.449387
1675,TEC-MA-10004552,9,Technology Warehouse,San Francisco,458,75,In Stock,2026-07-01,2026-08-06 01:40:20.449387
1676,TEC-MA-10004626,10,Technology Warehouse,San Francisco,313,23,In Stock,2026-07-06,2026-08-06 01:40:20.449387
1677,TEC-MA-10004679,11,Technology Warehouse,San Francisco,125,80,In Stock,2026-08-02,2026-08-06 01:40:20.449387
1678,TEC-PH-10000004,12,Technology Warehouse,San Francisco,417,35,In Stock,2026-07-01,2026-08-06 01:40:20.449387
1679,TEC-PH-10000011,13,Technology Warehouse,San Francisco,397,39,In Stock,2026-07-22,2026-08-06 01:40:20.449387
1680,TEC-PH-10000038,14,Technology Warehouse,San Francisco,252,39,In Stock,2026-07-18,2026-08-06 01:40:20.449387
1681,TEC-PH-10000127,15,Technology Warehouse,San Francisco,284,54,In Stock,2026-07-23,2026-08-06 01:40:20.449387
1682,TEC-PH-10000141,16,Technology Warehouse,San Francisco,53,58,Low Stock,2026-07-22,2026-08-06 01:40:20.449387
1683,TEC-PH-10000148,17,Technology Warehouse,San Francisco,188,73,In Stock,2026-06-18,2026-08-06 01:40:20.449387
1684,TEC-PH-10000149,1,Technology Warehouse,San Francisco,311,25,In Stock,2026-06-21,2026-08-06 01:40:20.449387
1685,TEC-PH-10000169,2,Technology Warehouse,San Francisco,467,58,In Stock,2026-07-01,2026-08-06 01:40:20.449387
1686,TEC-PH-10000193,3,Technology Warehouse,San Francisco,414,49,In Stock,2026-06-18,2026-08-06 01:40:20.449387
1687,TEC-PH-10000213,4,Technology Warehouse,San Francisco,397,67,In Stock,2026-06-25,2026-08-06 01:40:20.449387
1688,TEC-PH-10000215,5,Technology Warehouse,San Francisco,98,33,In Stock,2026-06-25,2026-08-06 01:40:20.449387
1689,TEC-PH-10000307,6,Technology Warehouse,San Francisco,52,43,In Stock,2026-07-29,2026-08-06 01:40:20.449387
1690,TEC-PH-10000347,7,Technology Warehouse,San Francisco,485,64,In Stock,2026-07-13,2026-08-06 01:40:20.449387
1691,TEC-PH-10000369,8,Technology Warehouse,San Francisco,413,20,In Stock,2026-07-28,2026-08-06 01:40:20.449387
1692,TEC-PH-10000376,9,Technology Warehouse,San Francisco,58,33,In Stock,2026-07-25,2026-08-06 01:40:20.449387
1693,TEC-PH-10000439,10,Technology Warehouse,San Francisco,457,75,In Stock,2026-08-02,2026-08-06 01:40:20.449387
1694,TEC-PH-10000441,11,Technology Warehouse,San Francisco,227,34,In Stock,2026-07-27,2026-08-06 01:40:20.449387
1695,TEC-PH-10000455,12,Technology Warehouse,San Francisco,281,21,In Stock,2026-07-20,2026-08-06 01:40:20.449387
1696,TEC-PH-10000486,13,Technology Warehouse,San Francisco,427,29,In Stock,2026-06-09,2026-08-06 01:40:20.449387
1697,TEC-PH-10000526,14,Technology Warehouse,San Francisco,228,47,In Stock,2026-08-02,2026-08-06 01:40:20.449387
1698,TEC-PH-10000560,15,Technology Warehouse,San Francisco,402,80,In Stock,2026-06-08,2026-08-06 01:40:20.449387
1699,TEC-PH-10000562,16,Technology Warehouse,San Francisco,320,42,In Stock,2026-06-24,2026-08-06 01:40:20.449387
1700,TEC-PH-10000576,17,Technology Warehouse,San Francisco,96,42,In Stock,2026-06-09,2026-08-06 01:40:20.449387
1701,TEC-PH-10000586,1,Technology Warehouse,San Francisco,347,67,In Stock,2026-07-01,2026-08-06 01:40:20.449387
1702,TEC-PH-10000673,2,Technology Warehouse,San Francisco,145,58,In Stock,2026-07-12,2026-08-06 01:40:20.449387
1703,TEC-PH-10000675,3,Technology Warehouse,San Francisco,52,52,Low Stock,2026-06-29,2026-08-06 01:40:20.449387
1704,TEC-PH-10000702,4,Technology Warehouse,San Francisco,400,23,In Stock,2026-07-31,2026-08-06 01:40:20.449387
1705,TEC-PH-10000730,5,Technology Warehouse,San Francisco,97,77,In Stock,2026-06-21,2026-08-06 01:40:20.449387
1706,TEC-PH-10000895,6,Technology Warehouse,San Francisco,422,22,In Stock,2026-07-20,2026-08-06 01:40:20.449387
1707,TEC-PH-10000912,7,Technology Warehouse,San Francisco,57,37,In Stock,2026-06-23,2026-08-06 01:40:20.449387
1708,TEC-PH-10000923,8,Technology Warehouse,San Francisco,227,20,In Stock,2026-06-16,2026-08-06 01:40:20.449387
1709,TEC-PH-10000984,9,Technology Warehouse,San Francisco,461,77,In Stock,2026-07-13,2026-08-06 01:40:20.449387
1710,TEC-PH-10001051,10,Technology Warehouse,San Francisco,91,39,In Stock,2026-07-12,2026-08-06 01:40:20.449387
1711,TEC-PH-10001061,11,Technology Warehouse,San Francisco,57,25,In Stock,2026-08-02,2026-08-06 01:40:20.449387
1712,TEC-PH-10001079,12,Technology Warehouse,San Francisco,76,55,In Stock,2026-06-13,2026-08-06 01:40:20.449387
1713,TEC-PH-10001128,13,Technology Warehouse,San Francisco,66,69,Low Stock,2026-07-23,2026-08-06 01:40:20.449387
1714,TEC-PH-10001198,14,Technology Warehouse,San Francisco,115,26,In Stock,2026-07-31,2026-08-06 01:40:20.449387
1715,TEC-PH-10001254,15,Technology Warehouse,San Francisco,491,71,In Stock,2026-07-22,2026-08-06 01:40:20.449387
1716,TEC-PH-10001299,16,Technology Warehouse,San Francisco,298,30,In Stock,2026-07-26,2026-08-06 01:40:20.449387
1717,TEC-PH-10001300,17,Technology Warehouse,San Francisco,266,71,In Stock,2026-07-15,2026-08-06 01:40:20.449387
1718,TEC-PH-10001305,1,Technology Warehouse,San Francisco,378,79,In Stock,2026-08-03,2026-08-06 01:40:20.449387
1719,TEC-PH-10001336,2,Technology Warehouse,San Francisco,89,20,In Stock,2026-07-29,2026-08-06 01:40:20.449387
1720,TEC-PH-10001363,3,Technology Warehouse,San Francisco,77,33,In Stock,2026-06-11,2026-08-06 01:40:20.449387
1721,TEC-PH-10001425,4,Technology Warehouse,San Francisco,159,70,In Stock,2026-07-21,2026-08-06 01:40:20.449387
1722,TEC-PH-10001433,5,Technology Warehouse,San Francisco,496,48,In Stock,2026-07-31,2026-08-06 01:40:20.449387
1723,TEC-PH-10001448,6,Technology Warehouse,San Francisco,222,32,In Stock,2026-06-23,2026-08-06 01:40:20.449387
1724,TEC-PH-10001459,7,Technology Warehouse,San Francisco,239,60,In Stock,2026-07-07,2026-08-06 01:40:20.449387
1725,TEC-PH-10001468,8,Technology Warehouse,San Francisco,230,45,In Stock,2026-06-16,2026-08-06 01:40:20.449387
1726,TEC-PH-10001494,9,Technology Warehouse,San Francisco,399,35,In Stock,2026-07-26,2026-08-06 01:40:20.449387
1727,TEC-PH-10001527,10,Technology Warehouse,San Francisco,466,64,In Stock,2026-08-03,2026-08-06 01:40:20.449387
1728,TEC-PH-10001530,11,Technology Warehouse,San Francisco,68,74,Low Stock,2026-06-19,2026-08-06 01:40:20.449387
1729,TEC-PH-10001536,12,Technology Warehouse,San Francisco,300,34,In Stock,2026-07-10,2026-08-06 01:40:20.449387
1730,TEC-PH-10001552,13,Technology Warehouse,San Francisco,57,46,In Stock,2026-07-18,2026-08-06 01:40:20.449387
1731,TEC-PH-10001557,14,Technology Warehouse,San Francisco,175,60,In Stock,2026-06-30,2026-08-06 01:40:20.449387
1732,TEC-PH-10001578,15,Technology Warehouse,San Francisco,475,64,In Stock,2026-07-12,2026-08-06 01:40:20.449387
1733,TEC-PH-10001580,16,Technology Warehouse,San Francisco,188,40,In Stock,2026-06-22,2026-08-06 01:40:20.449387
1734,TEC-PH-10001615,17,Technology Warehouse,San Francisco,442,75,In Stock,2026-07-04,2026-08-06 01:40:20.449387
1735,TEC-PH-10001619,1,Technology Warehouse,San Francisco,415,53,In Stock,2026-06-17,2026-08-06 01:40:20.449387
1736,TEC-PH-10001644,2,Technology Warehouse,San Francisco,316,34,In Stock,2026-08-02,2026-08-06 01:40:20.449387
1737,TEC-PH-10001700,3,Technology Warehouse,San Francisco,372,56,In Stock,2026-07-17,2026-08-06 01:40:20.449387
1738,TEC-PH-10001750,4,Technology Warehouse,San Francisco,372,21,In Stock,2026-08-03,2026-08-06 01:40:20.449387
1739,TEC-PH-10001760,5,Technology Warehouse,San Francisco,276,52,In Stock,2026-06-26,2026-08-06 01:40:20.449387
1740,TEC-PH-10001795,6,Technology Warehouse,San Francisco,226,70,In Stock,2026-06-23,2026-08-06 01:40:20.449387
1741,TEC-PH-10001809,7,Technology Warehouse,San Francisco,97,53,In Stock,2026-06-29,2026-08-06 01:40:20.449387
1742,TEC-PH-10001817,8,Technology Warehouse,San Francisco,403,56,In Stock,2026-07-05,2026-08-06 01:40:20.449387
1743,TEC-PH-10001819,9,Technology Warehouse,San Francisco,97,56,In Stock,2026-06-19,2026-08-06 01:40:20.449387
1744,TEC-PH-10001835,10,Technology Warehouse,San Francisco,390,27,In Stock,2026-06-25,2026-08-06 01:40:20.449387
1745,TEC-PH-10001870,11,Technology Warehouse,San Francisco,466,36,In Stock,2026-07-24,2026-08-06 01:40:20.449387
1746,TEC-PH-10001918,12,Technology Warehouse,San Francisco,104,64,In Stock,2026-06-16,2026-08-06 01:40:20.449387
1747,TEC-PH-10001924,13,Technology Warehouse,San Francisco,333,26,In Stock,2026-07-24,2026-08-06 01:40:20.449387
1748,TEC-PH-10001944,14,Technology Warehouse,San Francisco,225,28,In Stock,2026-08-04,2026-08-06 01:40:20.449387
1749,TEC-PH-10001949,15,Technology Warehouse,San Francisco,127,63,In Stock,2026-06-08,2026-08-06 01:40:20.449387
1750,TEC-PH-10002033,16,Technology Warehouse,San Francisco,192,48,In Stock,2026-06-13,2026-08-06 01:40:20.449387
1751,TEC-PH-10002070,17,Technology Warehouse,San Francisco,54,24,In Stock,2026-07-03,2026-08-06 01:40:20.449387
1752,TEC-PH-10002075,1,Technology Warehouse,San Francisco,335,31,In Stock,2026-06-09,2026-08-06 01:40:20.449387
1753,TEC-PH-10002085,2,Technology Warehouse,San Francisco,295,70,In Stock,2026-06-25,2026-08-06 01:40:20.449387
1754,TEC-PH-10002103,3,Technology Warehouse,San Francisco,211,78,In Stock,2026-06-17,2026-08-06 01:40:20.449387
1755,TEC-PH-10002114,4,Technology Warehouse,San Francisco,444,44,In Stock,2026-06-18,2026-08-06 01:40:20.449387
1756,TEC-PH-10002115,5,Technology Warehouse,San Francisco,487,75,In Stock,2026-07-19,2026-08-06 01:40:20.449387
1757,TEC-PH-10002170,6,Technology Warehouse,San Francisco,392,25,In Stock,2026-07-31,2026-08-06 01:40:20.449387
1758,TEC-PH-10002185,7,Technology Warehouse,San Francisco,112,27,In Stock,2026-06-17,2026-08-06 01:40:20.449387
1759,TEC-PH-10002200,8,Technology Warehouse,San Francisco,494,74,In Stock,2026-06-22,2026-08-06 01:40:20.449387
1760,TEC-PH-10002262,9,Technology Warehouse,San Francisco,132,45,In Stock,2026-06-08,2026-08-06 01:40:20.449387
1761,TEC-PH-10002275,10,Technology Warehouse,San Francisco,85,43,In Stock,2026-06-15,2026-08-06 01:40:20.449387
1762,TEC-PH-10002293,11,Technology Warehouse,San Francisco,264,45,In Stock,2026-06-13,2026-08-06 01:40:20.449387
1763,TEC-PH-10002310,12,Technology Warehouse,San Francisco,422,58,In Stock,2026-07-04,2026-08-06 01:40:20.449387
1764,TEC-PH-10002350,13,Technology Warehouse,San Francisco,336,62,In Stock,2026-07-21,2026-08-06 01:40:20.449387
1765,TEC-PH-10002352,14,Technology Warehouse,San Francisco,240,40,In Stock,2026-07-11,2026-08-06 01:40:20.449387
1766,TEC-PH-10002365,15,Technology Warehouse,San Francisco,142,54,In Stock,2026-06-30,2026-08-06 01:40:20.449387
1767,TEC-PH-10002398,16,Technology Warehouse,San Francisco,264,31,In Stock,2026-07-12,2026-08-06 01:40:20.449387
1768,TEC-PH-10002415,17,Technology Warehouse,San Francisco,94,71,In Stock,2026-07-01,2026-08-06 01:40:20.449387
1769,TEC-PH-10002447,1,Technology Warehouse,San Francisco,420,35,In Stock,2026-07-23,2026-08-06 01:40:20.449387
1770,TEC-PH-10002468,2,Technology Warehouse,San Francisco,447,64,In Stock,2026-08-03,2026-08-06 01:40:20.449387
1771,TEC-PH-10002483,3,Technology Warehouse,San Francisco,457,24,In Stock,2026-07-11,2026-08-06 01:40:20.449387
1772,TEC-PH-10002496,4,Technology Warehouse,San Francisco,324,42,In Stock,2026-06-23,2026-08-06 01:40:20.449387
1773,TEC-PH-10002538,5,Technology Warehouse,San Francisco,53,44,In Stock,2026-07-06,2026-08-06 01:40:20.449387
1774,TEC-PH-10002549,6,Technology Warehouse,San Francisco,369,43,In Stock,2026-06-14,2026-08-06 01:40:20.449387
1775,TEC-PH-10002555,7,Technology Warehouse,San Francisco,96,41,In Stock,2026-07-06,2026-08-06 01:40:20.449387
1776,TEC-PH-10002563,8,Technology Warehouse,San Francisco,63,21,In Stock,2026-07-30,2026-08-06 01:40:20.449387
1777,TEC-PH-10002564,9,Technology Warehouse,San Francisco,442,54,In Stock,2026-06-28,2026-08-06 01:40:20.449387
1778,TEC-PH-10002583,10,Technology Warehouse,San Francisco,422,56,In Stock,2026-07-27,2026-08-06 01:40:20.449387
1779,TEC-PH-10002584,11,Technology Warehouse,San Francisco,262,75,In Stock,2026-07-24,2026-08-06 01:40:20.449387
1780,TEC-PH-10002597,12,Technology Warehouse,San Francisco,168,68,In Stock,2026-07-01,2026-08-06 01:40:20.449387
1781,TEC-PH-10002624,13,Technology Warehouse,San Francisco,450,80,In Stock,2026-07-05,2026-08-06 01:40:20.449387
1782,TEC-PH-10002645,14,Technology Warehouse,San Francisco,224,71,In Stock,2026-07-15,2026-08-06 01:40:20.449387
1783,TEC-PH-10002660,15,Technology Warehouse,San Francisco,253,48,In Stock,2026-06-14,2026-08-06 01:40:20.449387
1784,TEC-PH-10002680,16,Technology Warehouse,San Francisco,355,66,In Stock,2026-08-06,2026-08-06 01:40:20.449387
1785,TEC-PH-10002726,17,Technology Warehouse,San Francisco,485,57,In Stock,2026-06-20,2026-08-06 01:40:20.449387
1786,TEC-PH-10002789,1,Technology Warehouse,San Francisco,295,27,In Stock,2026-06-14,2026-08-06 01:40:20.449387
1787,TEC-PH-10002807,2,Technology Warehouse,San Francisco,237,74,In Stock,2026-07-10,2026-08-06 01:40:20.449387
1788,TEC-PH-10002817,3,Technology Warehouse,San Francisco,417,72,In Stock,2026-06-24,2026-08-06 01:40:20.449387
1789,TEC-PH-10002824,4,Technology Warehouse,San Francisco,476,52,In Stock,2026-06-08,2026-08-06 01:40:20.449387
1790,TEC-PH-10002834,5,Technology Warehouse,San Francisco,218,70,In Stock,2026-07-14,2026-08-06 01:40:20.449387
1791,TEC-PH-10002844,6,Technology Warehouse,San Francisco,199,30,In Stock,2026-06-29,2026-08-06 01:40:20.449387
1792,TEC-PH-10002885,7,Technology Warehouse,San Francisco,320,74,In Stock,2026-06-21,2026-08-06 01:40:20.449387
1793,TEC-PH-10002890,8,Technology Warehouse,San Francisco,456,32,In Stock,2026-07-09,2026-08-06 01:40:20.449387
1794,TEC-PH-10002922,9,Technology Warehouse,San Francisco,412,78,In Stock,2026-07-07,2026-08-06 01:40:20.449387
1795,TEC-PH-10002923,10,Technology Warehouse,San Francisco,302,74,In Stock,2026-06-16,2026-08-06 01:40:20.449387
1796,TEC-PH-10003012,11,Technology Warehouse,San Francisco,358,57,In Stock,2026-07-11,2026-08-06 01:40:20.449387
1797,TEC-PH-10003072,12,Technology Warehouse,San Francisco,448,74,In Stock,2026-06-28,2026-08-06 01:40:20.449387
1798,TEC-PH-10003092,13,Technology Warehouse,San Francisco,252,26,In Stock,2026-06-30,2026-08-06 01:40:20.449387
1799,TEC-PH-10003095,14,Technology Warehouse,San Francisco,215,28,In Stock,2026-07-06,2026-08-06 01:40:20.449387
1800,TEC-PH-10003171,15,Technology Warehouse,San Francisco,464,37,In Stock,2026-06-28,2026-08-06 01:40:20.449387
1801,TEC-PH-10003174,16,Technology Warehouse,San Francisco,176,78,In Stock,2026-06-11,2026-08-06 01:40:20.449387
1802,TEC-PH-10003187,17,Technology Warehouse,San Francisco,71,67,In Stock,2026-06-26,2026-08-06 01:40:20.449387
1803,TEC-PH-10003215,1,Technology Warehouse,San Francisco,221,22,In Stock,2026-07-16,2026-08-06 01:40:20.449387
1804,TEC-PH-10003273,2,Technology Warehouse,San Francisco,278,63,In Stock,2026-08-02,2026-08-06 01:40:20.449387
1805,TEC-PH-10003356,3,Technology Warehouse,San Francisco,327,73,In Stock,2026-06-29,2026-08-06 01:40:20.449387
1806,TEC-PH-10003357,4,Technology Warehouse,San Francisco,497,74,In Stock,2026-06-24,2026-08-06 01:40:20.449387
1807,TEC-PH-10003437,5,Technology Warehouse,San Francisco,172,37,In Stock,2026-06-08,2026-08-06 01:40:20.449387
1808,TEC-PH-10003442,6,Technology Warehouse,San Francisco,290,53,In Stock,2026-07-17,2026-08-06 01:40:20.449387
1809,TEC-PH-10003484,7,Technology Warehouse,San Francisco,103,75,In Stock,2026-07-11,2026-08-06 01:40:20.449387
1810,TEC-PH-10003505,8,Technology Warehouse,San Francisco,290,39,In Stock,2026-07-07,2026-08-06 01:40:20.449387
1811,TEC-PH-10003535,9,Technology Warehouse,San Francisco,81,78,In Stock,2026-08-03,2026-08-06 01:40:20.449387
1812,TEC-PH-10003555,10,Technology Warehouse,San Francisco,264,56,In Stock,2026-08-04,2026-08-06 01:40:20.449387
1813,TEC-PH-10003580,11,Technology Warehouse,San Francisco,257,28,In Stock,2026-07-05,2026-08-06 01:40:20.449387
1814,TEC-PH-10003589,12,Technology Warehouse,San Francisco,198,78,In Stock,2026-06-27,2026-08-06 01:40:20.449387
1815,TEC-PH-10003601,13,Technology Warehouse,San Francisco,89,78,In Stock,2026-07-28,2026-08-06 01:40:20.449387
1816,TEC-PH-10003645,14,Technology Warehouse,San Francisco,216,30,In Stock,2026-06-17,2026-08-06 01:40:20.449387
1817,TEC-PH-10003655,15,Technology Warehouse,San Francisco,154,45,In Stock,2026-06-19,2026-08-06 01:40:20.449387
1818,TEC-PH-10003691,16,Technology Warehouse,San Francisco,322,25,In Stock,2026-06-22,2026-08-06 01:40:20.449387
1819,TEC-PH-10003800,17,Technology Warehouse,San Francisco,233,54,In Stock,2026-07-21,2026-08-06 01:40:20.449387
1820,TEC-PH-10003811,1,Technology Warehouse,San Francisco,362,73,In Stock,2026-06-27,2026-08-06 01:40:20.449387
1821,TEC-PH-10003875,2,Technology Warehouse,San Francisco,76,75,In Stock,2026-08-02,2026-08-06 01:40:20.449387
1822,TEC-PH-10003885,3,Technology Warehouse,San Francisco,385,68,In Stock,2026-07-02,2026-08-06 01:40:20.449387
1823,TEC-PH-10003931,4,Technology Warehouse,San Francisco,219,23,In Stock,2026-07-08,2026-08-06 01:40:20.449387
1824,TEC-PH-10003963,5,Technology Warehouse,San Francisco,419,44,In Stock,2026-07-28,2026-08-06 01:40:20.449387
1825,TEC-PH-10003988,6,Technology Warehouse,San Francisco,108,75,In Stock,2026-07-28,2026-08-06 01:40:20.449387
1826,TEC-PH-10004006,7,Technology Warehouse,San Francisco,102,61,In Stock,2026-07-29,2026-08-06 01:40:20.449387
1827,TEC-PH-10004042,8,Technology Warehouse,San Francisco,333,46,In Stock,2026-06-26,2026-08-06 01:40:20.449387
1828,TEC-PH-10004071,9,Technology Warehouse,San Francisco,237,53,In Stock,2026-07-01,2026-08-06 01:40:20.449387
1829,TEC-PH-10004080,10,Technology Warehouse,San Francisco,470,78,In Stock,2026-06-24,2026-08-06 01:40:20.449387
1830,TEC-PH-10004093,11,Technology Warehouse,San Francisco,460,80,In Stock,2026-07-02,2026-08-06 01:40:20.449387
1831,TEC-PH-10004094,12,Technology Warehouse,San Francisco,225,23,In Stock,2026-07-19,2026-08-06 01:40:20.449387
1832,TEC-PH-10004100,13,Technology Warehouse,San Francisco,333,54,In Stock,2026-07-07,2026-08-06 01:40:20.449387
1833,TEC-PH-10004120,14,Technology Warehouse,San Francisco,164,56,In Stock,2026-07-21,2026-08-06 01:40:20.449387
1834,TEC-PH-10004165,15,Technology Warehouse,San Francisco,221,77,In Stock,2026-06-20,2026-08-06 01:40:20.449387
1835,TEC-PH-10004188,16,Technology Warehouse,San Francisco,307,50,In Stock,2026-07-16,2026-08-06 01:40:20.449387
1836,TEC-PH-10004241,17,Technology Warehouse,San Francisco,80,54,In Stock,2026-06-23,2026-08-06 01:40:20.449387
1837,TEC-PH-10004345,1,Technology Warehouse,San Francisco,153,44,In Stock,2026-08-01,2026-08-06 01:40:20.449387
1838,TEC-PH-10004348,2,Technology Warehouse,San Francisco,238,65,In Stock,2026-07-04,2026-08-06 01:40:20.449387
1839,TEC-PH-10004389,3,Technology Warehouse,San Francisco,313,28,In Stock,2026-06-22,2026-08-06 01:40:20.449387
1840,TEC-PH-10004434,4,Technology Warehouse,San Francisco,200,56,In Stock,2026-06-26,2026-08-06 01:40:20.449387
1841,TEC-PH-10004447,5,Technology Warehouse,San Francisco,218,39,In Stock,2026-08-04,2026-08-06 01:40:20.449387
1842,TEC-PH-10004522,6,Technology Warehouse,San Francisco,299,80,In Stock,2026-06-17,2026-08-06 01:40:20.449387
1843,TEC-PH-10004531,7,Technology Warehouse,San Francisco,294,66,In Stock,2026-08-04,2026-08-06 01:40:20.449387
1844,TEC-PH-10004536,8,Technology Warehouse,San Francisco,407,43,In Stock,2026-07-03,2026-08-06 01:40:20.449387
1845,TEC-PH-10004539,9,Technology Warehouse,San Francisco,135,53,In Stock,2026-07-07,2026-08-06 01:40:20.449387
1846,TEC-PH-10004586,10,Technology Warehouse,San Francisco,146,79,In Stock,2026-07-18,2026-08-06 01:40:20.449387
1847,TEC-PH-10004614,11,Technology Warehouse,San Francisco,461,21,In Stock,2026-06-28,2026-08-06 01:40:20.449387
1848,TEC-PH-10004667,12,Technology Warehouse,San Francisco,458,40,In Stock,2026-06-09,2026-08-06 01:40:20.449387
1849,TEC-PH-10004700,13,Technology Warehouse,San Francisco,189,22,In Stock,2026-07-06,2026-08-06 01:40:20.449387
1850,TEC-PH-10004774,14,Technology Warehouse,San Francisco,493,64,In Stock,2026-06-08,2026-08-06 01:40:20.449387
1851,TEC-PH-10004830,15,Technology Warehouse,San Francisco,140,23,In Stock,2026-07-19,2026-08-06 01:40:20.449387
1852,TEC-PH-10004833,16,Technology Warehouse,San Francisco,401,42,In Stock,2026-06-16,2026-08-06 01:40:20.449387
1853,TEC-PH-10004875,17,Technology Warehouse,San Francisco,369,39,In Stock,2026-06-21,2026-08-06 01:40:20.449387
1854,TEC-PH-10004896,1,Technology Warehouse,San Francisco,201,20,In Stock,2026-07-18,2026-08-06 01:40:20.449387
1855,TEC-PH-10004897,2,Technology Warehouse,San Francisco,169,69,In Stock,2026-07-09,2026-08-06 01:40:20.449387
1856,TEC-PH-10004908,3,Technology Warehouse,San Francisco,500,55,In Stock,2026-07-02,2026-08-06 01:40:20.449387
1857,TEC-PH-10004912,4,Technology Warehouse,San Francisco,117,27,In Stock,2026-07-28,2026-08-06 01:40:20.449387
1858,TEC-PH-10004922,5,Technology Warehouse,San Francisco,92,56,In Stock,2026-07-13,2026-08-06 01:40:20.449387
1859,TEC-PH-10004924,6,Technology Warehouse,San Francisco,101,77,In Stock,2026-07-03,2026-08-06 01:40:20.449387
1860,TEC-PH-10004959,7,Technology Warehouse,San Francisco,189,31,In Stock,2026-06-30,2026-08-06 01:40:20.449387
1861,TEC-PH-10004977,8,Technology Warehouse,San Francisco,83,22,In Stock,2026-06-16,2026-08-06 01:40:20.449387
