payment_id,order_row_id,payment_method,payment_status,payment_date,transaction_reference,payment_amount,created_at
1,1,Net Banking,Completed,2017-11-08,TXN-00000001,261.96,2026-08-06 01:41:39.368897
2,2,Debit Card,Completed,2017-11-11,TXN-00000002,731.94,2026-08-06 01:41:39.368897
3,3,Cash,Completed,2017-06-16,TXN-00000003,14.62,2026-08-06 01:41:39.368897
4,4,Credit Card,Completed,2016-10-11,TXN-00000004,957.58,2026-08-06 01:41:39.368897
5,5,Credit Card,Completed,2016-10-14,TXN-00000005,22.37,2026-08-06 01:41:39.368897
6,6,Credit Card,Completed,2015-06-13,TXN-00000006,48.86,2026-08-06 01:41:39.368897
7,7,UPI,Pending,2015-06-13,TXN-00000007,7.28,2026-08-06 01:41:39.368897
8,8,Cash,Completed,2015-06-11,TXN-00000008,907.15,2026-08-06 01:41:39.368897
9,9,Cash,Completed,2015-06-12,TXN-00000009,18.5,2026-08-06 01:41:39.368897
10,10,Credit Card,Completed,2015-06-09,TXN-00000010,114.9,2026-08-06 01:41:39.368897
11,11,UPI,Completed,2015-06-11,TXN-00000011,1706.18,2026-08-06 01:41:39.368897
12,12,UPI,Completed,2015-06-10,TXN-00000012,911.42,2026-08-06 01:41:39.368897
13,13,Wallet,Completed,2018-04-18,TXN-00000013,15.55,2026-08-06 01:41:39.368897
14,14,Credit Card,Completed,2017-12-07,TXN-00000014,407.98,2026-08-06 01:41:39.368897
15,15,Credit Card,Completed,2016-11-22,TXN-00000015,68.81,2026-08-06 01:41:39.368897
16,16,Credit Card,Completed,2016-11-24,TXN-00000016,2.54,2026-08-06 01:41:39.368897
17,17,Cash,Completed,2015-11-15,TXN-00000017,665.88,2026-08-06 01:41:39.368897
18,18,Wallet,Completed,2015-05-14,TXN-00000018,55.5,2026-08-06 01:41:39.368897
19,19,Debit Card,Completed,2015-08-30,TXN-00000019,8.56,2026-08-06 01:41:39.368897
20,20,Cash,Completed,2015-08-28,TXN-00000020,213.48,2026-08-06 01:41:39.368897
21,21,Wallet,Completed,2015-08-29,TXN-00000021,22.72,2026-08-06 01:41:39.368897
22,22,Cash,Completed,2017-12-10,TXN-00000022,19.46,2026-08-06 01:41:39.368897
23,23,Wallet,Completed,2017-12-13,TXN-00000023,60.34,2026-08-06 01:41:39.368897
24,24,Wallet,Completed,2018-07-16,TXN-00000024,71.37,2026-08-06 01:41:39.368897
25,25,Credit Card,Completed,2016-09-28,TXN-00000025,1044.63,2026-08-06 01:41:39.368897
26,26,Wallet,Completed,2017-01-17,TXN-00000026,11.65,2026-08-06 01:41:39.368897
27,27,Debit Card,Completed,2017-01-18,TXN-00000027,90.57,2026-08-06 01:41:39.368897
28,28,Credit Card,Completed,2016-09-18,TXN-00000028,3083.43,2026-08-06 01:41:39.368897
29,29,Debit Card,Completed,2016-09-19,TXN-00000029,9.62,2026-08-06 01:41:39.368897
30,30,Debit Card,Completed,2016-09-20,TXN-00000030,124.2,2026-08-06 01:41:39.368897
31,31,Cash,Completed,2016-09-20,TXN-00000031,3.26,2026-08-06 01:41:39.368897
32,32,Debit Card,Completed,2016-09-17,TXN-00000032,86.3,2026-08-06 01:41:39.368897
33,33,Credit Card,Completed,2016-09-18,TXN-00000033,6.86,2026-08-06 01:41:39.368897
34,34,Cash,Completed,2016-09-19,TXN-00000034,15.76,2026-08-06 01:41:39.368897
35,35,Wallet,Completed,2018-10-20,TXN-00000035,29.47,2026-08-06 01:41:39.368897
36,36,Wallet,Completed,2017-12-08,TXN-00000036,1097.54,2026-08-06 01:41:39.368897
37,37,UPI,Completed,2017-12-11,TXN-00000037,190.92,2026-08-06 01:41:39.368897
38,38,Net Banking,Completed,2016-12-30,TXN-00000038,113.33,2026-08-06 01:41:39.368897
39,39,UPI,Completed,2016-12-31,TXN-00000039,532.4,2026-08-06 01:41:39.368897
40,40,UPI,Completed,2016-12-27,TXN-00000040,212.06,2026-08-06 01:41:39.368897
41,41,Wallet,Completed,2016-12-29,TXN-00000041,371.17,2026-08-06 01:41:39.368897
42,42,Cash,Completed,2018-09-14,TXN-00000042,147.17,2026-08-06 01:41:39.368897
43,43,Net Banking,Completed,2017-07-18,TXN-00000043,77.88,2026-08-06 01:41:39.368897
44,44,Credit Card,Completed,2018-09-21,TXN-00000044,95.62,2026-08-06 01:41:39.368897
45,45,UPI,Completed,2017-03-14,TXN-00000045,45.98,2026-08-06 01:41:39.368897
46,46,Net Banking,Completed,2017-03-12,TXN-00000046,17.46,2026-08-06 01:41:39.368897
47,47,Wallet,Completed,2015-10-21,TXN-00000047,211.96,2026-08-06 01:41:39.368897
48,48,Wallet,Completed,2017-06-21,TXN-00000048,45.0,2026-08-06 01:41:39.368897
49,49,Debit Card,Completed,2017-06-22,TXN-00000049,21.8,2026-08-06 01:41:39.368897
50,50,Credit Card,Completed,2016-04-18,TXN-00000050,38.22,2026-08-06 01:41:39.368897
51,51,Net Banking,Completed,2016-04-19,TXN-00000051,75.18,2026-08-06 01:41:39.368897
52,52,Net Banking,Completed,2016-04-19,TXN-00000052,6.16,2026-08-06 01:41:39.368897
53,53,Wallet,Completed,2016-04-19,TXN-00000053,89.99,2026-08-06 01:41:39.368897
54,54,Debit Card,Completed,2017-12-15,TXN-00000054,15.26,2026-08-06 01:41:39.368897
55,55,Debit Card,Completed,2017-12-13,TXN-00000055,1029.95,2026-08-06 01:41:39.368897
56,56,Net Banking,Completed,2017-06-18,TXN-00000056,208.56,2026-08-06 01:41:39.368897
57,57,Credit Card,Completed,2017-06-17,TXN-00000057,32.4,2026-08-06 01:41:39.368897
58,58,Cash,Completed,2017-06-18,TXN-00000058,319.41,2026-08-06 01:41:39.368897
59,59,Debit Card,Completed,2017-06-21,TXN-00000059,14.56,2026-08-06 01:41:39.368897
60,60,Credit Card,Completed,2017-06-20,TXN-00000060,30.0,2026-08-06 01:41:39.368897
61,61,UPI,Completed,2017-06-18,TXN-00000061,48.48,2026-08-06 01:41:39.368897
62,62,UPI,Pending,2017-06-20,TXN-00000062,1.68,2026-08-06 01:41:39.368897
63,63,Credit Card,Completed,2016-11-28,TXN-00000063,13.98,2026-08-06 01:41:39.368897
64,64,Net Banking,Completed,2016-11-28,TXN-00000064,25.82,2026-08-06 01:41:39.368897
65,65,Wallet,Completed,2016-11-24,TXN-00000065,146.73,2026-08-06 01:41:39.368897
66,66,Credit Card,Completed,2016-11-27,TXN-00000066,79.76,2026-08-06 01:41:39.368897
67,67,Credit Card,Completed,2016-04-30,TXN-00000067,213.12,2026-08-06 01:41:39.368897
68,68,Net Banking,Completed,2015-12-08,TXN-00000068,1113.02,2026-08-06 01:41:39.368897
69,69,Cash,Completed,2015-12-08,TXN-00000069,167.97,2026-08-06 01:41:39.368897
70,70,Net Banking,Completed,2017-06-06,TXN-00000070,75.88,2026-08-06 01:41:39.368897
71,71,UPI,Completed,2017-09-19,TXN-00000071,4.62,2026-08-06 01:41:39.368897
72,72,Cash,Completed,2018-09-17,TXN-00000072,19.05,2026-08-06 01:41:39.368897
73,73,Cash,Completed,2016-04-29,TXN-00000073,831.94,2026-08-06 01:41:39.368897
74,74,UPI,Completed,2016-04-27,TXN-00000074,97.04,2026-08-06 01:41:39.368897
75,75,Credit Card,Completed,2016-04-28,TXN-00000075,72.78,2026-08-06 01:41:39.368897
76,76,Net Banking,Completed,2018-12-13,TXN-00000076,1.25,2026-08-06 01:41:39.368897
77,77,Debit Card,Completed,2018-12-12,TXN-00000077,9.71,2026-08-06 01:41:39.368897
78,78,Net Banking,Completed,2018-12-13,TXN-00000078,27.24,2026-08-06 01:41:39.368897
79,79,Debit Card,Completed,2015-11-26,TXN-00000079,19.3,2026-08-06 01:41:39.368897
80,80,Wallet,Completed,2017-06-15,TXN-00000080,208.16,2026-08-06 01:41:39.368897
81,81,Credit Card,Completed,2017-06-13,TXN-00000081,16.74,2026-08-06 01:41:39.368897
82,82,Cash,Completed,2015-10-14,TXN-00000082,14.9,2026-08-06 01:41:39.368897
83,83,Net Banking,Completed,2015-10-12,TXN-00000083,21.39,2026-08-06 01:41:39.368897
84,84,UPI,Completed,2016-09-06,TXN-00000084,200.98,2026-08-06 01:41:39.368897
85,85,Cash,Pending,2018-11-15,TXN-00000085,230.38,2026-08-06 01:41:39.368897
86,86,UPI,Completed,2018-06-01,TXN-00000086,301.96,2026-08-06 01:41:39.368897
87,87,UPI,Completed,2018-10-28,TXN-00000087,19.99,2026-08-06 01:41:39.368897
88,88,Wallet,Completed,2018-10-30,TXN-00000088,6.16,2026-08-06 01:41:39.368897
89,89,Debit Card,Completed,2017-04-07,TXN-00000089,158.37,2026-08-06 01:41:39.368897
90,90,Credit Card,Completed,2017-09-18,TXN-00000090,20.1,2026-08-06 01:41:39.368897
91,91,UPI,Completed,2017-09-17,TXN-00000091,73.58,2026-08-06 01:41:39.368897
92,92,Wallet,Completed,2017-09-19,TXN-00000092,6.48,2026-08-06 01:41:39.368897
93,93,Credit Card,Completed,2016-02-01,TXN-00000093,12.96,2026-08-06 01:41:39.368897
94,94,UPI,Completed,2016-02-04,TXN-00000094,53.34,2026-08-06 01:41:39.368897
95,95,UPI,Completed,2016-01-31,TXN-00000095,32.96,2026-08-06 01:41:39.368897
96,96,Debit Card,Completed,2018-11-10,TXN-00000096,5.68,2026-08-06 01:41:39.368897
97,97,Net Banking,Pending,2018-11-09,TXN-00000097,96.53,2026-08-06 01:41:39.368897
98,98,Net Banking,Completed,2018-06-18,TXN-00000098,51.31,2026-08-06 01:41:39.368897
99,99,Credit Card,Completed,2017-09-09,TXN-00000099,77.88,2026-08-06 01:41:39.368897
100,100,Credit Card,Completed,2017-08-29,TXN-00000100,64.62,2026-08-06 01:41:39.368897
101,101,Debit Card,Pending,2017-09-02,TXN-00000101,95.98,2026-08-06 01:41:39.368897
102,102,Credit Card,Completed,2017-09-01,TXN-00000102,1.79,2026-08-06 01:41:39.368897
103,103,Net Banking,Completed,2017-12-04,TXN-00000103,23.92,2026-08-06 01:41:39.368897
104,104,UPI,Completed,2016-11-16,TXN-00000104,238.9,2026-08-06 01:41:39.368897
105,105,UPI,Completed,2016-11-15,TXN-00000105,102.36,2026-08-06 01:41:39.368897
106,106,Credit Card,Completed,2016-11-17,TXN-00000106,36.88,2026-08-06 01:41:39.368897
107,107,UPI,Completed,2018-11-23,TXN-00000107,74.11,2026-08-06 01:41:39.368897
108,108,Net Banking,Completed,2018-11-24,TXN-00000108,27.99,2026-08-06 01:41:39.368897
109,109,Net Banking,Completed,2018-11-27,TXN-00000109,3.3,2026-08-06 01:41:39.368897
110,110,Cash,Completed,2016-10-16,TXN-00000110,339.96,2026-08-06 01:41:39.368897
111,111,Debit Card,Completed,2018-12-29,TXN-00000111,41.96,2026-08-06 01:41:39.368897
112,112,Cash,Completed,2017-11-04,TXN-00000112,75.96,2026-08-06 01:41:39.368897
113,113,Cash,Completed,2017-11-06,TXN-00000113,27.24,2026-08-06 01:41:39.368897
114,114,Cash,Completed,2015-08-29,TXN-00000114,40.1,2026-08-06 01:41:39.368897
115,115,Debit Card,Completed,2015-08-29,TXN-00000115,4.72,2026-08-06 01:41:39.368897
116,116,Net Banking,Completed,2015-08-25,TXN-00000116,23.98,2026-08-06 01:41:39.368897
117,117,Wallet,Completed,2015-08-27,TXN-00000117,130.46,2026-08-06 01:41:39.368897
118,118,Debit Card,Completed,2016-03-02,TXN-00000118,787.53,2026-08-06 01:41:39.368897
119,119,Cash,Completed,2016-04-07,TXN-00000119,157.79,2026-08-06 01:41:39.368897
120,120,Net Banking,Completed,2017-06-12,TXN-00000120,47.04,2026-08-06 01:41:39.368897
121,121,Net Banking,Completed,2017-06-14,TXN-00000121,30.84,2026-08-06 01:41:39.368897
122,122,Credit Card,Completed,2017-06-13,TXN-00000122,226.56,2026-08-06 01:41:39.368897
123,123,Wallet,Completed,2017-06-12,TXN-00000123,115.02,2026-08-06 01:41:39.368897
124,124,UPI,Completed,2017-06-12,TXN-00000124,68.04,2026-08-06 01:41:39.368897
125,125,Debit Card,Completed,2015-12-29,TXN-00000125,600.56,2026-08-06 01:41:39.368897
126,126,UPI,Completed,2015-09-20,TXN-00000126,617.7,2026-08-06 01:41:39.368897
127,127,Cash,Completed,2018-11-09,TXN-00000127,2.39,2026-08-06 01:41:39.368897
128,128,Wallet,Completed,2018-11-07,TXN-00000128,243.99,2026-08-06 01:41:39.368897
129,129,Cash,Completed,2017-11-07,TXN-00000129,81.42,2026-08-06 01:41:39.368897
130,130,Net Banking,Completed,2017-11-09,TXN-00000130,238.56,2026-08-06 01:41:39.368897
131,131,Credit Card,Completed,2018-02-02,TXN-00000131,59.97,2026-08-06 01:41:39.368897
132,132,Net Banking,Completed,2018-02-03,TXN-00000132,78.3,2026-08-06 01:41:39.368897
133,133,UPI,Completed,2018-02-02,TXN-00000133,21.46,2026-08-06 01:41:39.368897
134,134,Credit Card,Completed,2017-10-15,TXN-00000134,20.04,2026-08-06 01:41:39.368897
135,135,Credit Card,Completed,2017-10-13,TXN-00000135,35.44,2026-08-06 01:41:39.368897
136,136,Wallet,Completed,2017-10-15,TXN-00000136,11.52,2026-08-06 01:41:39.368897
137,137,Credit Card,Completed,2017-10-17,TXN-00000137,4.02,2026-08-06 01:41:39.368897
138,138,UPI,Completed,2017-10-16,TXN-00000138,76.18,2026-08-06 01:41:39.368897
139,139,Debit Card,Completed,2017-10-15,TXN-00000139,65.88,2026-08-06 01:41:39.368897
140,140,Net Banking,Completed,2017-10-16,TXN-00000140,43.12,2026-08-06 01:41:39.368897
141,141,Wallet,Completed,2017-09-08,TXN-00000141,82.8,2026-08-06 01:41:39.368897
142,142,UPI,Completed,2018-09-22,TXN-00000142,8.82,2026-08-06 01:41:39.368897
143,143,Credit Card,Completed,2018-09-18,TXN-00000143,10.86,2026-08-06 01:41:39.368897
144,144,Wallet,Completed,2018-09-19,TXN-00000144,143.7,2026-08-06 01:41:39.368897
145,145,Credit Card,Completed,2018-12-22,TXN-00000145,839.43,2026-08-06 01:41:39.368897
146,146,Wallet,Pending,2016-09-10,TXN-00000146,671.93,2026-08-06 01:41:39.368897
147,147,Cash,Completed,2015-10-23,TXN-00000147,93.89,2026-08-06 01:41:39.368897
148,148,Wallet,Completed,2017-12-09,TXN-00000148,384.45,2026-08-06 01:41:39.368897
149,149,Debit Card,Completed,2017-12-07,TXN-00000149,149.97,2026-08-06 01:41:39.368897
150,150,Credit Card,Completed,2017-12-07,TXN-00000150,1951.84,2026-08-06 01:41:39.368897
151,151,Net Banking,Completed,2017-12-08,TXN-00000151,171.55,2026-08-06 01:41:39.368897
152,152,Net Banking,Completed,2017-03-16,TXN-00000152,157.92,2026-08-06 01:41:39.368897
153,153,UPI,Completed,2017-03-14,TXN-00000153,203.18,2026-08-06 01:41:39.368897
154,154,Net Banking,Completed,2016-05-31,TXN-00000154,58.38,2026-08-06 01:41:39.368897
155,155,Net Banking,Completed,2016-05-31,TXN-00000155,105.52,2026-08-06 01:41:39.368897
156,156,Cash,Completed,2016-06-04,TXN-00000156,80.88,2026-08-06 01:41:39.368897
157,157,Credit Card,Completed,2016-05-30,TXN-00000157,6.63,2026-08-06 01:41:39.368897
158,158,Net Banking,Completed,2015-03-04,TXN-00000158,457.57,2026-08-06 01:41:39.368897
159,159,Debit Card,Completed,2017-11-23,TXN-00000159,14.62,2026-08-06 01:41:39.368897
160,160,Credit Card,Completed,2017-11-21,TXN-00000160,944.93,2026-08-06 01:41:39.368897
161,161,Wallet,Completed,2017-05-13,TXN-00000161,5.98,2026-08-06 01:41:39.368897
162,162,Wallet,Completed,2016-12-31,TXN-00000162,54.38,2026-08-06 01:41:39.368897
163,163,Cash,Completed,2017-11-19,TXN-00000163,28.4,2026-08-06 01:41:39.368897
164,164,Credit Card,Completed,2017-11-09,TXN-00000164,27.68,2026-08-06 01:41:39.368897
165,165,Debit Card,Pending,2015-09-12,TXN-00000165,9.94,2026-08-06 01:41:39.368897
166,166,Wallet,Completed,2015-09-11,TXN-00000166,8159.95,2026-08-06 01:41:39.368897
167,167,Credit Card,Completed,2015-09-10,TXN-00000167,275.93,2026-08-06 01:41:39.368897
168,168,UPI,Completed,2015-09-12,TXN-00000168,1740.06,2026-08-06 01:41:39.368897
169,169,Wallet,Completed,2015-09-09,TXN-00000169,32.06,2026-08-06 01:41:39.368897
170,170,Debit Card,Completed,2015-09-10,TXN-00000170,177.98,2026-08-06 01:41:39.368897
171,171,Wallet,Completed,2015-09-09,TXN-00000171,143.98,2026-08-06 01:41:39.368897
172,172,Net Banking,Completed,2015-08-08,TXN-00000172,20.94,2026-08-06 01:41:39.368897
173,173,Credit Card,Completed,2015-08-06,TXN-00000173,110.96,2026-08-06 01:41:39.368897
174,174,Net Banking,Completed,2015-08-08,TXN-00000174,340.14,2026-08-06 01:41:39.368897
175,175,Wallet,Completed,2015-09-15,TXN-00000175,52.45,2026-08-06 01:41:39.368897
176,176,Credit Card,Completed,2015-09-16,TXN-00000176,20.16,2026-08-06 01:41:39.368897
177,177,Debit Card,Completed,2018-04-25,TXN-00000177,97.26,2026-08-06 01:41:39.368897
178,178,UPI,Completed,2016-11-23,TXN-00000178,396.8,2026-08-06 01:41:39.368897
179,179,Debit Card,Completed,2016-11-22,TXN-00000179,15.88,2026-08-06 01:41:39.368897
180,180,Wallet,Completed,2016-12-19,TXN-00000180,3.28,2026-08-06 01:41:39.368897
181,181,Net Banking,Pending,2015-12-07,TXN-00000181,24.82,2026-08-06 01:41:39.368897
182,182,UPI,Completed,2015-12-09,TXN-00000182,408.74,2026-08-06 01:41:39.368897
183,183,UPI,Completed,2015-11-21,TXN-00000183,503.96,2026-08-06 01:41:39.368897
184,184,Cash,Completed,2015-11-19,TXN-00000184,149.95,2026-08-06 01:41:39.368897
185,185,Debit Card,Completed,2015-11-20,TXN-00000185,29.0,2026-08-06 01:41:39.368897
186,186,Debit Card,Completed,2017-12-02,TXN-00000186,7.16,2026-08-06 01:41:39.368897
187,187,Credit Card,Completed,2015-08-26,TXN-00000187,176.8,2026-08-06 01:41:39.368897
188,188,Net Banking,Completed,2017-07-18,TXN-00000188,37.22,2026-08-06 01:41:39.368897
189,189,Cash,Completed,2017-07-18,TXN-00000189,20.02,2026-08-06 01:41:39.368897
190,190,Cash,Completed,2016-10-12,TXN-00000190,899.14,2026-08-06 01:41:39.368897
191,191,Debit Card,Completed,2016-10-16,TXN-00000191,71.76,2026-08-06 01:41:39.368897
192,192,UPI,Completed,2016-10-14,TXN-00000192,51.84,2026-08-06 01:41:39.368897
193,193,Cash,Completed,2016-10-14,TXN-00000193,626.35,2026-08-06 01:41:39.368897
194,194,UPI,Completed,2016-10-16,TXN-00000194,19.9,2026-08-06 01:41:39.368897
195,195,Wallet,Pending,2016-10-31,TXN-00000195,14.28,2026-08-06 01:41:39.368897
196,196,Debit Card,Completed,2015-03-25,TXN-00000196,7.41,2026-08-06 01:41:39.368897
197,197,Debit Card,Completed,2015-03-22,TXN-00000197,6.05,2026-08-06 01:41:39.368897
198,198,UPI,Pending,2018-11-09,TXN-00000198,46.26,2026-08-06 01:41:39.368897
199,199,Debit Card,Completed,2018-07-09,TXN-00000199,2.95,2026-08-06 01:41:39.368897
200,200,UPI,Completed,2018-07-10,TXN-00000200,16.06,2026-08-06 01:41:39.368897
201,201,Debit Card,Completed,2018-06-27,TXN-00000201,21.74,2026-08-06 01:41:39.368897
202,202,Net Banking,Completed,2015-08-04,TXN-00000202,218.75,2026-08-06 01:41:39.368897
203,203,Net Banking,Completed,2015-08-07,TXN-00000203,2.6,2026-08-06 01:41:39.368897
204,204,Credit Card,Completed,2018-12-20,TXN-00000204,66.28,2026-08-06 01:41:39.368897
205,205,Wallet,Completed,2018-06-05,TXN-00000205,35.17,2026-08-06 01:41:39.368897
206,206,Wallet,Completed,2018-12-12,TXN-00000206,444.77,2026-08-06 01:41:39.368897
207,207,Wallet,Completed,2018-12-04,TXN-00000207,83.92,2026-08-06 01:41:39.368897
208,208,Wallet,Completed,2018-12-04,TXN-00000208,131.98,2026-08-06 01:41:39.368897
209,209,Net Banking,Completed,2018-12-03,TXN-00000209,15.92,2026-08-06 01:41:39.368897
210,210,Wallet,Completed,2018-12-03,TXN-00000210,52.29,2026-08-06 01:41:39.368897
211,211,Net Banking,Completed,2018-12-05,TXN-00000211,91.99,2026-08-06 01:41:39.368897
212,212,Cash,Completed,2016-02-12,TXN-00000212,20.8,2026-08-06 01:41:39.368897
213,213,Net Banking,Completed,2016-01-06,TXN-00000213,23.68,2026-08-06 01:41:39.368897
214,214,UPI,Completed,2016-01-06,TXN-00000214,452.45,2026-08-06 01:41:39.368897
215,215,Wallet,Completed,2016-01-03,TXN-00000215,62.98,2026-08-06 01:41:39.368897
216,216,Cash,Completed,2016-01-03,TXN-00000216,1188.0,2026-08-06 01:41:39.368897
217,217,Wallet,Completed,2016-01-04,TXN-00000217,89.58,2026-08-06 01:41:39.368897
218,218,Debit Card,Completed,2017-11-01,TXN-00000218,93.06,2026-08-06 01:41:39.368897
219,219,Wallet,Completed,2017-10-31,TXN-00000219,302.38,2026-08-06 01:41:39.368897
220,220,Debit Card,Completed,2016-12-24,TXN-00000220,5.58,2026-08-06 01:41:39.368897
221,221,Debit Card,Completed,2016-12-26,TXN-00000221,22.7,2026-08-06 01:41:39.368897
222,222,UPI,Completed,2016-12-26,TXN-00000222,19.78,2026-08-06 01:41:39.368897
223,223,Net Banking,Pending,2016-12-27,TXN-00000223,72.7,2026-08-06 01:41:39.368897
224,224,Cash,Completed,2016-12-27,TXN-00000224,479.99,2026-08-06 01:41:39.368897
225,225,Wallet,Completed,2016-12-27,TXN-00000225,27.17,2026-08-06 01:41:39.368897
226,226,UPI,Completed,2016-08-10,TXN-00000226,2.2,2026-08-06 01:41:39.368897
227,227,Net Banking,Completed,2016-08-13,TXN-00000227,622.45,2026-08-06 01:41:39.368897
228,228,Net Banking,Completed,2016-08-12,TXN-00000228,21.98,2026-08-06 01:41:39.368897
229,229,Cash,Completed,2016-03-02,TXN-00000229,161.57,2026-08-06 01:41:39.368897
230,230,Debit Card,Completed,2016-02-28,TXN-00000230,389.7,2026-08-06 01:41:39.368897
231,231,UPI,Completed,2015-09-14,TXN-00000231,18.65,2026-08-06 01:41:39.368897
232,232,Wallet,Completed,2018-04-07,TXN-00000232,233.86,2026-08-06 01:41:39.368897
233,233,Debit Card,Pending,2018-04-11,TXN-00000233,620.61,2026-08-06 01:41:39.368897
234,234,Wallet,Completed,2018-04-10,TXN-00000234,5.33,2026-08-06 01:41:39.368897
235,235,Cash,Completed,2018-04-09,TXN-00000235,258.07,2026-08-06 01:41:39.368897
236,236,Debit Card,Completed,2018-04-09,TXN-00000236,617.98,2026-08-06 01:41:39.368897
237,237,UPI,Completed,2018-11-14,TXN-00000237,10.56,2026-08-06 01:41:39.368897
238,238,Cash,Completed,2017-06-07,TXN-00000238,25.92,2026-08-06 01:41:39.368897
239,239,UPI,Completed,2017-06-07,TXN-00000239,419.68,2026-08-06 01:41:39.368897
240,240,Credit Card,Completed,2017-06-07,TXN-00000240,11.69,2026-08-06 01:41:39.368897
241,241,Wallet,Completed,2017-06-07,TXN-00000241,31.98,2026-08-06 01:41:39.368897
242,242,Debit Card,Completed,2017-06-07,TXN-00000242,177.23,2026-08-06 01:41:39.368897
243,243,Debit Card,Completed,2017-06-04,TXN-00000243,4.04,2026-08-06 01:41:39.368897
244,244,Wallet,Completed,2017-06-08,TXN-00000244,7.41,2026-08-06 01:41:39.368897
245,245,UPI,Completed,2015-06-04,TXN-00000245,2001.86,2026-08-06 01:41:39.368897
246,246,Cash,Completed,2015-06-04,TXN-00000246,166.72,2026-08-06 01:41:39.368897
247,247,UPI,Completed,2015-06-05,TXN-00000247,47.88,2026-08-06 01:41:39.368897
248,248,Cash,Completed,2015-06-02,TXN-00000248,1503.25,2026-08-06 01:41:39.368897
249,249,Wallet,Completed,2015-06-03,TXN-00000249,25.92,2026-08-06 01:41:39.368897
250,250,Cash,Completed,2017-12-10,TXN-00000250,321.57,2026-08-06 01:41:39.368897
251,251,Cash,Completed,2017-09-14,TXN-00000251,7.61,2026-08-06 01:41:39.368897
252,252,Credit Card,Completed,2017-09-13,TXN-00000252,3347.37,2026-08-06 01:41:39.368897
253,253,Wallet,Completed,2017-12-13,TXN-00000253,80.58,2026-08-06 01:41:39.368897
254,254,Wallet,Completed,2017-12-13,TXN-00000254,361.92,2026-08-06 01:41:39.368897
255,255,Wallet,Pending,2016-11-28,TXN-00000255,12.13,2026-08-06 01:41:39.368897
256,256,Debit Card,Completed,2016-12-01,TXN-00000256,82.37,2026-08-06 01:41:39.368897
257,257,Debit Card,Completed,2016-11-28,TXN-00000257,53.92,2026-08-06 01:41:39.368897
258,258,Debit Card,Completed,2016-12-01,TXN-00000258,647.9,2026-08-06 01:41:39.368897
259,259,Debit Card,Completed,2018-12-02,TXN-00000259,20.37,2026-08-06 01:41:39.368897
260,260,UPI,Completed,2018-12-01,TXN-00000260,221.55,2026-08-06 01:41:39.368897
261,261,UPI,Completed,2018-12-05,TXN-00000261,17.52,2026-08-06 01:41:39.368897
262,262,Cash,Completed,2018-06-08,TXN-00000262,1.62,2026-08-06 01:41:39.368897
263,263,UPI,Completed,2015-09-21,TXN-00000263,3059.98,2026-08-06 01:41:39.368897
264,264,Debit Card,Completed,2015-09-21,TXN-00000264,2519.96,2026-08-06 01:41:39.368897
265,265,Wallet,Pending,2017-06-06,TXN-00000265,328.22,2026-08-06 01:41:39.368897
266,266,Debit Card,Pending,2016-11-14,TXN-00000266,79.9,2026-08-06 01:41:39.368897
267,267,Wallet,Completed,2018-06-18,TXN-00000267,14.02,2026-08-06 01:41:39.368897
268,268,Net Banking,Completed,2017-01-26,TXN-00000268,7.56,2026-08-06 01:41:39.368897
269,269,Credit Card,Completed,2018-12-09,TXN-00000269,37.21,2026-08-06 01:41:39.368897
270,270,UPI,Completed,2018-12-10,TXN-00000270,57.58,2026-08-06 01:41:39.368897
271,271,Wallet,Completed,2019-01-01,TXN-00000271,725.84,2026-08-06 01:41:39.368897
272,272,Credit Card,Completed,2016-08-03,TXN-00000272,209.93,2026-08-06 01:41:39.368897
273,273,Debit Card,Completed,2016-08-03,TXN-00000273,5.28,2026-08-06 01:41:39.368897
274,274,Net Banking,Completed,2016-07-30,TXN-00000274,10.92,2026-08-06 01:41:39.368897
275,275,Net Banking,Completed,2018-09-20,TXN-00000275,8.82,2026-08-06 01:41:39.368897
276,276,Wallet,Completed,2018-09-20,TXN-00000276,5.98,2026-08-06 01:41:39.368897
277,277,Credit Card,Completed,2018-10-17,TXN-00000277,11.65,2026-08-06 01:41:39.368897
278,278,Cash,Completed,2018-10-17,TXN-00000278,18.18,2026-08-06 01:41:39.368897
279,279,Cash,Completed,2018-10-16,TXN-00000279,59.71,2026-08-06 01:41:39.368897
280,280,UPI,Completed,2018-10-16,TXN-00000280,24.84,2026-08-06 01:41:39.368897
281,281,UPI,Completed,2016-09-29,TXN-00000281,2.08,2026-08-06 01:41:39.368897
282,282,Credit Card,Pending,2016-09-28,TXN-00000282,1114.4,2026-08-06 01:41:39.368897
283,283,Wallet,Completed,2016-11-06,TXN-00000283,1038.84,2026-08-06 01:41:39.368897
284,284,UPI,Completed,2016-09-30,TXN-00000284,141.76,2026-08-06 01:41:39.368897
285,285,Net Banking,Completed,2016-09-27,TXN-00000285,239.8,2026-08-06 01:41:39.368897
286,286,UPI,Completed,2016-09-30,TXN-00000286,31.1,2026-08-06 01:41:39.368897
287,287,Cash,Completed,2017-12-18,TXN-00000287,254.06,2026-08-06 01:41:39.368897
288,288,Wallet,Completed,2017-12-19,TXN-00000288,194.53,2026-08-06 01:41:39.368897
289,289,Net Banking,Completed,2017-12-19,TXN-00000289,961.48,2026-08-06 01:41:39.368897
290,290,Cash,Completed,2017-11-23,TXN-00000290,19.1,2026-08-06 01:41:39.368897
291,291,Credit Card,Completed,2017-11-23,TXN-00000291,18.5,2026-08-06 01:41:39.368897
292,292,Debit Card,Completed,2017-11-20,TXN-00000292,255.98,2026-08-06 01:41:39.368897
293,293,Debit Card,Completed,2017-11-21,TXN-00000293,86.97,2026-08-06 01:41:39.368897
294,294,Net Banking,Completed,2015-12-30,TXN-00000294,300.42,2026-08-06 01:41:39.368897
295,295,Cash,Completed,2015-12-26,TXN-00000295,230.35,2026-08-06 01:41:39.368897
296,296,Debit Card,Completed,2015-12-27,TXN-00000296,218.35,2026-08-06 01:41:39.368897
297,297,Credit Card,Completed,2015-12-28,TXN-00000297,78.6,2026-08-06 01:41:39.368897
298,298,Wallet,Completed,2015-12-28,TXN-00000298,27.55,2026-08-06 01:41:39.368897
299,299,Wallet,Pending,2017-11-01,TXN-00000299,32.4,2026-08-06 01:41:39.368897
300,300,Credit Card,Completed,2017-11-01,TXN-00000300,1082.48,2026-08-06 01:41:39.368897
301,301,Cash,Completed,2017-10-28,TXN-00000301,56.91,2026-08-06 01:41:39.368897
302,302,Debit Card,Completed,2017-10-29,TXN-00000302,77.6,2026-08-06 01:41:39.368897
303,303,UPI,Completed,2017-10-28,TXN-00000303,14.28,2026-08-06 01:41:39.368897
304,304,Credit Card,Completed,2018-11-22,TXN-00000304,219.08,2026-08-06 01:41:39.368897
305,305,UPI,Completed,2016-05-08,TXN-00000305,26.8,2026-08-06 01:41:39.368897
306,306,UPI,Completed,2016-01-03,TXN-00000306,9.84,2026-08-06 01:41:39.368897
307,307,Cash,Completed,2015-06-03,TXN-00000307,45.48,2026-08-06 01:41:39.368897
308,308,Credit Card,Completed,2015-06-01,TXN-00000308,289.2,2026-08-06 01:41:39.368897
309,309,Cash,Completed,2018-04-17,TXN-00000309,4.89,2026-08-06 01:41:39.368897
310,310,Cash,Completed,2017-09-14,TXN-00000310,15.14,2026-08-06 01:41:39.368897
311,311,UPI,Completed,2017-09-14,TXN-00000311,466.77,2026-08-06 01:41:39.368897
312,312,Net Banking,Completed,2017-09-15,TXN-00000312,15.23,2026-08-06 01:41:39.368897
313,313,Wallet,Completed,2017-09-15,TXN-00000313,6.26,2026-08-06 01:41:39.368897
314,314,Cash,Completed,2015-09-30,TXN-00000314,87.54,2026-08-06 01:41:39.368897
315,315,Wallet,Completed,2015-08-12,TXN-00000315,178.38,2026-08-06 01:41:39.368897
316,316,Net Banking,Completed,2015-08-13,TXN-00000316,15.55,2026-08-06 01:41:39.368897
317,317,Wallet,Completed,2015-12-30,TXN-00000317,99.14,2026-08-06 01:41:39.368897
318,318,Cash,Completed,2015-11-08,TXN-00000318,135.88,2026-08-06 01:41:39.368897
319,319,Cash,Completed,2015-11-04,TXN-00000319,3991.98,2026-08-06 01:41:39.368897
320,320,Debit Card,Completed,2015-11-04,TXN-00000320,275.94,2026-08-06 01:41:39.368897
321,321,UPI,Completed,2015-11-04,TXN-00000321,360.0,2026-08-06 01:41:39.368897
322,322,Cash,Completed,2015-11-05,TXN-00000322,43.57,2026-08-06 01:41:39.368897
323,323,Cash,Completed,2015-09-23,TXN-00000323,7.16,2026-08-06 01:41:39.368897
324,324,Debit Card,Completed,2017-04-24,TXN-00000324,251.52,2026-08-06 01:41:39.368897
325,325,Net Banking,Completed,2017-04-25,TXN-00000325,99.99,2026-08-06 01:41:39.368897
326,326,Credit Card,Completed,2018-11-03,TXN-00000326,15.99,2026-08-06 01:41:39.368897
327,327,Cash,Completed,2017-09-02,TXN-00000327,290.9,2026-08-06 01:41:39.368897
328,328,Debit Card,Completed,2017-08-30,TXN-00000328,54.22,2026-08-06 01:41:39.368897
329,329,UPI,Completed,2017-09-02,TXN-00000329,786.74,2026-08-06 01:41:39.368897
330,330,Cash,Completed,2017-09-02,TXN-00000330,100.24,2026-08-06 01:41:39.368897
331,331,Debit Card,Completed,2017-08-30,TXN-00000331,37.76,2026-08-06 01:41:39.368897
332,332,Cash,Completed,2017-04-29,TXN-00000332,82.8,2026-08-06 01:41:39.368897
333,333,Cash,Completed,2017-04-28,TXN-00000333,20.72,2026-08-06 01:41:39.368897
334,334,Cash,Completed,2017-04-29,TXN-00000334,4.9,2026-08-06 01:41:39.368897
335,335,Credit Card,Completed,2016-09-03,TXN-00000335,4.75,2026-08-06 01:41:39.368897
336,336,Net Banking,Completed,2016-09-05,TXN-00000336,959.98,2026-08-06 01:41:39.368897
337,337,Debit Card,Completed,2016-09-05,TXN-00000337,14.37,2026-08-06 01:41:39.368897
338,338,Wallet,Completed,2015-07-15,TXN-00000338,7.71,2026-08-06 01:41:39.368897
339,339,Credit Card,Completed,2015-07-12,TXN-00000339,698.35,2026-08-06 01:41:39.368897
340,340,Credit Card,Completed,2016-06-26,TXN-00000340,4.96,2026-08-06 01:41:39.368897
341,341,UPI,Completed,2015-04-13,TXN-00000341,17.86,2026-08-06 01:41:39.368897
342,342,Debit Card,Completed,2015-04-13,TXN-00000342,509.97,2026-08-06 01:41:39.368897
343,343,Wallet,Completed,2015-04-17,TXN-00000343,30.99,2026-08-06 01:41:39.368897
344,344,Debit Card,Completed,2015-04-13,TXN-00000344,71.93,2026-08-06 01:41:39.368897
345,345,Wallet,Completed,2016-12-22,TXN-00000345,88.8,2026-08-06 01:41:39.368897
346,346,UPI,Completed,2018-06-19,TXN-00000346,47.98,2026-08-06 01:41:39.368897
347,347,UPI,Completed,2018-07-10,TXN-00000347,7.56,2026-08-06 01:41:39.368897
348,348,Debit Card,Completed,2018-07-08,TXN-00000348,24.56,2026-08-06 01:41:39.368897
349,349,Net Banking,Completed,2018-07-08,TXN-00000349,12.96,2026-08-06 01:41:39.368897
350,350,UPI,Completed,2017-09-04,TXN-00000350,6.79,2026-08-06 01:41:39.368897
351,351,Net Banking,Completed,2017-09-02,TXN-00000351,24.56,2026-08-06 01:41:39.368897
352,352,Credit Card,Completed,2017-09-02,TXN-00000352,3.05,2026-08-06 01:41:39.368897
353,353,Wallet,Completed,2017-09-05,TXN-00000353,49.12,2026-08-06 01:41:39.368897
354,354,Net Banking,Completed,2017-09-04,TXN-00000354,4355.17,2026-08-06 01:41:39.368897
355,355,Net Banking,Completed,2017-04-09,TXN-00000355,388.7,2026-08-06 01:41:39.368897
356,356,Wallet,Completed,2017-04-12,TXN-00000356,8.26,2026-08-06 01:41:39.368897
357,357,UPI,Completed,2017-04-11,TXN-00000357,17.04,2026-08-06 01:41:39.368897
358,358,Credit Card,Completed,2017-04-10,TXN-00000358,34.4,2026-08-06 01:41:39.368897
359,359,Credit Card,Completed,2017-04-26,TXN-00000359,36.24,2026-08-06 01:41:39.368897
360,360,Credit Card,Completed,2018-03-08,TXN-00000360,647.84,2026-08-06 01:41:39.368897
361,361,Credit Card,Completed,2018-03-12,TXN-00000361,20.7,2026-08-06 01:41:39.368897
362,362,Cash,Completed,2018-09-28,TXN-00000362,20.7,2026-08-06 01:41:39.368897
363,363,UPI,Completed,2018-09-28,TXN-00000363,488.65,2026-08-06 01:41:39.368897
364,364,UPI,Completed,2018-09-28,TXN-00000364,5.56,2026-08-06 01:41:39.368897
365,365,Cash,Completed,2018-09-27,TXN-00000365,47.12,2026-08-06 01:41:39.368897
366,366,Credit Card,Completed,2015-09-24,TXN-00000366,211.96,2026-08-06 01:41:39.368897
367,367,Cash,Pending,2017-10-22,TXN-00000367,23.2,2026-08-06 01:41:39.368897
368,368,Credit Card,Completed,2017-10-21,TXN-00000368,7.36,2026-08-06 01:41:39.368897
369,369,Wallet,Completed,2017-10-25,TXN-00000369,104.79,2026-08-06 01:41:39.368897
370,370,Cash,Completed,2017-10-25,TXN-00000370,1043.92,2026-08-06 01:41:39.368897
371,371,Credit Card,Completed,2018-05-30,TXN-00000371,25.92,2026-08-06 01:41:39.368897
372,372,Cash,Completed,2018-05-31,TXN-00000372,53.42,2026-08-06 01:41:39.368897
373,373,Wallet,Completed,2015-07-24,TXN-00000373,8.16,2026-08-06 01:41:39.368897
374,374,Debit Card,Completed,2015-07-25,TXN-00000374,1023.94,2026-08-06 01:41:39.368897
375,375,Debit Card,Completed,2015-07-25,TXN-00000375,9.24,2026-08-06 01:41:39.368897
376,376,Debit Card,Completed,2015-07-24,TXN-00000376,479.04,2026-08-06 01:41:39.368897
377,377,Net Banking,Completed,2017-10-01,TXN-00000377,99.14,2026-08-06 01:41:39.368897
378,378,Debit Card,Completed,2018-08-28,TXN-00000378,1488.42,2026-08-06 01:41:39.368897
379,379,Debit Card,Completed,2016-04-30,TXN-00000379,8.65,2026-08-06 01:41:39.368897
380,380,Wallet,Completed,2016-04-30,TXN-00000380,23.83,2026-08-06 01:41:39.368897
381,381,Debit Card,Completed,2016-05-01,TXN-00000381,12.18,2026-08-06 01:41:39.368897
382,382,Net Banking,Completed,2017-11-01,TXN-00000382,50.96,2026-08-06 01:41:39.368897
383,383,Debit Card,Completed,2017-10-30,TXN-00000383,49.54,2026-08-06 01:41:39.368897
384,384,Wallet,Completed,2016-06-29,TXN-00000384,41.9,2026-08-06 01:41:39.368897
385,385,UPI,Completed,2016-12-01,TXN-00000385,375.46,2026-08-06 01:41:39.368897
386,386,Debit Card,Completed,2016-12-01,TXN-00000386,83.98,2026-08-06 01:41:39.368897
387,387,Credit Card,Completed,2016-12-03,TXN-00000387,482.34,2026-08-06 01:41:39.368897
388,388,Net Banking,Completed,2016-12-04,TXN-00000388,2.96,2026-08-06 01:41:39.368897
389,389,Credit Card,Completed,2015-11-28,TXN-00000389,2.62,2026-08-06 01:41:39.368897
390,390,Credit Card,Completed,2018-12-13,TXN-00000390,23.36,2026-08-06 01:41:39.368897
391,391,Credit Card,Completed,2018-12-14,TXN-00000391,39.98,2026-08-06 01:41:39.368897
392,392,Debit Card,Completed,2015-09-22,TXN-00000392,246.38,2026-08-06 01:41:39.368897
393,393,Cash,Completed,2015-09-24,TXN-00000393,1799.97,2026-08-06 01:41:39.368897
394,394,Debit Card,Completed,2015-06-08,TXN-00000394,12.46,2026-08-06 01:41:39.368897
395,395,Credit Card,Completed,2018-07-01,TXN-00000395,75.79,2026-08-06 01:41:39.368897
396,396,Cash,Completed,2018-10-21,TXN-00000396,49.96,2026-08-06 01:41:39.368897
397,397,Cash,Completed,2018-10-19,TXN-00000397,12.96,2026-08-06 01:41:39.368897
398,398,Wallet,Completed,2016-11-03,TXN-00000398,70.12,2026-08-06 01:41:39.368897
399,399,Debit Card,Completed,2017-09-12,TXN-00000399,35.95,2026-08-06 01:41:39.368897
400,400,Net Banking,Completed,2017-09-11,TXN-00000400,2396.27,2026-08-06 01:41:39.368897
401,401,Wallet,Completed,2017-09-12,TXN-00000401,131.14,2026-08-06 01:41:39.368897
402,402,Net Banking,Completed,2017-09-08,TXN-00000402,57.58,2026-08-06 01:41:39.368897
403,403,Cash,Completed,2015-12-28,TXN-00000403,9.57,2026-08-06 01:41:39.368897
404,404,Net Banking,Completed,2015-04-18,TXN-00000404,39.07,2026-08-06 01:41:39.368897
405,405,Net Banking,Completed,2018-12-27,TXN-00000405,35.91,2026-08-06 01:41:39.368897
406,406,Debit Card,Pending,2018-12-10,TXN-00000406,179.95,2026-08-06 01:41:39.368897
407,407,Wallet,Completed,2018-12-11,TXN-00000407,1199.98,2026-08-06 01:41:39.368897
408,408,UPI,Completed,2018-12-12,TXN-00000408,27.15,2026-08-06 01:41:39.368897
409,409,UPI,Completed,2018-12-08,TXN-00000409,1004.02,2026-08-06 01:41:39.368897
410,410,Net Banking,Completed,2018-12-12,TXN-00000410,9.68,2026-08-06 01:41:39.368897
411,411,UPI,Completed,2018-12-08,TXN-00000411,28.35,2026-08-06 01:41:39.368897
412,412,Debit Card,Completed,2018-12-09,TXN-00000412,55.98,2026-08-06 01:41:39.368897
413,413,Wallet,Completed,2018-12-08,TXN-00000413,1336.83,2026-08-06 01:41:39.368897
414,414,Net Banking,Completed,2018-12-10,TXN-00000414,113.57,2026-08-06 01:41:39.368897
415,415,Cash,Completed,2018-11-04,TXN-00000415,139.86,2026-08-06 01:41:39.368897
416,416,Debit Card,Completed,2018-11-04,TXN-00000416,307.14,2026-08-06 01:41:39.368897
417,417,Credit Card,Completed,2018-06-25,TXN-00000417,95.92,2026-08-06 01:41:39.368897
418,418,Debit Card,Completed,2017-04-14,TXN-00000418,383.8,2026-08-06 01:41:39.368897
419,419,Cash,Completed,2018-11-07,TXN-00000419,5.78,2026-08-06 01:41:39.368897
420,420,Debit Card,Completed,2018-03-04,TXN-00000420,9.32,2026-08-06 01:41:39.368897
421,421,Wallet,Completed,2018-03-05,TXN-00000421,15.25,2026-08-06 01:41:39.368897
422,422,Credit Card,Completed,2015-06-22,TXN-00000422,196.75,2026-08-06 01:41:39.368897
423,423,Net Banking,Completed,2018-10-20,TXN-00000423,56.56,2026-08-06 01:41:39.368897
424,424,Debit Card,Completed,2018-10-23,TXN-00000424,32.7,2026-08-06 01:41:39.368897
425,425,Wallet,Completed,2018-08-24,TXN-00000425,866.4,2026-08-06 01:41:39.368897
426,426,Debit Card,Completed,2018-11-26,TXN-00000426,28.4,2026-08-06 01:41:39.368897
427,427,Wallet,Completed,2018-11-24,TXN-00000427,287.92,2026-08-06 01:41:39.368897
428,428,Cash,Completed,2015-09-12,TXN-00000428,69.99,2026-08-06 01:41:39.368897
429,429,UPI,Completed,2018-10-03,TXN-00000429,6.67,2026-08-06 01:41:39.368897
430,430,Wallet,Completed,2017-04-17,TXN-00000430,189.59,2026-08-06 01:41:39.368897
431,431,UPI,Completed,2017-04-18,TXN-00000431,408.74,2026-08-06 01:41:39.368897
432,432,Net Banking,Completed,2017-04-19,TXN-00000432,291.96,2026-08-06 01:41:39.368897
433,433,Debit Card,Completed,2017-04-16,TXN-00000433,4.77,2026-08-06 01:41:39.368897
434,434,Debit Card,Completed,2017-06-10,TXN-00000434,714.3,2026-08-06 01:41:39.368897
435,435,Cash,Completed,2015-12-21,TXN-00000435,4.81,2026-08-06 01:41:39.368897
436,436,Debit Card,Completed,2015-12-23,TXN-00000436,247.8,2026-08-06 01:41:39.368897
437,437,Credit Card,Completed,2017-06-16,TXN-00000437,1007.98,2026-08-06 01:41:39.368897
438,438,Cash,Completed,2017-06-15,TXN-00000438,313.49,2026-08-06 01:41:39.368897
439,439,Cash,Completed,2018-09-15,TXN-00000439,31.87,2026-08-06 01:41:39.368897
440,440,Cash,Completed,2018-01-23,TXN-00000440,207.85,2026-08-06 01:41:39.368897
441,441,Cash,Completed,2017-09-05,TXN-00000441,12.22,2026-08-06 01:41:39.368897
442,442,Debit Card,Completed,2017-09-08,TXN-00000442,194.94,2026-08-06 01:41:39.368897
443,443,UPI,Completed,2017-09-05,TXN-00000443,70.95,2026-08-06 01:41:39.368897
444,444,Debit Card,Completed,2017-09-09,TXN-00000444,91.36,2026-08-06 01:41:39.368897
445,445,Credit Card,Pending,2017-09-07,TXN-00000445,242.94,2026-08-06 01:41:39.368897
446,446,Wallet,Completed,2017-09-09,TXN-00000446,22.05,2026-08-06 01:41:39.368897
447,447,Debit Card,Completed,2018-03-20,TXN-00000447,2.91,2026-08-06 01:41:39.368897
448,448,Wallet,Completed,2017-04-05,TXN-00000448,59.52,2026-08-06 01:41:39.368897
449,449,UPI,Completed,2017-04-01,TXN-00000449,161.94,2026-08-06 01:41:39.368897
450,450,UPI,Completed,2017-04-05,TXN-00000450,263.88,2026-08-06 01:41:39.368897
451,451,Net Banking,Completed,2017-04-04,TXN-00000451,30.48,2026-08-06 01:41:39.368897
452,452,Debit Card,Completed,2017-04-01,TXN-00000452,9.84,2026-08-06 01:41:39.368897
453,453,Credit Card,Completed,2017-04-03,TXN-00000453,35.12,2026-08-06 01:41:39.368897
454,454,Net Banking,Completed,2018-10-22,TXN-00000454,284.36,2026-08-06 01:41:39.368897
455,455,Net Banking,Completed,2018-10-24,TXN-00000455,665.41,2026-08-06 01:41:39.368897
456,456,Cash,Completed,2017-12-13,TXN-00000456,63.88,2026-08-06 01:41:39.368897
457,457,Wallet,Completed,2015-02-13,TXN-00000457,129.57,2026-08-06 01:41:39.368897
458,458,Wallet,Completed,2017-09-26,TXN-00000458,747.56,2026-08-06 01:41:39.368897
459,459,Net Banking,Completed,2017-09-30,TXN-00000459,8.93,2026-08-06 01:41:39.368897
460,460,Net Banking,Completed,2016-12-16,TXN-00000460,103.92,2026-08-06 01:41:39.368897
461,461,UPI,Completed,2016-12-17,TXN-00000461,899.91,2026-08-06 01:41:39.368897
462,462,UPI,Completed,2016-12-16,TXN-00000462,51.31,2026-08-06 01:41:39.368897
463,463,Wallet,Pending,2017-04-25,TXN-00000463,23.56,2026-08-06 01:41:39.368897
464,464,UPI,Pending,2017-04-22,TXN-00000464,1272.63,2026-08-06 01:41:39.368897
465,465,Net Banking,Pending,2017-04-26,TXN-00000465,28.49,2026-08-06 01:41:39.368897
466,466,UPI,Completed,2017-04-26,TXN-00000466,185.38,2026-08-06 01:41:39.368897
467,467,Debit Card,Completed,2017-04-24,TXN-00000467,78.27,2026-08-06 01:41:39.368897
468,468,Net Banking,Completed,2016-01-20,TXN-00000468,254.74,2026-08-06 01:41:39.368897
469,469,Net Banking,Completed,2018-04-04,TXN-00000469,205.33,2026-08-06 01:41:39.368897
470,470,UPI,Completed,2017-12-17,TXN-00000470,4.79,2026-08-06 01:41:39.368897
471,471,Debit Card,Completed,2016-12-22,TXN-00000471,55.48,2026-08-06 01:41:39.368897
472,472,Cash,Completed,2015-11-13,TXN-00000472,340.92,2026-08-06 01:41:39.368897
473,473,Debit Card,Completed,2015-11-12,TXN-00000473,222.67,2026-08-06 01:41:39.368897
474,474,Cash,Completed,2015-11-11,TXN-00000474,703.97,2026-08-06 01:41:39.368897
475,475,Debit Card,Completed,2015-11-11,TXN-00000475,92.52,2026-08-06 01:41:39.368897
476,476,Net Banking,Completed,2015-11-09,TXN-00000476,62.65,2026-08-06 01:41:39.368897
477,477,Wallet,Completed,2015-11-10,TXN-00000477,94.85,2026-08-06 01:41:39.368897
478,478,Credit Card,Completed,2017-07-14,TXN-00000478,95.76,2026-08-06 01:41:39.368897
479,479,Cash,Completed,2017-10-30,TXN-00000479,40.2,2026-08-06 01:41:39.368897
480,480,UPI,Completed,2017-06-28,TXN-00000480,14.7,2026-08-06 01:41:39.368897
481,481,Net Banking,Completed,2017-06-28,TXN-00000481,704.25,2026-08-06 01:41:39.368897
482,482,Wallet,Completed,2015-10-07,TXN-00000482,9.09,2026-08-06 01:41:39.368897
483,483,Wallet,Completed,2015-07-22,TXN-00000483,5.96,2026-08-06 01:41:39.368897
484,484,Debit Card,Completed,2015-07-25,TXN-00000484,159.98,2026-08-06 01:41:39.368897
485,485,Debit Card,Completed,2018-06-11,TXN-00000485,29.6,2026-08-06 01:41:39.368897
486,486,Net Banking,Completed,2018-06-11,TXN-00000486,514.17,2026-08-06 01:41:39.368897
487,487,Net Banking,Completed,2018-06-13,TXN-00000487,279.96,2026-08-06 01:41:39.368897
488,488,Wallet,Completed,2015-10-31,TXN-00000488,2735.95,2026-08-06 01:41:39.368897
489,489,Net Banking,Completed,2015-06-11,TXN-00000489,7.99,2026-08-06 01:41:39.368897
490,490,UPI,Completed,2015-06-10,TXN-00000490,63.98,2026-08-06 01:41:39.368897
491,491,UPI,Completed,2015-06-11,TXN-00000491,70.37,2026-08-06 01:41:39.368897
492,492,Debit Card,Completed,2015-09-18,TXN-00000492,449.15,2026-08-06 01:41:39.368897
493,493,Credit Card,Completed,2015-09-16,TXN-00000493,11.07,2026-08-06 01:41:39.368897
494,494,Wallet,Completed,2017-05-10,TXN-00000494,93.98,2026-08-06 01:41:39.368897
495,495,Debit Card,Completed,2017-03-18,TXN-00000495,189.88,2026-08-06 01:41:39.368897
496,496,Credit Card,Completed,2016-12-29,TXN-00000496,105.42,2026-08-06 01:41:39.368897
497,497,Debit Card,Completed,2017-07-28,TXN-00000497,119.62,2026-08-06 01:41:39.368897
498,498,UPI,Pending,2017-07-27,TXN-00000498,255.76,2026-08-06 01:41:39.368897
499,499,Credit Card,Completed,2017-07-28,TXN-00000499,241.57,2026-08-06 01:41:39.368897
500,500,Credit Card,Completed,2017-07-28,TXN-00000500,69.3,2026-08-06 01:41:39.368897
501,501,Debit Card,Pending,2017-05-31,TXN-00000501,22.62,2026-08-06 01:41:39.368897
502,502,Cash,Completed,2017-05-30,TXN-00000502,14.95,2026-08-06 01:41:39.368897
503,503,UPI,Completed,2017-05-30,TXN-00000503,801.57,2026-08-06 01:41:39.368897
504,504,Cash,Completed,2017-06-03,TXN-00000504,2.38,2026-08-06 01:41:39.368897
505,505,Cash,Completed,2017-06-03,TXN-00000505,32.79,2026-08-06 01:41:39.368897
506,506,Credit Card,Completed,2018-11-16,TXN-00000506,15.92,2026-08-06 01:41:39.368897
507,507,UPI,Completed,2016-03-18,TXN-00000507,2.74,2026-08-06 01:41:39.368897
508,508,Wallet,Completed,2016-03-18,TXN-00000508,8.34,2026-08-06 01:41:39.368897
509,509,Debit Card,Completed,2016-03-19,TXN-00000509,46.74,2026-08-06 01:41:39.368897
510,510,Net Banking,Completed,2016-03-19,TXN-00000510,6354.95,2026-08-06 01:41:39.368897
511,511,UPI,Pending,2018-11-26,TXN-00000511,126.3,2026-08-06 01:41:39.368897
512,512,Net Banking,Completed,2018-11-27,TXN-00000512,38.04,2026-08-06 01:41:39.368897
513,513,Debit Card,Completed,2017-10-21,TXN-00000513,7.15,2026-08-06 01:41:39.368897
514,514,Wallet,Completed,2018-12-25,TXN-00000514,6.63,2026-08-06 01:41:39.368897
515,515,Wallet,Completed,2018-12-25,TXN-00000515,5.88,2026-08-06 01:41:39.368897
516,516,Debit Card,Completed,2018-01-23,TXN-00000516,2999.95,2026-08-06 01:41:39.368897
517,517,Credit Card,Completed,2018-01-22,TXN-00000517,51.45,2026-08-06 01:41:39.368897
518,518,Net Banking,Completed,2018-01-26,TXN-00000518,11.96,2026-08-06 01:41:39.368897
519,519,Credit Card,Completed,2018-01-26,TXN-00000519,1126.02,2026-08-06 01:41:39.368897
520,520,Debit Card,Completed,2016-03-25,TXN-00000520,18.39,2026-08-06 01:41:39.368897
521,521,Net Banking,Completed,2016-03-26,TXN-00000521,129.57,2026-08-06 01:41:39.368897
522,522,Net Banking,Completed,2016-03-26,TXN-00000522,14.11,2026-08-06 01:41:39.368897
523,523,UPI,Completed,2018-01-24,TXN-00000523,210.98,2026-08-06 01:41:39.368897
524,524,Debit Card,Completed,2017-05-24,TXN-00000524,55.18,2026-08-06 01:41:39.368897
525,525,Net Banking,Completed,2017-05-22,TXN-00000525,66.26,2026-08-06 01:41:39.368897
526,526,Debit Card,Completed,2016-12-30,TXN-00000526,22.2,2026-08-06 01:41:39.368897
527,527,Net Banking,Completed,2018-10-22,TXN-00000527,683.95,2026-08-06 01:41:39.368897
528,528,Credit Card,Completed,2018-10-24,TXN-00000528,45.7,2026-08-06 01:41:39.368897
529,529,Cash,Completed,2016-09-05,TXN-00000529,36.34,2026-08-06 01:41:39.368897
530,530,Wallet,Completed,2016-09-07,TXN-00000530,666.25,2026-08-06 01:41:39.368897
531,531,Debit Card,Completed,2016-09-07,TXN-00000531,52.51,2026-08-06 01:41:39.368897
532,532,Debit Card,Completed,2016-11-07,TXN-00000532,190.72,2026-08-06 01:41:39.368897
533,533,Net Banking,Completed,2018-09-09,TXN-00000533,47.94,2026-08-06 01:41:39.368897
534,534,Cash,Completed,2017-06-01,TXN-00000534,979.95,2026-08-06 01:41:39.368897
535,535,Wallet,Completed,2017-06-02,TXN-00000535,22.75,2026-08-06 01:41:39.368897
536,536,Debit Card,Completed,2017-07-11,TXN-00000536,16.77,2026-08-06 01:41:39.368897
537,537,Net Banking,Completed,2018-09-06,TXN-00000537,42.62,2026-08-06 01:41:39.368897
538,538,Cash,Completed,2016-12-03,TXN-00000538,10.75,2026-08-06 01:41:39.368897
539,539,Cash,Completed,2016-12-07,TXN-00000539,152.94,2026-08-06 01:41:39.368897
540,540,Credit Card,Completed,2016-12-07,TXN-00000540,283.92,2026-08-06 01:41:39.368897
541,541,UPI,Completed,2015-02-04,TXN-00000541,468.9,2026-08-06 01:41:39.368897
542,542,Cash,Completed,2017-07-14,TXN-00000542,380.86,2026-08-06 01:41:39.368897
543,543,Debit Card,Completed,2016-12-19,TXN-00000543,646.78,2026-08-06 01:41:39.368897
544,544,Wallet,Completed,2015-05-13,TXN-00000544,58.11,2026-08-06 01:41:39.368897
545,545,Wallet,Completed,2015-05-13,TXN-00000545,100.79,2026-08-06 01:41:39.368897
546,546,Wallet,Completed,2015-05-11,TXN-00000546,66.11,2026-08-06 01:41:39.368897
547,547,Cash,Completed,2018-11-20,TXN-00000547,41.28,2026-08-06 01:41:39.368897
548,548,Cash,Completed,2018-11-22,TXN-00000548,13.36,2026-08-06 01:41:39.368897
549,549,Wallet,Completed,2016-11-17,TXN-00000549,250.27,2026-08-06 01:41:39.368897
550,550,UPI,Completed,2016-11-15,TXN-00000550,11.36,2026-08-06 01:41:39.368897
551,551,Net Banking,Completed,2016-11-19,TXN-00000551,8.72,2026-08-06 01:41:39.368897
552,552,Cash,Completed,2017-04-15,TXN-00000552,1121.57,2026-08-06 01:41:39.368897
553,553,Credit Card,Completed,2018-09-11,TXN-00000553,34.5,2026-08-06 01:41:39.368897
554,554,Net Banking,Completed,2018-11-27,TXN-00000554,10.82,2026-08-06 01:41:39.368897
555,555,Credit Card,Pending,2018-07-02,TXN-00000555,1295.78,2026-08-06 01:41:39.368897
556,556,Debit Card,Completed,2015-03-06,TXN-00000556,19.46,2026-08-06 01:41:39.368897
557,557,UPI,Completed,2017-06-11,TXN-00000557,20.7,2026-08-06 01:41:39.368897
558,558,UPI,Pending,2017-06-14,TXN-00000558,1335.68,2026-08-06 01:41:39.368897
559,559,Cash,Completed,2017-06-10,TXN-00000559,32.4,2026-08-06 01:41:39.368897
560,560,Wallet,Completed,2018-11-22,TXN-00000560,42.6,2026-08-06 01:41:39.368897
561,561,Credit Card,Completed,2018-11-23,TXN-00000561,84.06,2026-08-06 01:41:39.368897
562,562,Cash,Completed,2015-09-14,TXN-00000562,13.0,2026-08-06 01:41:39.368897
563,563,Debit Card,Completed,2015-09-18,TXN-00000563,13.13,2026-08-06 01:41:39.368897
564,564,Cash,Completed,2016-12-07,TXN-00000564,3.96,2026-08-06 01:41:39.368897
565,565,Cash,Completed,2016-12-09,TXN-00000565,2.61,2026-08-06 01:41:39.368897
566,566,Debit Card,Completed,2018-12-11,TXN-00000566,374.38,2026-08-06 01:41:39.368897
567,567,Credit Card,Completed,2018-10-04,TXN-00000567,91.84,2026-08-06 01:41:39.368897
568,568,Credit Card,Completed,2018-10-04,TXN-00000568,81.09,2026-08-06 01:41:39.368897
569,569,Wallet,Completed,2018-10-01,TXN-00000569,19.44,2026-08-06 01:41:39.368897
570,570,Debit Card,Completed,2018-10-02,TXN-00000570,451.15,2026-08-06 01:41:39.368897
571,571,Debit Card,Completed,2018-12-29,TXN-00000571,72.45,2026-08-06 01:41:39.368897
572,572,Debit Card,Completed,2019-01-01,TXN-00000572,13.96,2026-08-06 01:41:39.368897
573,573,Wallet,Completed,2018-12-30,TXN-00000573,33.26,2026-08-06 01:41:39.368897
574,574,Cash,Completed,2019-01-01,TXN-00000574,14.85,2026-08-06 01:41:39.368897
575,575,Wallet,Completed,2017-11-04,TXN-00000575,8.82,2026-08-06 01:41:39.368897
576,576,Credit Card,Completed,2016-09-22,TXN-00000576,160.72,2026-08-06 01:41:39.368897
577,577,UPI,Completed,2016-09-18,TXN-00000577,19.92,2026-08-06 01:41:39.368897
578,578,UPI,Completed,2016-09-21,TXN-00000578,7.3,2026-08-06 01:41:39.368897
579,579,Net Banking,Completed,2018-07-24,TXN-00000579,69.71,2026-08-06 01:41:39.368897
580,580,Wallet,Completed,2018-07-23,TXN-00000580,8.79,2026-08-06 01:41:39.368897
581,581,Wallet,Completed,2016-09-12,TXN-00000581,51.52,2026-08-06 01:41:39.368897
582,582,Debit Card,Completed,2018-12-05,TXN-00000582,470.38,2026-08-06 01:41:39.368897
583,583,Debit Card,Completed,2018-12-04,TXN-00000583,105.58,2026-08-06 01:41:39.368897
584,584,Wallet,Completed,2018-12-02,TXN-00000584,31.15,2026-08-06 01:41:39.368897
585,585,Wallet,Completed,2018-12-04,TXN-00000585,6.78,2026-08-06 01:41:39.368897
586,586,UPI,Completed,2018-12-01,TXN-00000586,406.37,2026-08-06 01:41:39.368897
587,587,UPI,Completed,2016-07-07,TXN-00000587,70.98,2026-08-06 01:41:39.368897
588,588,Wallet,Completed,2016-07-05,TXN-00000588,294.93,2026-08-06 01:41:39.368897
589,589,Net Banking,Completed,2017-03-20,TXN-00000589,84.78,2026-08-06 01:41:39.368897
590,590,Net Banking,Completed,2017-03-24,TXN-00000590,20.74,2026-08-06 01:41:39.368897
591,591,Net Banking,Completed,2017-03-20,TXN-00000591,16.82,2026-08-06 01:41:39.368897
592,592,Net Banking,Completed,2017-03-21,TXN-00000592,10.37,2026-08-06 01:41:39.368897
593,593,Debit Card,Pending,2015-01-09,TXN-00000593,9.34,2026-08-06 01:41:39.368897
594,594,Debit Card,Completed,2015-01-12,TXN-00000594,31.2,2026-08-06 01:41:39.368897
595,595,Debit Card,Completed,2015-08-12,TXN-00000595,76.12,2026-08-06 01:41:39.368897
596,596,Wallet,Pending,2015-08-12,TXN-00000596,1199.98,2026-08-06 01:41:39.368897
597,597,Wallet,Completed,2015-08-10,TXN-00000597,445.96,2026-08-06 01:41:39.368897
598,598,Debit Card,Completed,2015-08-12,TXN-00000598,327.76,2026-08-06 01:41:39.368897
599,599,Wallet,Completed,2017-07-15,TXN-00000599,11.63,2026-08-06 01:41:39.368897
600,600,Cash,Completed,2017-07-16,TXN-00000600,143.98,2026-08-06 01:41:39.368897
601,601,UPI,Completed,2017-07-19,TXN-00000601,494.38,2026-08-06 01:41:39.368897
602,602,Wallet,Completed,2017-07-20,TXN-00000602,5.84,2026-08-06 01:41:39.368897
603,603,Wallet,Completed,2015-03-18,TXN-00000603,142.78,2026-08-06 01:41:39.368897
604,604,Debit Card,Completed,2015-03-17,TXN-00000604,45.7,2026-08-06 01:41:39.368897
605,605,Cash,Completed,2015-03-15,TXN-00000605,7.22,2026-08-06 01:41:39.368897
606,606,UPI,Completed,2015-03-18,TXN-00000606,43.19,2026-08-06 01:41:39.368897
607,607,Credit Card,Completed,2015-03-19,TXN-00000607,131.9,2026-08-06 01:41:39.368897
608,608,UPI,Completed,2015-05-24,TXN-00000608,3.28,2026-08-06 01:41:39.368897
609,609,Cash,Completed,2015-05-27,TXN-00000609,21.17,2026-08-06 01:41:39.368897
610,610,Credit Card,Completed,2015-05-26,TXN-00000610,55.19,2026-08-06 01:41:39.368897
611,611,Credit Card,Completed,2017-04-28,TXN-00000611,369.58,2026-08-06 01:41:39.368897
612,612,UPI,Completed,2017-05-02,TXN-00000612,15.71,2026-08-06 01:41:39.368897
613,613,Debit Card,Completed,2017-09-12,TXN-00000613,8.45,2026-08-06 01:41:39.368897
614,614,Credit Card,Completed,2017-09-14,TXN-00000614,728.95,2026-08-06 01:41:39.368897
615,615,UPI,Completed,2018-11-14,TXN-00000615,119.94,2026-08-06 01:41:39.368897
616,616,Cash,Completed,2018-11-18,TXN-00000616,3.65,2026-08-06 01:41:39.368897
617,617,Wallet,Completed,2018-08-20,TXN-00000617,40.48,2026-08-06 01:41:39.368897
618,618,Credit Card,Completed,2018-08-19,TXN-00000618,9.94,2026-08-06 01:41:39.368897
619,619,Credit Card,Completed,2018-08-21,TXN-00000619,107.42,2026-08-06 01:41:39.368897
620,620,Wallet,Completed,2018-08-20,TXN-00000620,37.91,2026-08-06 01:41:39.368897
621,621,UPI,Completed,2018-08-22,TXN-00000621,88.02,2026-08-06 01:41:39.368897
622,622,Cash,Completed,2015-12-30,TXN-00000622,8.69,2026-08-06 01:41:39.368897
623,623,Wallet,Completed,2016-11-30,TXN-00000623,301.96,2026-08-06 01:41:39.368897
624,624,Cash,Completed,2016-12-02,TXN-00000624,555.21,2026-08-06 01:41:39.368897
625,625,UPI,Completed,2016-12-01,TXN-00000625,523.48,2026-08-06 01:41:39.368897
626,626,Cash,Completed,2016-11-29,TXN-00000626,161.82,2026-08-06 01:41:39.368897
627,627,Credit Card,Completed,2018-09-19,TXN-00000627,35.56,2026-08-06 01:41:39.368897
628,628,Wallet,Completed,2018-05-23,TXN-00000628,97.16,2026-08-06 01:41:39.368897
629,629,Debit Card,Completed,2018-12-20,TXN-00000629,15.24,2026-08-06 01:41:39.368897
630,630,Net Banking,Completed,2018-12-17,TXN-00000630,13.23,2026-08-06 01:41:39.368897
631,631,Net Banking,Completed,2017-12-15,TXN-00000631,243.38,2026-08-06 01:41:39.368897
632,632,Debit Card,Completed,2017-12-12,TXN-00000632,119.8,2026-08-06 01:41:39.368897
633,633,Wallet,Completed,2017-12-11,TXN-00000633,300.77,2026-08-06 01:41:39.368897
634,634,Wallet,Completed,2018-09-28,TXN-00000634,17.88,2026-08-06 01:41:39.368897
635,635,Debit Card,Completed,2018-09-25,TXN-00000635,235.94,2026-08-06 01:41:39.368897
636,636,Credit Card,Completed,2016-10-04,TXN-00000636,392.94,2026-08-06 01:41:39.368897
637,637,Credit Card,Completed,2017-08-18,TXN-00000637,18.88,2026-08-06 01:41:39.368897
638,638,Wallet,Completed,2017-08-18,TXN-00000638,122.33,2026-08-06 01:41:39.368897
639,639,Cash,Completed,2017-05-21,TXN-00000639,1049.2,2026-08-06 01:41:39.368897
640,640,Credit Card,Completed,2017-05-24,TXN-00000640,15.42,2026-08-06 01:41:39.368897
641,641,Debit Card,Completed,2017-12-20,TXN-00000641,18.84,2026-08-06 01:41:39.368897
642,642,Debit Card,Completed,2018-08-03,TXN-00000642,330.4,2026-08-06 01:41:39.368897
643,643,Net Banking,Completed,2018-08-03,TXN-00000643,26.25,2026-08-06 01:41:39.368897
644,644,Wallet,Completed,2018-06-11,TXN-00000644,132.52,2026-08-06 01:41:39.368897
645,645,Debit Card,Completed,2018-07-24,TXN-00000645,6.48,2026-08-06 01:41:39.368897
646,646,Wallet,Completed,2019-01-02,TXN-00000646,209.3,2026-08-06 01:41:39.368897
647,647,Debit Card,Completed,2017-04-05,TXN-00000647,31.56,2026-08-06 01:41:39.368897
648,648,Credit Card,Completed,2017-04-04,TXN-00000648,30.14,2026-08-06 01:41:39.368897
649,649,Wallet,Completed,2017-12-11,TXN-00000649,14.8,2026-08-06 01:41:39.368897
650,650,Cash,Completed,2017-12-13,TXN-00000650,302.38,2026-08-06 01:41:39.368897
651,651,Wallet,Completed,2017-12-14,TXN-00000651,316.0,2026-08-06 01:41:39.368897
652,652,Cash,Completed,2017-10-27,TXN-00000652,379.4,2026-08-06 01:41:39.368897
653,653,Debit Card,Completed,2018-06-22,TXN-00000653,97.82,2026-08-06 01:41:39.368897
654,654,Credit Card,Completed,2018-06-21,TXN-00000654,103.12,2026-08-06 01:41:39.368897
655,655,Cash,Completed,2017-08-24,TXN-00000655,113.55,2026-08-06 01:41:39.368897
656,656,Cash,Completed,2017-08-24,TXN-00000656,3.32,2026-08-06 01:41:39.368897
657,657,Cash,Completed,2017-08-23,TXN-00000657,134.29,2026-08-06 01:41:39.368897
658,658,Cash,Completed,2017-09-23,TXN-00000658,701.37,2026-08-06 01:41:39.368897
659,659,Cash,Completed,2017-09-23,TXN-00000659,2.31,2026-08-06 01:41:39.368897
660,660,Credit Card,Completed,2016-08-28,TXN-00000660,999.43,2026-08-06 01:41:39.368897
661,661,Net Banking,Completed,2016-08-24,TXN-00000661,724.08,2026-08-06 01:41:39.368897
662,662,Wallet,Completed,2016-08-28,TXN-00000662,918.79,2026-08-06 01:41:39.368897
663,663,Net Banking,Completed,2016-08-24,TXN-00000663,2.72,2026-08-06 01:41:39.368897
664,664,Net Banking,Completed,2017-03-28,TXN-00000664,459.95,2026-08-06 01:41:39.368897
665,665,UPI,Completed,2017-11-07,TXN-00000665,10.74,2026-08-06 01:41:39.368897
666,666,Net Banking,Completed,2018-06-09,TXN-00000666,23.76,2026-08-06 01:41:39.368897
667,667,Cash,Completed,2018-06-09,TXN-00000667,85.06,2026-08-06 01:41:39.368897
668,668,Wallet,Pending,2018-06-09,TXN-00000668,381.58,2026-08-06 01:41:39.368897
669,669,Net Banking,Completed,2015-12-25,TXN-00000669,30.36,2026-08-06 01:41:39.368897
670,670,UPI,Pending,2018-06-13,TXN-00000670,23.98,2026-08-06 01:41:39.368897
671,671,Credit Card,Completed,2018-06-13,TXN-00000671,108.93,2026-08-06 01:41:39.368897
672,672,UPI,Pending,2018-06-12,TXN-00000672,36.35,2026-08-06 01:41:39.368897
673,673,UPI,Completed,2018-06-16,TXN-00000673,19.56,2026-08-06 01:41:39.368897
674,674,Net Banking,Completed,2018-12-06,TXN-00000674,61.44,2026-08-06 01:41:39.368897
675,675,Cash,Completed,2018-12-09,TXN-00000675,38.9,2026-08-06 01:41:39.368897
676,676,Wallet,Completed,2018-12-08,TXN-00000676,99.39,2026-08-06 01:41:39.368897
677,677,Wallet,Pending,2018-03-19,TXN-00000677,2.69,2026-08-06 01:41:39.368897
678,678,UPI,Completed,2018-03-20,TXN-00000678,27.82,2026-08-06 01:41:39.368897
679,679,Credit Card,Completed,2018-03-19,TXN-00000679,82.52,2026-08-06 01:41:39.368897
680,680,Net Banking,Completed,2018-03-22,TXN-00000680,182.99,2026-08-06 01:41:39.368897
681,681,Credit Card,Completed,2017-11-21,TXN-00000681,14.35,2026-08-06 01:41:39.368897
682,682,Cash,Completed,2017-11-23,TXN-00000682,64.96,2026-08-06 01:41:39.368897
683,683,UPI,Completed,2017-11-21,TXN-00000683,68.6,2026-08-06 01:41:39.368897
684,684,Net Banking,Completed,2018-11-06,TXN-00000684,7999.98,2026-08-06 01:41:39.368897
685,685,Credit Card,Completed,2018-11-06,TXN-00000685,167.44,2026-08-06 01:41:39.368897
686,686,Cash,Completed,2015-07-08,TXN-00000686,479.97,2026-08-06 01:41:39.368897
687,687,Wallet,Completed,2015-07-08,TXN-00000687,14.62,2026-08-06 01:41:39.368897
688,688,Wallet,Completed,2015-07-06,TXN-00000688,19.44,2026-08-06 01:41:39.368897
689,689,Debit Card,Completed,2018-12-25,TXN-00000689,191.98,2026-08-06 01:41:39.368897
690,690,Net Banking,Completed,2015-06-22,TXN-00000690,104.01,2026-08-06 01:41:39.368897
691,691,Debit Card,Completed,2015-06-22,TXN-00000691,284.82,2026-08-06 01:41:39.368897
692,692,Wallet,Completed,2015-06-25,TXN-00000692,36.84,2026-08-06 01:41:39.368897
693,693,Net Banking,Completed,2016-03-30,TXN-00000693,166.24,2026-08-06 01:41:39.368897
694,694,Debit Card,Completed,2016-03-29,TXN-00000694,33.4,2026-08-06 01:41:39.368897
695,695,Cash,Completed,2016-05-18,TXN-00000695,198.27,2026-08-06 01:41:39.368897
696,696,UPI,Completed,2016-05-14,TXN-00000696,47.36,2026-08-06 01:41:39.368897
697,697,Credit Card,Completed,2016-05-16,TXN-00000697,200.98,2026-08-06 01:41:39.368897
698,698,Debit Card,Completed,2016-05-16,TXN-00000698,97.7,2026-08-06 01:41:39.368897
699,699,UPI,Completed,2016-05-14,TXN-00000699,2.7,2026-08-06 01:41:39.368897
700,700,Credit Card,Completed,2016-05-16,TXN-00000700,18.59,2026-08-06 01:41:39.368897
701,701,Cash,Completed,2016-05-17,TXN-00000701,4.9,2026-08-06 01:41:39.368897
702,702,UPI,Completed,2018-09-03,TXN-00000702,15.07,2026-08-06 01:41:39.368897
703,703,UPI,Completed,2017-11-04,TXN-00000703,209.88,2026-08-06 01:41:39.368897
704,704,Debit Card,Completed,2016-04-10,TXN-00000704,369.91,2026-08-06 01:41:39.368897
705,705,Debit Card,Completed,2015-09-12,TXN-00000705,10.37,2026-08-06 01:41:39.368897
706,706,UPI,Completed,2015-09-12,TXN-00000706,166.84,2026-08-06 01:41:39.368897
707,707,Cash,Completed,2015-09-13,TXN-00000707,15.22,2026-08-06 01:41:39.368897
708,708,Cash,Completed,2015-12-06,TXN-00000708,119.96,2026-08-06 01:41:39.368897
709,709,UPI,Completed,2015-12-02,TXN-00000709,883.92,2026-08-06 01:41:39.368897
710,710,Wallet,Completed,2015-12-05,TXN-00000710,46.72,2026-08-06 01:41:39.368897
711,711,Credit Card,Completed,2015-04-05,TXN-00000711,55.48,2026-08-06 01:41:39.368897
712,712,Wallet,Completed,2018-09-03,TXN-00000712,24.45,2026-08-06 01:41:39.368897
713,713,Cash,Completed,2018-05-21,TXN-00000713,281.34,2026-08-06 01:41:39.368897
714,714,Cash,Completed,2018-05-19,TXN-00000714,307.98,2026-08-06 01:41:39.368897
715,715,Cash,Completed,2018-05-22,TXN-00000715,299.97,2026-08-06 01:41:39.368897
716,716,Net Banking,Completed,2015-07-04,TXN-00000716,19.92,2026-08-06 01:41:39.368897
717,717,Net Banking,Completed,2015-01-13,TXN-00000717,9.94,2026-08-06 01:41:39.368897
718,718,Net Banking,Completed,2018-09-25,TXN-00000718,103.06,2026-08-06 01:41:39.368897
719,719,Debit Card,Completed,2015-06-05,TXN-00000719,59.81,2026-08-06 01:41:39.368897
720,720,Credit Card,Completed,2015-06-03,TXN-00000720,73.32,2026-08-06 01:41:39.368897
721,721,Cash,Completed,2017-02-14,TXN-00000721,146.82,2026-08-06 01:41:39.368897
722,722,Credit Card,Completed,2017-12-16,TXN-00000722,1652.94,2026-08-06 01:41:39.368897
723,723,Cash,Completed,2017-12-16,TXN-00000723,296.37,2026-08-06 01:41:39.368897
724,724,Cash,Completed,2015-10-07,TXN-00000724,129.92,2026-08-06 01:41:39.368897
725,725,Debit Card,Completed,2017-07-09,TXN-00000725,45.58,2026-08-06 01:41:39.368897
726,726,Wallet,Completed,2018-09-17,TXN-00000726,17.57,2026-08-06 01:41:39.368897
727,727,Net Banking,Pending,2018-09-18,TXN-00000727,55.99,2026-08-06 01:41:39.368897
728,728,Credit Card,Completed,2017-12-04,TXN-00000728,182.72,2026-08-06 01:41:39.368897
729,729,Credit Card,Completed,2017-12-07,TXN-00000729,400.03,2026-08-06 01:41:39.368897
730,730,Debit Card,Completed,2017-12-05,TXN-00000730,33.63,2026-08-06 01:41:39.368897
731,731,Cash,Completed,2017-12-03,TXN-00000731,542.65,2026-08-06 01:41:39.368897
732,732,Debit Card,Pending,2017-12-04,TXN-00000732,6.3,2026-08-06 01:41:39.368897
733,733,Cash,Pending,2018-01-23,TXN-00000733,242.94,2026-08-06 01:41:39.368897
734,734,Net Banking,Completed,2018-01-22,TXN-00000734,179.97,2026-08-06 01:41:39.368897
735,735,Debit Card,Completed,2018-01-22,TXN-00000735,99.7,2026-08-06 01:41:39.368897
736,736,UPI,Completed,2018-01-24,TXN-00000736,27.94,2026-08-06 01:41:39.368897
737,737,UPI,Completed,2018-01-25,TXN-00000737,84.98,2026-08-06 01:41:39.368897
738,738,Cash,Completed,2018-01-22,TXN-00000738,18.72,2026-08-06 01:41:39.368897
739,739,Wallet,Completed,2015-09-11,TXN-00000739,49.98,2026-08-06 01:41:39.368897
740,740,Credit Card,Completed,2015-01-04,TXN-00000740,11.78,2026-08-06 01:41:39.368897
741,741,Credit Card,Completed,2015-01-07,TXN-00000741,272.74,2026-08-06 01:41:39.368897
742,742,Debit Card,Completed,2015-01-05,TXN-00000742,3.54,2026-08-06 01:41:39.368897
743,743,Cash,Completed,2017-08-28,TXN-00000743,51.52,2026-08-06 01:41:39.368897
744,744,UPI,Completed,2017-08-29,TXN-00000744,3.53,2026-08-06 01:41:39.368897
745,745,Wallet,Completed,2017-08-30,TXN-00000745,4.62,2026-08-06 01:41:39.368897
746,746,Cash,Completed,2017-08-31,TXN-00000746,55.17,2026-08-06 01:41:39.368897
747,747,Debit Card,Completed,2015-05-27,TXN-00000747,567.12,2026-08-06 01:41:39.368897
748,748,Debit Card,Completed,2015-05-29,TXN-00000748,359.32,2026-08-06 01:41:39.368897
749,749,Credit Card,Completed,2017-03-20,TXN-00000749,11.99,2026-08-06 01:41:39.368897
750,750,Net Banking,Completed,2018-10-03,TXN-00000750,58.05,2026-08-06 01:41:39.368897
751,751,Cash,Completed,2018-10-06,TXN-00000751,157.74,2026-08-06 01:41:39.368897
752,752,Debit Card,Completed,2018-10-06,TXN-00000752,56.98,2026-08-06 01:41:39.368897
753,753,Net Banking,Completed,2018-10-06,TXN-00000753,2.88,2026-08-06 01:41:39.368897
754,754,Cash,Completed,2017-04-07,TXN-00000754,1199.98,2026-08-06 01:41:39.368897
755,755,Credit Card,Completed,2016-12-10,TXN-00000755,79.92,2026-08-06 01:41:39.368897
756,756,Debit Card,Completed,2017-09-18,TXN-00000756,383.44,2026-08-06 01:41:39.368897
757,757,Net Banking,Completed,2016-01-02,TXN-00000757,24.56,2026-08-06 01:41:39.368897
758,758,Cash,Completed,2015-12-29,TXN-00000758,119.8,2026-08-06 01:41:39.368897
759,759,Wallet,Completed,2018-07-24,TXN-00000759,13.13,2026-08-06 01:41:39.368897
760,760,UPI,Completed,2018-09-18,TXN-00000760,22.72,2026-08-06 01:41:39.368897
761,761,Net Banking,Completed,2016-09-02,TXN-00000761,58.32,2026-08-06 01:41:39.368897
762,762,Net Banking,Completed,2018-11-07,TXN-00000762,12.39,2026-08-06 01:41:39.368897
763,763,Wallet,Completed,2016-02-09,TXN-00000763,107.98,2026-08-06 01:41:39.368897
764,764,Net Banking,Completed,2015-01-17,TXN-00000764,11.36,2026-08-06 01:41:39.368897
765,765,Debit Card,Completed,2015-01-16,TXN-00000765,50.94,2026-08-06 01:41:39.368897
766,766,Credit Card,Completed,2015-01-15,TXN-00000766,646.74,2026-08-06 01:41:39.368897
767,767,Credit Card,Completed,2015-01-17,TXN-00000767,5.64,2026-08-06 01:41:39.368897
768,768,Credit Card,Completed,2015-01-17,TXN-00000768,572.58,2026-08-06 01:41:39.368897
769,769,Cash,Completed,2015-05-14,TXN-00000769,310.88,2026-08-06 01:41:39.368897
770,770,Cash,Completed,2017-05-19,TXN-00000770,641.96,2026-08-06 01:41:39.368897
771,771,Wallet,Completed,2018-01-31,TXN-00000771,18.28,2026-08-06 01:41:39.368897
772,772,Wallet,Completed,2018-02-01,TXN-00000772,207.0,2026-08-06 01:41:39.368897
773,773,UPI,Completed,2018-02-02,TXN-00000773,32.35,2026-08-06 01:41:39.368897
774,774,UPI,Completed,2018-02-02,TXN-00000774,7.71,2026-08-06 01:41:39.368897
775,775,Net Banking,Completed,2018-01-30,TXN-00000775,40.3,2026-08-06 01:41:39.368897
776,776,UPI,Completed,2018-01-30,TXN-00000776,34.58,2026-08-06 01:41:39.368897
777,777,Cash,Completed,2015-06-29,TXN-00000777,32.76,2026-08-06 01:41:39.368897
778,778,UPI,Completed,2016-08-22,TXN-00000778,544.01,2026-08-06 01:41:39.368897
779,779,UPI,Completed,2016-08-22,TXN-00000779,59.94,2026-08-06 01:41:39.368897
780,780,UPI,Completed,2016-08-21,TXN-00000780,23.92,2026-08-06 01:41:39.368897
781,781,Credit Card,Completed,2016-08-22,TXN-00000781,4.28,2026-08-06 01:41:39.368897
782,782,Credit Card,Completed,2016-10-04,TXN-00000782,32.07,2026-08-06 01:41:39.368897
783,783,Debit Card,Completed,2016-10-07,TXN-00000783,24.0,2026-08-06 01:41:39.368897
784,784,Wallet,Completed,2016-10-07,TXN-00000784,35.49,2026-08-06 01:41:39.368897
785,785,Cash,Completed,2016-10-04,TXN-00000785,47.98,2026-08-06 01:41:39.368897
786,786,Net Banking,Completed,2016-05-25,TXN-00000786,186.69,2026-08-06 01:41:39.368897
787,787,Net Banking,Completed,2018-03-19,TXN-00000787,17.46,2026-08-06 01:41:39.368897
788,788,Net Banking,Completed,2016-12-16,TXN-00000788,348.93,2026-08-06 01:41:39.368897
789,789,Debit Card,Completed,2016-06-29,TXN-00000789,143.96,2026-08-06 01:41:39.368897
790,790,Wallet,Pending,2016-06-27,TXN-00000790,15.42,2026-08-06 01:41:39.368897
791,791,UPI,Pending,2016-06-29,TXN-00000791,43.04,2026-08-06 01:41:39.368897
792,792,Wallet,Completed,2016-06-30,TXN-00000792,332.94,2026-08-06 01:41:39.368897
793,793,Wallet,Completed,2017-05-24,TXN-00000793,1363.96,2026-08-06 01:41:39.368897
794,794,UPI,Completed,2015-09-21,TXN-00000794,9.96,2026-08-06 01:41:39.368897
795,795,Cash,Completed,2015-09-21,TXN-00000795,21.72,2026-08-06 01:41:39.368897
796,796,Credit Card,Completed,2018-09-21,TXN-00000796,20.16,2026-08-06 01:41:39.368897
797,797,Wallet,Completed,2016-12-26,TXN-00000797,132.79,2026-08-06 01:41:39.368897
798,798,Credit Card,Completed,2016-12-28,TXN-00000798,12.96,2026-08-06 01:41:39.368897
799,799,Debit Card,Completed,2016-12-24,TXN-00000799,21.56,2026-08-06 01:41:39.368897
800,800,UPI,Completed,2016-11-28,TXN-00000800,283.92,2026-08-06 01:41:39.368897
801,801,Net Banking,Completed,2018-02-20,TXN-00000801,22.23,2026-08-06 01:41:39.368897
802,802,Wallet,Completed,2018-02-21,TXN-00000802,215.97,2026-08-06 01:41:39.368897
803,803,Cash,Completed,2017-08-19,TXN-00000803,355.32,2026-08-06 01:41:39.368897
804,804,Debit Card,Completed,2017-03-13,TXN-00000804,12.96,2026-08-06 01:41:39.368897
805,805,Debit Card,Completed,2018-04-25,TXN-00000805,18.28,2026-08-06 01:41:39.368897
806,806,Credit Card,Completed,2015-11-05,TXN-00000806,43.18,2026-08-06 01:41:39.368897
807,807,Wallet,Completed,2015-11-01,TXN-00000807,1983.97,2026-08-06 01:41:39.368897
808,808,Debit Card,Completed,2016-02-03,TXN-00000808,28.4,2026-08-06 01:41:39.368897
809,809,Credit Card,Completed,2016-02-07,TXN-00000809,149.97,2026-08-06 01:41:39.368897
810,810,Credit Card,Completed,2015-10-15,TXN-00000810,11.52,2026-08-06 01:41:39.368897
811,811,Wallet,Completed,2015-10-14,TXN-00000811,1298.55,2026-08-06 01:41:39.368897
812,812,Cash,Completed,2015-10-16,TXN-00000812,213.92,2026-08-06 01:41:39.368897
813,813,Debit Card,Completed,2015-10-15,TXN-00000813,25.78,2026-08-06 01:41:39.368897
814,814,Cash,Completed,2018-05-14,TXN-00000814,18.28,2026-08-06 01:41:39.368897
815,815,Cash,Completed,2018-05-16,TXN-00000815,1399.93,2026-08-06 01:41:39.368897
816,816,Cash,Completed,2016-03-21,TXN-00000816,51.84,2026-08-06 01:41:39.368897
817,817,Cash,Completed,2017-09-17,TXN-00000817,5.34,2026-08-06 01:41:39.368897
818,818,Cash,Completed,2015-06-28,TXN-00000818,41.47,2026-08-06 01:41:39.368897
819,819,Wallet,Completed,2015-07-01,TXN-00000819,3.17,2026-08-06 01:41:39.368897
820,820,UPI,Completed,2015-06-29,TXN-00000820,1228.47,2026-08-06 01:41:39.368897
821,821,Debit Card,Completed,2015-06-30,TXN-00000821,31.09,2026-08-06 01:41:39.368897
822,822,Debit Card,Completed,2015-07-01,TXN-00000822,335.52,2026-08-06 01:41:39.368897
823,823,Wallet,Completed,2018-06-24,TXN-00000823,239.97,2026-08-06 01:41:39.368897
824,824,UPI,Completed,2018-06-21,TXN-00000824,9.82,2026-08-06 01:41:39.368897
825,825,Debit Card,Completed,2015-05-10,TXN-00000825,67.8,2026-08-06 01:41:39.368897
826,826,Wallet,Completed,2015-05-09,TXN-00000826,167.97,2026-08-06 01:41:39.368897
827,827,Wallet,Completed,2018-08-25,TXN-00000827,35.0,2026-08-06 01:41:39.368897
828,828,Cash,Completed,2018-08-21,TXN-00000828,37.24,2026-08-06 01:41:39.368897
829,829,Wallet,Completed,2018-08-21,TXN-00000829,15.28,2026-08-06 01:41:39.368897
830,830,UPI,Completed,2018-06-18,TXN-00000830,301.96,2026-08-06 01:41:39.368897
831,831,Debit Card,Completed,2018-06-19,TXN-00000831,180.66,2026-08-06 01:41:39.368897
832,832,Wallet,Completed,2018-06-20,TXN-00000832,191.98,2026-08-06 01:41:39.368897
833,833,Net Banking,Completed,2018-06-17,TXN-00000833,65.99,2026-08-06 01:41:39.368897
834,834,Credit Card,Completed,2017-07-23,TXN-00000834,35.22,2026-08-06 01:41:39.368897
835,835,Wallet,Completed,2017-07-25,TXN-00000835,23.7,2026-08-06 01:41:39.368897
836,836,Credit Card,Completed,2017-07-24,TXN-00000836,265.48,2026-08-06 01:41:39.368897
837,837,Wallet,Completed,2015-09-10,TXN-00000837,51.18,2026-08-06 01:41:39.368897
838,838,Cash,Completed,2018-11-08,TXN-00000838,9.66,2026-08-06 01:41:39.368897
839,839,Wallet,Completed,2017-03-08,TXN-00000839,21.07,2026-08-06 01:41:39.368897
840,840,Cash,Refunded,2016-11-21,TXN-00000840,60.45,2026-08-06 01:41:39.368897
841,841,Credit Card,Completed,2016-11-20,TXN-00000841,11.52,2026-08-06 01:41:39.368897
842,842,Cash,Completed,2016-11-24,TXN-00000842,186.05,2026-08-06 01:41:39.368897
843,843,Net Banking,Completed,2017-11-11,TXN-00000843,37.44,2026-08-06 01:41:39.368897
844,844,Credit Card,Completed,2017-11-11,TXN-00000844,26.98,2026-08-06 01:41:39.368897
845,845,Credit Card,Completed,2017-11-10,TXN-00000845,11.36,2026-08-06 01:41:39.368897
846,846,Wallet,Completed,2017-11-09,TXN-00000846,14.62,2026-08-06 01:41:39.368897
847,847,Credit Card,Completed,2016-10-17,TXN-00000847,83.72,2026-08-06 01:41:39.368897
848,848,Cash,Completed,2016-10-15,TXN-00000848,287.94,2026-08-06 01:41:39.368897
849,849,Debit Card,Completed,2018-01-02,TXN-00000849,48.9,2026-08-06 01:41:39.368897
850,850,Cash,Completed,2015-02-10,TXN-00000850,115.36,2026-08-06 01:41:39.368897
851,851,Net Banking,Completed,2017-06-24,TXN-00000851,5.16,2026-08-06 01:41:39.368897
852,852,Credit Card,Completed,2017-06-21,TXN-00000852,38.88,2026-08-06 01:41:39.368897
853,853,UPI,Completed,2017-05-29,TXN-00000853,185.88,2026-08-06 01:41:39.368897
854,854,Credit Card,Completed,2017-02-19,TXN-00000854,44.46,2026-08-06 01:41:39.368897
855,855,Debit Card,Completed,2017-02-20,TXN-00000855,242.94,2026-08-06 01:41:39.368897
856,856,Wallet,Completed,2015-08-03,TXN-00000856,39.96,2026-08-06 01:41:39.368897
857,857,Cash,Completed,2015-08-05,TXN-00000857,102.3,2026-08-06 01:41:39.368897
858,858,Wallet,Completed,2015-08-07,TXN-00000858,21.36,2026-08-06 01:41:39.368897
859,859,Cash,Pending,2018-04-13,TXN-00000859,7.61,2026-08-06 01:41:39.368897
860,860,Cash,Completed,2018-04-13,TXN-00000860,7.16,2026-08-06 01:41:39.368897
861,861,Net Banking,Completed,2015-06-11,TXN-00000861,7.36,2026-08-06 01:41:39.368897
862,862,Wallet,Completed,2015-06-13,TXN-00000862,23.1,2026-08-06 01:41:39.368897
863,863,Net Banking,Completed,2017-01-06,TXN-00000863,191.47,2026-08-06 01:41:39.368897
864,864,Credit Card,Completed,2017-01-09,TXN-00000864,5.25,2026-08-06 01:41:39.368897
865,865,Credit Card,Completed,2017-01-06,TXN-00000865,59.18,2026-08-06 01:41:39.368897
866,866,Debit Card,Pending,2015-01-10,TXN-00000866,2.89,2026-08-06 01:41:39.368897
867,867,Net Banking,Completed,2015-01-12,TXN-00000867,51.94,2026-08-06 01:41:39.368897
868,868,Wallet,Completed,2017-10-03,TXN-00000868,15.94,2026-08-06 01:41:39.368897
869,869,Cash,Completed,2015-04-09,TXN-00000869,44.91,2026-08-06 01:41:39.368897
870,870,Debit Card,Completed,2017-09-05,TXN-00000870,1141.47,2026-08-06 01:41:39.368897
871,871,Debit Card,Completed,2017-09-07,TXN-00000871,280.78,2026-08-06 01:41:39.368897
872,872,Debit Card,Completed,2016-10-20,TXN-00000872,34.44,2026-08-06 01:41:39.368897
873,873,Cash,Completed,2015-12-10,TXN-00000873,11.36,2026-08-06 01:41:39.368897
874,874,UPI,Completed,2015-12-13,TXN-00000874,106.34,2026-08-06 01:41:39.368897
875,875,Debit Card,Completed,2018-08-29,TXN-00000875,192.16,2026-08-06 01:41:39.368897
876,876,UPI,Completed,2017-01-21,TXN-00000876,322.59,2026-08-06 01:41:39.368897
877,877,Net Banking,Completed,2017-01-21,TXN-00000877,29.99,2026-08-06 01:41:39.368897
878,878,Debit Card,Completed,2017-01-18,TXN-00000878,371.97,2026-08-06 01:41:39.368897
879,879,Credit Card,Completed,2015-09-17,TXN-00000879,5.89,2026-08-06 01:41:39.368897
880,880,Wallet,Completed,2018-12-01,TXN-00000880,68.47,2026-08-06 01:41:39.368897
881,881,Cash,Completed,2018-12-03,TXN-00000881,1242.9,2026-08-06 01:41:39.368897
882,882,Wallet,Completed,2016-10-13,TXN-00000882,30.84,2026-08-06 01:41:39.368897
883,883,Cash,Completed,2018-12-27,TXN-00000883,13.48,2026-08-06 01:41:39.368897
884,884,UPI,Pending,2017-10-22,TXN-00000884,31.4,2026-08-06 01:41:39.368897
885,885,Credit Card,Completed,2015-04-30,TXN-00000885,17.46,2026-08-06 01:41:39.368897
886,886,Credit Card,Completed,2016-04-25,TXN-00000886,13.94,2026-08-06 01:41:39.368897
887,887,Cash,Completed,2018-06-29,TXN-00000887,83.76,2026-08-06 01:41:39.368897
888,888,Credit Card,Completed,2018-10-17,TXN-00000888,37.66,2026-08-06 01:41:39.368897
889,889,Net Banking,Completed,2015-12-12,TXN-00000889,34.68,2026-08-06 01:41:39.368897
890,890,UPI,Completed,2018-06-21,TXN-00000890,149.95,2026-08-06 01:41:39.368897
891,891,Wallet,Completed,2018-06-22,TXN-00000891,51.31,2026-08-06 01:41:39.368897
892,892,Wallet,Completed,2018-06-30,TXN-00000892,4.54,2026-08-06 01:41:39.368897
893,893,Net Banking,Completed,2018-06-28,TXN-00000893,15.92,2026-08-06 01:41:39.368897
894,894,UPI,Completed,2018-06-29,TXN-00000894,543.92,2026-08-06 01:41:39.368897
895,895,Credit Card,Completed,2017-11-12,TXN-00000895,155.82,2026-08-06 01:41:39.368897
896,896,Credit Card,Completed,2017-11-13,TXN-00000896,70.01,2026-08-06 01:41:39.368897
897,897,Debit Card,Completed,2017-10-07,TXN-00000897,15.65,2026-08-06 01:41:39.368897
898,898,Cash,Completed,2015-09-09,TXN-00000898,103.6,2026-08-06 01:41:39.368897
899,899,Debit Card,Completed,2018-10-29,TXN-00000899,46.96,2026-08-06 01:41:39.368897
900,900,Cash,Completed,2017-04-10,TXN-00000900,8.9,2026-08-06 01:41:39.368897
901,901,Wallet,Completed,2018-11-14,TXN-00000901,10.44,2026-08-06 01:41:39.368897
902,902,Credit Card,Completed,2018-11-11,TXN-00000902,18.34,2026-08-06 01:41:39.368897
903,903,Net Banking,Completed,2018-09-17,TXN-00000903,323.98,2026-08-06 01:41:39.368897
904,904,Wallet,Completed,2017-04-11,TXN-00000904,20.04,2026-08-06 01:41:39.368897
905,905,Cash,Pending,2017-04-08,TXN-00000905,64.96,2026-08-06 01:41:39.368897
906,906,Debit Card,Completed,2017-04-09,TXN-00000906,12.96,2026-08-06 01:41:39.368897
907,907,Credit Card,Completed,2019-01-02,TXN-00000907,323.14,2026-08-06 01:41:39.368897
908,908,Debit Card,Completed,2018-12-30,TXN-00000908,90.93,2026-08-06 01:41:39.368897
909,909,UPI,Completed,2019-01-03,TXN-00000909,52.78,2026-08-06 01:41:39.368897
910,910,UPI,Completed,2018-09-03,TXN-00000910,1199.8,2026-08-06 01:41:39.368897
911,911,Cash,Completed,2018-09-06,TXN-00000911,1928.78,2026-08-06 01:41:39.368897
912,912,UPI,Completed,2018-09-02,TXN-00000912,352.38,2026-08-06 01:41:39.368897
913,913,Credit Card,Completed,2016-06-04,TXN-00000913,22.2,2026-08-06 01:41:39.368897
914,914,Net Banking,Completed,2018-11-28,TXN-00000914,46.94,2026-08-06 01:41:39.368897
915,915,Wallet,Completed,2018-11-30,TXN-00000915,143.73,2026-08-06 01:41:39.368897
916,916,UPI,Completed,2015-06-17,TXN-00000916,99.92,2026-08-06 01:41:39.368897
917,917,Cash,Completed,2015-06-15,TXN-00000917,797.94,2026-08-06 01:41:39.368897
918,918,Wallet,Completed,2015-06-17,TXN-00000918,8.57,2026-08-06 01:41:39.368897
919,919,Debit Card,Completed,2017-03-07,TXN-00000919,149.35,2026-08-06 01:41:39.368897
920,920,Net Banking,Completed,2017-03-08,TXN-00000920,12.99,2026-08-06 01:41:39.368897
921,921,UPI,Completed,2015-12-07,TXN-00000921,24.56,2026-08-06 01:41:39.368897
922,922,Cash,Completed,2016-04-12,TXN-00000922,85.14,2026-08-06 01:41:39.368897
923,923,Net Banking,Completed,2016-04-13,TXN-00000923,21.99,2026-08-06 01:41:39.368897
924,924,Credit Card,Completed,2016-04-14,TXN-00000924,406.6,2026-08-06 01:41:39.368897
925,925,UPI,Completed,2017-09-17,TXN-00000925,841.57,2026-08-06 01:41:39.368897
926,926,Net Banking,Completed,2015-09-15,TXN-00000926,15.55,2026-08-06 01:41:39.368897
927,927,Debit Card,Completed,2015-09-14,TXN-00000927,252.0,2026-08-06 01:41:39.368897
928,928,Debit Card,Completed,2016-10-06,TXN-00000928,46.2,2026-08-06 01:41:39.368897
929,929,Cash,Completed,2016-10-06,TXN-00000929,28.84,2026-08-06 01:41:39.368897
930,930,Credit Card,Completed,2018-04-14,TXN-00000930,14.59,2026-08-06 01:41:39.368897
931,931,Wallet,Completed,2018-04-14,TXN-00000931,89.86,2026-08-06 01:41:39.368897
932,932,Net Banking,Completed,2018-04-16,TXN-00000932,13.87,2026-08-06 01:41:39.368897
933,933,Cash,Completed,2018-09-03,TXN-00000933,12.19,2026-08-06 01:41:39.368897
934,934,Net Banking,Completed,2017-06-23,TXN-00000934,45.06,2026-08-06 01:41:39.368897
935,935,Credit Card,Completed,2017-06-24,TXN-00000935,29.72,2026-08-06 01:41:39.368897
936,936,UPI,Completed,2017-06-21,TXN-00000936,15.55,2026-08-06 01:41:39.368897
937,937,Credit Card,Completed,2017-06-21,TXN-00000937,447.7,2026-08-06 01:41:39.368897
938,938,Credit Card,Completed,2018-11-09,TXN-00000938,159.99,2026-08-06 01:41:39.368897
939,939,Net Banking,Completed,2016-12-15,TXN-00000939,12.96,2026-08-06 01:41:39.368897
940,940,UPI,Completed,2016-12-15,TXN-00000940,134.48,2026-08-06 01:41:39.368897
941,941,UPI,Completed,2017-06-19,TXN-00000941,17.12,2026-08-06 01:41:39.368897
942,942,UPI,Completed,2017-12-15,TXN-00000942,6.1,2026-08-06 01:41:39.368897
943,943,Wallet,Pending,2017-12-14,TXN-00000943,1114.27,2026-08-06 01:41:39.368897
944,944,Credit Card,Completed,2016-06-02,TXN-00000944,32.4,2026-08-06 01:41:39.368897
945,945,Cash,Completed,2016-06-02,TXN-00000945,540.57,2026-08-06 01:41:39.368897
946,946,Debit Card,Completed,2016-05-29,TXN-00000946,167.76,2026-08-06 01:41:39.368897
947,947,Cash,Completed,2016-07-27,TXN-00000947,393.17,2026-08-06 01:41:39.368897
948,948,Net Banking,Completed,2018-11-30,TXN-00000948,516.49,2026-08-06 01:41:39.368897
949,949,Cash,Completed,2018-12-01,TXN-00000949,1007.23,2026-08-06 01:41:39.368897
950,950,Debit Card,Completed,2018-12-01,TXN-00000950,2065.32,2026-08-06 01:41:39.368897
951,951,Credit Card,Completed,2018-12-01,TXN-00000951,15.55,2026-08-06 01:41:39.368897
952,952,Debit Card,Completed,2018-11-30,TXN-00000952,25.34,2026-08-06 01:41:39.368897
953,953,Net Banking,Completed,2018-04-06,TXN-00000953,25.47,2026-08-06 01:41:39.368897
954,954,Cash,Completed,2018-12-28,TXN-00000954,27.17,2026-08-06 01:41:39.368897
955,955,UPI,Completed,2018-12-29,TXN-00000955,78.85,2026-08-06 01:41:39.368897
956,956,Debit Card,Completed,2018-12-04,TXN-00000956,173.8,2026-08-06 01:41:39.368897
957,957,UPI,Completed,2018-05-17,TXN-00000957,29.59,2026-08-06 01:41:39.368897
958,958,Wallet,Pending,2018-05-15,TXN-00000958,4.75,2026-08-06 01:41:39.368897
959,959,Debit Card,Completed,2018-05-19,TXN-00000959,15.55,2026-08-06 01:41:39.368897
960,960,Net Banking,Completed,2016-09-24,TXN-00000960,204.6,2026-08-06 01:41:39.368897
961,961,UPI,Completed,2018-11-14,TXN-00000961,321.57,2026-08-06 01:41:39.368897
962,962,Debit Card,Completed,2016-12-01,TXN-00000962,6.24,2026-08-06 01:41:39.368897
963,963,Wallet,Completed,2017-09-04,TXN-00000963,21.88,2026-08-06 01:41:39.368897
964,964,Wallet,Completed,2015-09-22,TXN-00000964,4.61,2026-08-06 01:41:39.368897
965,965,UPI,Completed,2018-04-13,TXN-00000965,9.82,2026-08-06 01:41:39.368897
966,966,Credit Card,Completed,2018-04-11,TXN-00000966,35.97,2026-08-06 01:41:39.368897
967,967,Debit Card,Completed,2018-04-09,TXN-00000967,12.96,2026-08-06 01:41:39.368897
968,968,Wallet,Completed,2018-04-10,TXN-00000968,191.6,2026-08-06 01:41:39.368897
969,969,UPI,Completed,2018-04-13,TXN-00000969,8.64,2026-08-06 01:41:39.368897
970,970,Cash,Completed,2018-04-11,TXN-00000970,501.81,2026-08-06 01:41:39.368897
971,971,Cash,Completed,2015-01-19,TXN-00000971,127.1,2026-08-06 01:41:39.368897
972,972,Wallet,Completed,2015-01-16,TXN-00000972,124.2,2026-08-06 01:41:39.368897
973,973,UPI,Completed,2015-01-17,TXN-00000973,18.59,2026-08-06 01:41:39.368897
974,974,Wallet,Completed,2015-01-19,TXN-00000974,30.07,2026-08-06 01:41:39.368897
975,975,Debit Card,Completed,2018-10-05,TXN-00000975,160.93,2026-08-06 01:41:39.368897
976,976,UPI,Completed,2018-10-07,TXN-00000976,75.79,2026-08-06 01:41:39.368897
977,977,UPI,Completed,2018-07-12,TXN-00000977,1.08,2026-08-06 01:41:39.368897
978,978,Debit Card,Completed,2018-01-11,TXN-00000978,3059.98,2026-08-06 01:41:39.368897
979,979,Debit Card,Completed,2017-06-03,TXN-00000979,3.28,2026-08-06 01:41:39.368897
980,980,Wallet,Completed,2016-12-11,TXN-00000980,34.02,2026-08-06 01:41:39.368897
981,981,Net Banking,Completed,2017-10-07,TXN-00000981,599.29,2026-08-06 01:41:39.368897
982,982,Net Banking,Completed,2015-11-11,TXN-00000982,3.39,2026-08-06 01:41:39.368897
983,983,Wallet,Completed,2015-11-14,TXN-00000983,559.98,2026-08-06 01:41:39.368897
984,984,Net Banking,Completed,2015-11-13,TXN-00000984,603.92,2026-08-06 01:41:39.368897
985,985,Cash,Completed,2018-10-01,TXN-00000985,7.97,2026-08-06 01:41:39.368897
986,986,Net Banking,Completed,2018-09-30,TXN-00000986,27.97,2026-08-06 01:41:39.368897
987,987,UPI,Completed,2018-10-03,TXN-00000987,336.51,2026-08-06 01:41:39.368897
988,988,Net Banking,Completed,2016-03-10,TXN-00000988,1.11,2026-08-06 01:41:39.368897
989,989,Credit Card,Completed,2018-05-23,TXN-00000989,520.05,2026-08-06 01:41:39.368897
990,990,Net Banking,Completed,2018-05-23,TXN-00000990,17.97,2026-08-06 01:41:39.368897
991,991,Debit Card,Completed,2016-04-02,TXN-00000991,1166.92,2026-08-06 01:41:39.368897
992,992,Net Banking,Completed,2017-09-13,TXN-00000992,14.62,2026-08-06 01:41:39.368897
993,993,Debit Card,Completed,2017-08-28,TXN-00000993,10.23,2026-08-06 01:41:39.368897
994,994,Credit Card,Completed,2017-08-26,TXN-00000994,154.9,2026-08-06 01:41:39.368897
995,995,UPI,Completed,2015-05-24,TXN-00000995,2715.93,2026-08-06 01:41:39.368897
996,996,Net Banking,Completed,2015-05-23,TXN-00000996,617.97,2026-08-06 01:41:39.368897
997,997,Debit Card,Completed,2016-10-30,TXN-00000997,10.67,2026-08-06 01:41:39.368897
998,998,Net Banking,Completed,2016-11-01,TXN-00000998,36.63,2026-08-06 01:41:39.368897
999,999,Net Banking,Completed,2016-10-31,TXN-00000999,24.1,2026-08-06 01:41:39.368897
1000,1000,Wallet,Completed,2016-10-30,TXN-00001000,33.11,2026-08-06 01:41:39.368897
1001,1001,Wallet,Completed,2017-11-16,TXN-00001001,44.02,2026-08-06 01:41:39.368897
1002,1002,Net Banking,Pending,2016-08-01,TXN-00001002,2309.65,2026-08-06 01:41:39.368897
1003,1003,Debit Card,Completed,2016-08-02,TXN-00001003,1090.78,2026-08-06 01:41:39.368897
1004,1004,Net Banking,Completed,2016-08-03,TXN-00001004,19.44,2026-08-06 01:41:39.368897
1005,1005,UPI,Completed,2016-08-29,TXN-00001005,484.65,2026-08-06 01:41:39.368897
1006,1006,Credit Card,Completed,2016-11-13,TXN-00001006,115.3,2026-08-06 01:41:39.368897
1007,1007,Cash,Completed,2016-11-06,TXN-00001007,7.08,2026-08-06 01:41:39.368897
1008,1008,Wallet,Completed,2016-11-08,TXN-00001008,4.4,2026-08-06 01:41:39.368897
1009,1009,UPI,Completed,2018-12-30,TXN-00001009,44.75,2026-08-06 01:41:39.368897
1010,1010,Cash,Completed,2018-08-01,TXN-00001010,95.98,2026-08-06 01:41:39.368897
1011,1011,Cash,Completed,2015-11-26,TXN-00001011,151.72,2026-08-06 01:41:39.368897
1012,1012,UPI,Completed,2018-06-18,TXN-00001012,155.25,2026-08-06 01:41:39.368897
1013,1013,Net Banking,Completed,2018-06-21,TXN-00001013,14.03,2026-08-06 01:41:39.368897
1014,1014,Debit Card,Pending,2016-12-25,TXN-00001014,1618.37,2026-08-06 01:41:39.368897
1015,1015,Wallet,Completed,2016-12-23,TXN-00001015,99.6,2026-08-06 01:41:39.368897
1016,1016,UPI,Completed,2016-09-18,TXN-00001016,32.4,2026-08-06 01:41:39.368897
1017,1017,Wallet,Completed,2016-07-06,TXN-00001017,13.96,2026-08-06 01:41:39.368897
1018,1018,UPI,Completed,2016-07-08,TXN-00001018,155.82,2026-08-06 01:41:39.368897
1019,1019,Net Banking,Completed,2016-07-09,TXN-00001019,124.95,2026-08-06 01:41:39.368897
1020,1020,Cash,Completed,2016-07-09,TXN-00001020,601.65,2026-08-06 01:41:39.368897
1021,1021,Debit Card,Completed,2016-04-28,TXN-00001021,22.74,2026-08-06 01:41:39.368897
1022,1022,Debit Card,Completed,2016-04-28,TXN-00001022,1267.53,2026-08-06 01:41:39.368897
1023,1023,Wallet,Completed,2016-04-28,TXN-00001023,1379.92,2026-08-06 01:41:39.368897
1024,1024,Credit Card,Completed,2016-06-18,TXN-00001024,6.21,2026-08-06 01:41:39.368897
1025,1025,UPI,Completed,2018-12-21,TXN-00001025,11.81,2026-08-06 01:41:39.368897
1026,1026,Wallet,Completed,2017-01-13,TXN-00001026,15.55,2026-08-06 01:41:39.368897
1027,1027,UPI,Completed,2017-01-12,TXN-00001027,63.31,2026-08-06 01:41:39.368897
1028,1028,Cash,Completed,2017-01-15,TXN-00001028,15.59,2026-08-06 01:41:39.368897
1029,1029,UPI,Completed,2015-07-11,TXN-00001029,177.2,2026-08-06 01:41:39.368897
1030,1030,Net Banking,Completed,2015-07-13,TXN-00001030,197.97,2026-08-06 01:41:39.368897
1031,1031,UPI,Completed,2015-07-14,TXN-00001031,854.94,2026-08-06 01:41:39.368897
1032,1032,Debit Card,Completed,2015-07-13,TXN-00001032,124.11,2026-08-06 01:41:39.368897
1033,1033,Wallet,Completed,2015-07-14,TXN-00001033,14.4,2026-08-06 01:41:39.368897
1034,1034,Cash,Completed,2017-11-21,TXN-00001034,15.7,2026-08-06 01:41:39.368897
1035,1035,Net Banking,Completed,2017-11-24,TXN-00001035,2.63,2026-08-06 01:41:39.368897
1036,1036,Credit Card,Completed,2017-11-21,TXN-00001036,14.43,2026-08-06 01:41:39.368897
1037,1037,Debit Card,Completed,2017-04-23,TXN-00001037,86.62,2026-08-06 01:41:39.368897
1038,1038,Wallet,Completed,2016-06-14,TXN-00001038,36.62,2026-08-06 01:41:39.368897
1039,1039,Credit Card,Completed,2018-11-21,TXN-00001039,23.97,2026-08-06 01:41:39.368897
1040,1040,Credit Card,Completed,2018-11-22,TXN-00001040,28.73,2026-08-06 01:41:39.368897
1041,1041,UPI,Completed,2017-03-24,TXN-00001041,697.16,2026-08-06 01:41:39.368897
1042,1042,Cash,Completed,2017-09-09,TXN-00001042,31.86,2026-08-06 01:41:39.368897
1043,1043,Net Banking,Completed,2017-09-07,TXN-00001043,722.35,2026-08-06 01:41:39.368897
1044,1044,Debit Card,Completed,2018-07-11,TXN-00001044,8.84,2026-08-06 01:41:39.368897
1045,1045,Debit Card,Completed,2018-07-09,TXN-00001045,58.46,2026-08-06 01:41:39.368897
1046,1046,Wallet,Pending,2018-10-14,TXN-00001046,254.6,2026-08-06 01:41:39.368897
1047,1047,Cash,Completed,2017-03-12,TXN-00001047,1363.96,2026-08-06 01:41:39.368897
1048,1048,Wallet,Completed,2017-03-09,TXN-00001048,102.36,2026-08-06 01:41:39.368897
1049,1049,Debit Card,Completed,2015-05-28,TXN-00001049,1113.5,2026-08-06 01:41:39.368897
1050,1050,Net Banking,Completed,2015-05-27,TXN-00001050,99.99,2026-08-06 01:41:39.368897
1051,1051,Cash,Completed,2016-07-06,TXN-00001051,168.46,2026-08-06 01:41:39.368897
1052,1052,Wallet,Completed,2016-07-04,TXN-00001052,6.72,2026-08-06 01:41:39.368897
1053,1053,Net Banking,Completed,2016-07-05,TXN-00001053,282.89,2026-08-06 01:41:39.368897
1054,1054,Wallet,Completed,2016-04-05,TXN-00001054,11.16,2026-08-06 01:41:39.368897
1055,1055,Debit Card,Completed,2016-04-05,TXN-00001055,108.4,2026-08-06 01:41:39.368897
1056,1056,Credit Card,Completed,2016-04-06,TXN-00001056,82.34,2026-08-06 01:41:39.368897
1057,1057,Credit Card,Completed,2016-04-05,TXN-00001057,9.09,2026-08-06 01:41:39.368897
1058,1058,Debit Card,Completed,2018-12-14,TXN-00001058,19.94,2026-08-06 01:41:39.368897
1059,1059,UPI,Completed,2018-12-10,TXN-00001059,65.57,2026-08-06 01:41:39.368897
1060,1060,Wallet,Completed,2017-11-25,TXN-00001060,4.42,2026-08-06 01:41:39.368897
1061,1061,Wallet,Completed,2016-03-25,TXN-00001061,107.77,2026-08-06 01:41:39.368897
1062,1062,Cash,Completed,2016-04-17,TXN-00001062,45.22,2026-08-06 01:41:39.368897
1063,1063,Net Banking,Completed,2016-04-16,TXN-00001063,10.42,2026-08-06 01:41:39.368897
1064,1064,Cash,Completed,2016-04-19,TXN-00001064,7.87,2026-08-06 01:41:39.368897
1065,1065,UPI,Completed,2016-04-16,TXN-00001065,118.78,2026-08-06 01:41:39.368897
1066,1066,Credit Card,Completed,2016-04-17,TXN-00001066,1.45,2026-08-06 01:41:39.368897
1067,1067,Credit Card,Completed,2016-04-18,TXN-00001067,55.47,2026-08-06 01:41:39.368897
1068,1068,Debit Card,Completed,2017-10-02,TXN-00001068,194.85,2026-08-06 01:41:39.368897
1069,1069,Cash,Completed,2018-09-28,TXN-00001069,1.74,2026-08-06 01:41:39.368897
1070,1070,Net Banking,Completed,2016-07-29,TXN-00001070,25.18,2026-08-06 01:41:39.368897
1071,1071,Credit Card,Completed,2016-11-24,TXN-00001071,19.46,2026-08-06 01:41:39.368897
1072,1072,Wallet,Completed,2017-04-29,TXN-00001072,29.47,2026-08-06 01:41:39.368897
1073,1073,Cash,Completed,2018-11-16,TXN-00001073,8.64,2026-08-06 01:41:39.368897
1074,1074,Credit Card,Completed,2017-11-13,TXN-00001074,6.27,2026-08-06 01:41:39.368897
1075,1075,Cash,Completed,2017-11-15,TXN-00001075,4.37,2026-08-06 01:41:39.368897
1076,1076,Cash,Completed,2017-11-16,TXN-00001076,31.98,2026-08-06 01:41:39.368897
1077,1077,Wallet,Completed,2017-10-01,TXN-00001077,40.88,2026-08-06 01:41:39.368897
1078,1078,Debit Card,Completed,2018-09-26,TXN-00001078,119.96,2026-08-06 01:41:39.368897
1079,1079,Credit Card,Completed,2018-09-26,TXN-00001079,31.44,2026-08-06 01:41:39.368897
1080,1080,Cash,Pending,2018-09-26,TXN-00001080,6.88,2026-08-06 01:41:39.368897
1081,1081,Cash,Completed,2016-12-03,TXN-00001081,19.92,2026-08-06 01:41:39.368897
1082,1082,UPI,Pending,2016-11-29,TXN-00001082,1106.91,2026-08-06 01:41:39.368897
1083,1083,Net Banking,Completed,2017-03-03,TXN-00001083,836.59,2026-08-06 01:41:39.368897
1084,1084,Debit Card,Completed,2017-03-03,TXN-00001084,26.38,2026-08-06 01:41:39.368897
1085,1085,Cash,Completed,2017-03-02,TXN-00001085,362.92,2026-08-06 01:41:39.368897
1086,1086,Wallet,Completed,2017-03-01,TXN-00001086,4899.93,2026-08-06 01:41:39.368897
1087,1087,Net Banking,Completed,2017-08-13,TXN-00001087,6.48,2026-08-06 01:41:39.368897
1088,1088,Debit Card,Completed,2017-08-17,TXN-00001088,71.98,2026-08-06 01:41:39.368897
1089,1089,Cash,Completed,2017-08-18,TXN-00001089,3.15,2026-08-06 01:41:39.368897
1090,1090,Cash,Completed,2018-06-06,TXN-00001090,31.98,2026-08-06 01:41:39.368897
1091,1091,UPI,Completed,2018-06-05,TXN-00001091,71.98,2026-08-06 01:41:39.368897
1092,1092,Net Banking,Completed,2016-12-10,TXN-00001092,120.15,2026-08-06 01:41:39.368897
1093,1093,Wallet,Completed,2016-12-09,TXN-00001093,219.18,2026-08-06 01:41:39.368897
1094,1094,Wallet,Completed,2016-12-31,TXN-00001094,28.9,2026-08-06 01:41:39.368897
1095,1095,Net Banking,Completed,2016-12-27,TXN-00001095,355.96,2026-08-06 01:41:39.368897
1096,1096,Net Banking,Completed,2018-01-22,TXN-00001096,348.21,2026-08-06 01:41:39.368897
1097,1097,UPI,Completed,2018-01-22,TXN-00001097,35.78,2026-08-06 01:41:39.368897
1098,1098,Cash,Completed,2015-06-26,TXN-00001098,447.84,2026-08-06 01:41:39.368897
1099,1099,Wallet,Completed,2017-06-18,TXN-00001099,7.04,2026-08-06 01:41:39.368897
1100,1100,Net Banking,Completed,2017-06-14,TXN-00001100,8.73,2026-08-06 01:41:39.368897
1101,1101,Cash,Completed,2017-06-14,TXN-00001101,29.29,2026-08-06 01:41:39.368897
1102,1102,Credit Card,Completed,2017-06-15,TXN-00001102,8.64,2026-08-06 01:41:39.368897
1103,1103,Wallet,Completed,2018-04-23,TXN-00001103,2.69,2026-08-06 01:41:39.368897
1104,1104,Debit Card,Completed,2018-04-24,TXN-00001104,2.93,2026-08-06 01:41:39.368897
1105,1105,UPI,Completed,2017-10-22,TXN-00001105,22.92,2026-08-06 01:41:39.368897
1106,1106,Net Banking,Completed,2017-11-23,TXN-00001106,100.7,2026-08-06 01:41:39.368897
1107,1107,Net Banking,Completed,2017-11-19,TXN-00001107,2.33,2026-08-06 01:41:39.368897
1108,1108,Debit Card,Completed,2017-11-22,TXN-00001108,10.78,2026-08-06 01:41:39.368897
1109,1109,Credit Card,Completed,2017-11-23,TXN-00001109,58.37,2026-08-06 01:41:39.368897
1110,1110,Cash,Completed,2017-11-23,TXN-00001110,40.97,2026-08-06 01:41:39.368897
1111,1111,Net Banking,Completed,2017-11-19,TXN-00001111,71.96,2026-08-06 01:41:39.368897
1112,1112,Net Banking,Completed,2017-11-22,TXN-00001112,10.37,2026-08-06 01:41:39.368897
1113,1113,UPI,Refunded,2017-11-19,TXN-00001113,1.19,2026-08-06 01:41:39.368897
1114,1114,Cash,Completed,2018-12-18,TXN-00001114,46.67,2026-08-06 01:41:39.368897
1115,1115,Wallet,Completed,2018-12-18,TXN-00001115,119.83,2026-08-06 01:41:39.368897
1116,1116,Cash,Completed,2018-12-22,TXN-00001116,119.98,2026-08-06 01:41:39.368897
1117,1117,Cash,Completed,2017-07-23,TXN-00001117,6.3,2026-08-06 01:41:39.368897
1118,1118,Net Banking,Completed,2016-09-06,TXN-00001118,279.9,2026-08-06 01:41:39.368897
1119,1119,Wallet,Completed,2016-09-07,TXN-00001119,619.95,2026-08-06 01:41:39.368897
1120,1120,UPI,Completed,2016-09-07,TXN-00001120,4.36,2026-08-06 01:41:39.368897
1121,1121,UPI,Completed,2016-09-05,TXN-00001121,15.28,2026-08-06 01:41:39.368897
1122,1122,UPI,Completed,2015-01-21,TXN-00001122,699.93,2026-08-06 01:41:39.368897
1123,1123,Net Banking,Completed,2015-01-23,TXN-00001123,22.96,2026-08-06 01:41:39.368897
1124,1124,Wallet,Completed,2015-01-24,TXN-00001124,38.6,2026-08-06 01:41:39.368897
1125,1125,Credit Card,Completed,2015-01-22,TXN-00001125,6.63,2026-08-06 01:41:39.368897
1126,1126,Wallet,Completed,2015-01-20,TXN-00001126,23.34,2026-08-06 01:41:39.368897
1127,1127,Cash,Completed,2015-01-20,TXN-00001127,1067.94,2026-08-06 01:41:39.368897
1128,1128,Wallet,Completed,2016-03-06,TXN-00001128,10.16,2026-08-06 01:41:39.368897
1129,1129,Credit Card,Completed,2016-03-06,TXN-00001129,101.88,2026-08-06 01:41:39.368897
1130,1130,Wallet,Completed,2017-04-12,TXN-00001130,343.92,2026-08-06 01:41:39.368897
1131,1131,UPI,Completed,2017-04-13,TXN-00001131,40.99,2026-08-06 01:41:39.368897
1132,1132,Cash,Completed,2017-04-16,TXN-00001132,63.9,2026-08-06 01:41:39.368897
1133,1133,Net Banking,Pending,2017-12-09,TXN-00001133,19.44,2026-08-06 01:41:39.368897
1134,1134,Net Banking,Completed,2017-06-05,TXN-00001134,124.61,2026-08-06 01:41:39.368897
1135,1135,Credit Card,Completed,2017-06-09,TXN-00001135,7.56,2026-08-06 01:41:39.368897
1136,1136,Debit Card,Completed,2017-12-14,TXN-00001136,85.22,2026-08-06 01:41:39.368897
1137,1137,Credit Card,Completed,2017-11-12,TXN-00001137,287.52,2026-08-06 01:41:39.368897
1138,1138,Debit Card,Completed,2017-11-14,TXN-00001138,37.68,2026-08-06 01:41:39.368897
1139,1139,Net Banking,Completed,2017-11-13,TXN-00001139,19.98,2026-08-06 01:41:39.368897
1140,1140,Wallet,Pending,2017-11-16,TXN-00001140,20.58,2026-08-06 01:41:39.368897
1141,1141,Debit Card,Completed,2017-11-16,TXN-00001141,17.38,2026-08-06 01:41:39.368897
1142,1142,Cash,Completed,2015-09-29,TXN-00001142,204.6,2026-08-06 01:41:39.368897
1143,1143,Wallet,Completed,2015-10-02,TXN-00001143,8.72,2026-08-06 01:41:39.368897
1144,1144,Wallet,Completed,2015-09-30,TXN-00001144,6.48,2026-08-06 01:41:39.368897
1145,1145,Wallet,Completed,2015-10-02,TXN-00001145,686.32,2026-08-06 01:41:39.368897
1146,1146,UPI,Completed,2015-09-30,TXN-00001146,62.18,2026-08-06 01:41:39.368897
1147,1147,Net Banking,Completed,2016-04-05,TXN-00001147,644.08,2026-08-06 01:41:39.368897
1148,1148,Wallet,Completed,2016-04-05,TXN-00001148,5.84,2026-08-06 01:41:39.368897
1149,1149,Cash,Completed,2016-04-07,TXN-00001149,12.76,2026-08-06 01:41:39.368897
1150,1150,Net Banking,Completed,2016-04-05,TXN-00001150,10.95,2026-08-06 01:41:39.368897
1151,1151,Net Banking,Completed,2016-04-04,TXN-00001151,599.98,2026-08-06 01:41:39.368897
1152,1152,Cash,Completed,2016-05-11,TXN-00001152,8.35,2026-08-06 01:41:39.368897
1153,1153,Credit Card,Completed,2018-01-04,TXN-00001153,3.64,2026-08-06 01:41:39.368897
1154,1154,Wallet,Pending,2018-01-02,TXN-00001154,159.77,2026-08-06 01:41:39.368897
1155,1155,Net Banking,Completed,2015-12-20,TXN-00001155,122.48,2026-08-06 01:41:39.368897
1156,1156,Cash,Completed,2015-12-22,TXN-00001156,2244.48,2026-08-06 01:41:39.368897
1157,1157,Wallet,Completed,2015-12-21,TXN-00001157,62.31,2026-08-06 01:41:39.368897
1158,1158,Net Banking,Completed,2015-12-24,TXN-00001158,455.1,2026-08-06 01:41:39.368897
1159,1159,Net Banking,Completed,2017-07-03,TXN-00001159,195.18,2026-08-06 01:41:39.368897
1160,1160,Wallet,Completed,2018-07-03,TXN-00001160,362.94,2026-08-06 01:41:39.368897
1161,1161,Debit Card,Pending,2018-07-01,TXN-00001161,11.54,2026-08-06 01:41:39.368897
1162,1162,UPI,Completed,2015-09-04,TXN-00001162,53.94,2026-08-06 01:41:39.368897
1163,1163,Net Banking,Completed,2015-03-04,TXN-00001163,9.99,2026-08-06 01:41:39.368897
1164,1164,Net Banking,Completed,2015-03-06,TXN-00001164,125.76,2026-08-06 01:41:39.368897
1165,1165,Credit Card,Completed,2015-03-07,TXN-00001165,25.32,2026-08-06 01:41:39.368897
1166,1166,Wallet,Completed,2015-05-04,TXN-00001166,46.8,2026-08-06 01:41:39.368897
1167,1167,Debit Card,Completed,2016-11-03,TXN-00001167,447.93,2026-08-06 01:41:39.368897
1168,1168,Debit Card,Pending,2018-12-11,TXN-00001168,109.48,2026-08-06 01:41:39.368897
1169,1169,Debit Card,Completed,2018-12-12,TXN-00001169,272.94,2026-08-06 01:41:39.368897
1170,1170,Net Banking,Completed,2018-12-09,TXN-00001170,19.44,2026-08-06 01:41:39.368897
1171,1171,Wallet,Completed,2018-12-11,TXN-00001171,31.92,2026-08-06 01:41:39.368897
1172,1172,UPI,Completed,2015-03-13,TXN-00001172,22.38,2026-08-06 01:41:39.368897
1173,1173,Credit Card,Completed,2015-04-22,TXN-00001173,16.52,2026-08-06 01:41:39.368897
1174,1174,Debit Card,Completed,2016-10-24,TXN-00001174,5.18,2026-08-06 01:41:39.368897
1175,1175,Wallet,Completed,2016-08-22,TXN-00001175,50.11,2026-08-06 01:41:39.368897
1176,1176,Wallet,Completed,2017-08-31,TXN-00001176,27.93,2026-08-06 01:41:39.368897
1177,1177,Debit Card,Completed,2015-12-27,TXN-00001177,11.56,2026-08-06 01:41:39.368897
1178,1178,Cash,Completed,2017-12-05,TXN-00001178,172.5,2026-08-06 01:41:39.368897
1179,1179,UPI,Pending,2017-12-04,TXN-00001179,179.97,2026-08-06 01:41:39.368897
1180,1180,Net Banking,Completed,2017-04-28,TXN-00001180,258.7,2026-08-06 01:41:39.368897
1181,1181,Wallet,Completed,2015-06-23,TXN-00001181,1322.93,2026-08-06 01:41:39.368897
1182,1182,Debit Card,Completed,2015-06-23,TXN-00001182,3.76,2026-08-06 01:41:39.368897
1183,1183,Credit Card,Completed,2018-01-17,TXN-00001183,21.74,2026-08-06 01:41:39.368897
1184,1184,Net Banking,Completed,2018-01-18,TXN-00001184,7.92,2026-08-06 01:41:39.368897
1185,1185,Wallet,Completed,2015-11-28,TXN-00001185,12.1,2026-08-06 01:41:39.368897
1186,1186,Wallet,Completed,2015-11-28,TXN-00001186,485.88,2026-08-06 01:41:39.368897
1187,1187,UPI,Completed,2015-11-27,TXN-00001187,25.92,2026-08-06 01:41:39.368897
1188,1188,Net Banking,Completed,2015-11-27,TXN-00001188,197.58,2026-08-06 01:41:39.368897
1189,1189,Net Banking,Completed,2018-02-27,TXN-00001189,81.92,2026-08-06 01:41:39.368897
1190,1190,Cash,Completed,2018-03-02,TXN-00001190,889.54,2026-08-06 01:41:39.368897
1191,1191,Cash,Completed,2018-02-28,TXN-00001191,892.22,2026-08-06 01:41:39.368897
1192,1192,UPI,Completed,2018-02-28,TXN-00001192,223.92,2026-08-06 01:41:39.368897
1193,1193,Net Banking,Completed,2018-02-27,TXN-00001193,23.12,2026-08-06 01:41:39.368897
1194,1194,Wallet,Completed,2016-09-16,TXN-00001194,15.55,2026-08-06 01:41:39.368897
1195,1195,Wallet,Completed,2016-09-19,TXN-00001195,15.71,2026-08-06 01:41:39.368897
1196,1196,Debit Card,Completed,2016-09-19,TXN-00001196,24.67,2026-08-06 01:41:39.368897
1197,1197,Net Banking,Completed,2016-09-17,TXN-00001197,55.97,2026-08-06 01:41:39.368897
1198,1198,Credit Card,Completed,2017-04-12,TXN-00001198,431.93,2026-08-06 01:41:39.368897
1199,1199,Cash,Completed,2017-04-08,TXN-00001199,95.98,2026-08-06 01:41:39.368897
1200,1200,Cash,Completed,2017-04-11,TXN-00001200,1088.79,2026-08-06 01:41:39.368897
1201,1201,Wallet,Completed,2017-07-19,TXN-00001201,544.01,2026-08-06 01:41:39.368897
1202,1202,Net Banking,Completed,2017-07-19,TXN-00001202,1.87,2026-08-06 01:41:39.368897
1203,1203,Credit Card,Completed,2017-07-18,TXN-00001203,854.35,2026-08-06 01:41:39.368897
1204,1204,Wallet,Completed,2017-07-21,TXN-00001204,593.57,2026-08-06 01:41:39.368897
1205,1205,Net Banking,Completed,2017-07-21,TXN-00001205,338.04,2026-08-06 01:41:39.368897
1206,1206,Credit Card,Completed,2018-08-01,TXN-00001206,271.96,2026-08-06 01:41:39.368897
1207,1207,Cash,Completed,2017-07-16,TXN-00001207,11.21,2026-08-06 01:41:39.368897
1208,1208,Debit Card,Completed,2017-07-18,TXN-00001208,9.14,2026-08-06 01:41:39.368897
1209,1209,Net Banking,Completed,2017-07-15,TXN-00001209,14.07,2026-08-06 01:41:39.368897
1210,1210,Net Banking,Completed,2017-07-15,TXN-00001210,41.86,2026-08-06 01:41:39.368897
1211,1211,Net Banking,Completed,2017-07-14,TXN-00001211,8.54,2026-08-06 01:41:39.368897
1212,1212,Net Banking,Completed,2017-07-15,TXN-00001212,579.14,2026-08-06 01:41:39.368897
1213,1213,UPI,Completed,2018-09-10,TXN-00001213,141.37,2026-08-06 01:41:39.368897
1214,1214,Cash,Completed,2018-09-13,TXN-00001214,3.04,2026-08-06 01:41:39.368897
1215,1215,Net Banking,Completed,2018-09-10,TXN-00001215,4.5,2026-08-06 01:41:39.368897
1216,1216,Cash,Completed,2018-09-11,TXN-00001216,4.67,2026-08-06 01:41:39.368897
1217,1217,Credit Card,Completed,2018-09-09,TXN-00001217,95.88,2026-08-06 01:41:39.368897
1218,1218,Credit Card,Completed,2018-09-11,TXN-00001218,17.02,2026-08-06 01:41:39.368897
1219,1219,Debit Card,Completed,2018-09-12,TXN-00001219,258.7,2026-08-06 01:41:39.368897
1220,1220,Wallet,Completed,2018-09-11,TXN-00001220,1931.96,2026-08-06 01:41:39.368897
1221,1221,Credit Card,Completed,2015-07-16,TXN-00001221,249.75,2026-08-06 01:41:39.368897
1222,1222,Credit Card,Completed,2015-07-14,TXN-00001222,255.94,2026-08-06 01:41:39.368897
1223,1223,Credit Card,Completed,2017-12-04,TXN-00001223,113.79,2026-08-06 01:41:39.368897
1224,1224,Credit Card,Completed,2017-12-04,TXN-00001224,78.15,2026-08-06 01:41:39.368897
1225,1225,Cash,Completed,2017-12-05,TXN-00001225,1.73,2026-08-06 01:41:39.368897
1226,1226,Credit Card,Completed,2017-12-08,TXN-00001226,40.56,2026-08-06 01:41:39.368897
1227,1227,Debit Card,Completed,2017-12-05,TXN-00001227,182.94,2026-08-06 01:41:39.368897
1228,1228,Cash,Completed,2017-12-08,TXN-00001228,193.86,2026-08-06 01:41:39.368897
1229,1229,Credit Card,Completed,2018-11-07,TXN-00001229,15.28,2026-08-06 01:41:39.368897
1230,1230,Cash,Completed,2018-11-09,TXN-00001230,8.73,2026-08-06 01:41:39.368897
1231,1231,Credit Card,Completed,2018-11-09,TXN-00001231,5.68,2026-08-06 01:41:39.368897
1232,1232,Net Banking,Completed,2016-11-03,TXN-00001232,2.78,2026-08-06 01:41:39.368897
1233,1233,UPI,Completed,2016-11-04,TXN-00001233,79.96,2026-08-06 01:41:39.368897
1234,1234,Credit Card,Completed,2017-06-02,TXN-00001234,839.99,2026-08-06 01:41:39.368897
1235,1235,Debit Card,Completed,2017-10-30,TXN-00001235,47.95,2026-08-06 01:41:39.368897
1236,1236,Cash,Completed,2017-10-29,TXN-00001236,37.43,2026-08-06 01:41:39.368897
1237,1237,UPI,Completed,2017-11-01,TXN-00001237,63.97,2026-08-06 01:41:39.368897
1238,1238,Debit Card,Completed,2017-10-28,TXN-00001238,165.05,2026-08-06 01:41:39.368897
1239,1239,Debit Card,Completed,2015-08-15,TXN-00001239,12.35,2026-08-06 01:41:39.368897
1240,1240,Net Banking,Pending,2015-08-14,TXN-00001240,40.97,2026-08-06 01:41:39.368897
1241,1241,Net Banking,Completed,2015-08-14,TXN-00001241,22.96,2026-08-06 01:41:39.368897
1242,1242,Net Banking,Completed,2017-09-01,TXN-00001242,22.0,2026-08-06 01:41:39.368897
1243,1243,Credit Card,Completed,2017-02-19,TXN-00001243,398.35,2026-08-06 01:41:39.368897
1244,1244,Wallet,Completed,2017-02-19,TXN-00001244,8.72,2026-08-06 01:41:39.368897
1245,1245,Net Banking,Completed,2018-05-16,TXN-00001245,48.69,2026-08-06 01:41:39.368897
1246,1246,Debit Card,Completed,2015-12-16,TXN-00001246,764.69,2026-08-06 01:41:39.368897
1247,1247,Net Banking,Completed,2015-12-16,TXN-00001247,3610.85,2026-08-06 01:41:39.368897
1248,1248,Credit Card,Completed,2015-12-13,TXN-00001248,254.97,2026-08-06 01:41:39.368897
1249,1249,Cash,Pending,2018-12-21,TXN-00001249,38.82,2026-08-06 01:41:39.368897
1250,1250,Credit Card,Completed,2018-12-20,TXN-00001250,1141.94,2026-08-06 01:41:39.368897
1251,1251,Wallet,Completed,2018-12-18,TXN-00001251,1704.56,2026-08-06 01:41:39.368897
1252,1252,Credit Card,Completed,2018-12-19,TXN-00001252,3.2,2026-08-06 01:41:39.368897
1253,1253,Net Banking,Completed,2016-07-08,TXN-00001253,1099.96,2026-08-06 01:41:39.368897
1254,1254,Cash,Pending,2018-03-11,TXN-00001254,5.25,2026-08-06 01:41:39.368897
1255,1255,Cash,Completed,2018-03-12,TXN-00001255,35.91,2026-08-06 01:41:39.368897
1256,1256,Cash,Completed,2018-03-14,TXN-00001256,6.7,2026-08-06 01:41:39.368897
1257,1257,Wallet,Completed,2018-03-14,TXN-00001257,43.87,2026-08-06 01:41:39.368897
1258,1258,Cash,Completed,2017-12-25,TXN-00001258,27.88,2026-08-06 01:41:39.368897
1259,1259,UPI,Completed,2017-12-24,TXN-00001259,540.05,2026-08-06 01:41:39.368897
1260,1260,Net Banking,Completed,2017-12-28,TXN-00001260,255.68,2026-08-06 01:41:39.368897
1261,1261,Wallet,Completed,2018-10-24,TXN-00001261,863.88,2026-08-06 01:41:39.368897
1262,1262,UPI,Completed,2017-10-28,TXN-00001262,17.62,2026-08-06 01:41:39.368897
1263,1263,Debit Card,Completed,2018-07-08,TXN-00001263,17.47,2026-08-06 01:41:39.368897
1264,1264,Cash,Completed,2017-10-01,TXN-00001264,69.9,2026-08-06 01:41:39.368897
1265,1265,Cash,Completed,2017-10-04,TXN-00001265,41.85,2026-08-06 01:41:39.368897
1266,1266,Net Banking,Completed,2018-09-03,TXN-00001266,6.57,2026-08-06 01:41:39.368897
1267,1267,Debit Card,Completed,2015-12-24,TXN-00001267,142.86,2026-08-06 01:41:39.368897
1268,1268,Wallet,Completed,2015-12-27,TXN-00001268,292.27,2026-08-06 01:41:39.368897
1269,1269,UPI,Completed,2018-09-25,TXN-00001269,29.33,2026-08-06 01:41:39.368897
1270,1270,Debit Card,Completed,2018-06-08,TXN-00001270,12.48,2026-08-06 01:41:39.368897
1271,1271,Wallet,Completed,2017-04-21,TXN-00001271,102.34,2026-08-06 01:41:39.368897
1272,1272,Debit Card,Completed,2017-04-24,TXN-00001272,48.79,2026-08-06 01:41:39.368897
1273,1273,UPI,Completed,2017-04-22,TXN-00001273,44.85,2026-08-06 01:41:39.368897
1274,1274,Credit Card,Completed,2017-05-29,TXN-00001274,10.37,2026-08-06 01:41:39.368897
1275,1275,Net Banking,Completed,2017-05-30,TXN-00001275,388.43,2026-08-06 01:41:39.368897
1276,1276,Cash,Completed,2017-05-30,TXN-00001276,14.35,2026-08-06 01:41:39.368897
1277,1277,UPI,Completed,2017-05-26,TXN-00001277,63.99,2026-08-06 01:41:39.368897
1278,1278,Debit Card,Completed,2017-05-02,TXN-00001278,86.35,2026-08-06 01:41:39.368897
1279,1279,Cash,Completed,2015-09-11,TXN-00001279,32.97,2026-08-06 01:41:39.368897
1280,1280,Debit Card,Completed,2015-09-11,TXN-00001280,83.88,2026-08-06 01:41:39.368897
1281,1281,Cash,Completed,2017-09-05,TXN-00001281,278.4,2026-08-06 01:41:39.368897
1282,1282,Wallet,Completed,2018-04-13,TXN-00001282,15.12,2026-08-06 01:41:39.368897
1283,1283,Debit Card,Completed,2018-04-10,TXN-00001283,17.43,2026-08-06 01:41:39.368897
1284,1284,Cash,Completed,2018-04-11,TXN-00001284,251.64,2026-08-06 01:41:39.368897
1285,1285,Debit Card,Completed,2016-12-06,TXN-00001285,2.77,2026-08-06 01:41:39.368897
1286,1286,Credit Card,Completed,2017-06-29,TXN-00001286,14.9,2026-08-06 01:41:39.368897
1287,1287,UPI,Completed,2016-07-07,TXN-00001287,15.48,2026-08-06 01:41:39.368897
1288,1288,Wallet,Completed,2017-11-23,TXN-00001288,39.88,2026-08-06 01:41:39.368897
1289,1289,Credit Card,Completed,2017-11-26,TXN-00001289,12.19,2026-08-06 01:41:39.368897
1290,1290,UPI,Completed,2017-11-24,TXN-00001290,20.82,2026-08-06 01:41:39.368897
1291,1291,UPI,Completed,2017-11-10,TXN-00001291,13.22,2026-08-06 01:41:39.368897
1292,1292,UPI,Completed,2017-11-12,TXN-00001292,32.4,2026-08-06 01:41:39.368897
1293,1293,Credit Card,Completed,2016-08-29,TXN-00001293,32.94,2026-08-06 01:41:39.368897
1294,1294,Cash,Refunded,2016-08-28,TXN-00001294,114.2,2026-08-06 01:41:39.368897
1295,1295,Wallet,Completed,2016-08-28,TXN-00001295,3.08,2026-08-06 01:41:39.368897
1296,1296,Cash,Completed,2016-05-29,TXN-00001296,845.73,2026-08-06 01:41:39.368897
1297,1297,Cash,Pending,2019-01-03,TXN-00001297,13.9,2026-08-06 01:41:39.368897
1298,1298,UPI,Completed,2018-12-31,TXN-00001298,20.72,2026-08-06 01:41:39.368897
1299,1299,Debit Card,Completed,2017-12-08,TXN-00001299,114.95,2026-08-06 01:41:39.368897
1300,1300,UPI,Completed,2016-10-04,TXN-00001300,26.96,2026-08-06 01:41:39.368897
1301,1301,Debit Card,Completed,2017-12-23,TXN-00001301,572.76,2026-08-06 01:41:39.368897
1302,1302,Wallet,Completed,2017-12-24,TXN-00001302,286.38,2026-08-06 01:41:39.368897
1303,1303,Wallet,Completed,2016-09-20,TXN-00001303,61.96,2026-08-06 01:41:39.368897
1304,1304,Debit Card,Completed,2018-07-04,TXN-00001304,23.99,2026-08-06 01:41:39.368897
1305,1305,Net Banking,Completed,2018-07-04,TXN-00001305,287.97,2026-08-06 01:41:39.368897
1306,1306,Wallet,Completed,2017-07-17,TXN-00001306,419.94,2026-08-06 01:41:39.368897
1307,1307,Wallet,Completed,2017-06-22,TXN-00001307,46.76,2026-08-06 01:41:39.368897
1308,1308,Credit Card,Completed,2017-06-22,TXN-00001308,17.71,2026-08-06 01:41:39.368897
1309,1309,Credit Card,Completed,2017-06-24,TXN-00001309,21.78,2026-08-06 01:41:39.368897
1310,1310,UPI,Pending,2017-06-22,TXN-00001310,161.94,2026-08-06 01:41:39.368897
1311,1311,Credit Card,Completed,2017-06-24,TXN-00001311,161.57,2026-08-06 01:41:39.368897
1312,1312,Debit Card,Completed,2017-12-09,TXN-00001312,3.69,2026-08-06 01:41:39.368897
1313,1313,Debit Card,Completed,2017-12-12,TXN-00001313,122.12,2026-08-06 01:41:39.368897
1314,1314,UPI,Completed,2017-09-26,TXN-00001314,155.37,2026-08-06 01:41:39.368897
1315,1315,Debit Card,Completed,2017-12-19,TXN-00001315,38.88,2026-08-06 01:41:39.368897
1316,1316,Debit Card,Pending,2017-12-18,TXN-00001316,183.84,2026-08-06 01:41:39.368897
1317,1317,Debit Card,Completed,2017-12-21,TXN-00001317,579.3,2026-08-06 01:41:39.368897
1318,1318,Credit Card,Completed,2018-12-14,TXN-00001318,14.2,2026-08-06 01:41:39.368897
1319,1319,Debit Card,Completed,2015-07-05,TXN-00001319,575.92,2026-08-06 01:41:39.368897
1320,1320,Net Banking,Completed,2015-07-04,TXN-00001320,5.18,2026-08-06 01:41:39.368897
1321,1321,Cash,Completed,2018-02-06,TXN-00001321,5.23,2026-08-06 01:41:39.368897
1322,1322,Wallet,Completed,2018-02-06,TXN-00001322,285.55,2026-08-06 01:41:39.368897
1323,1323,Wallet,Completed,2018-03-07,TXN-00001323,72.8,2026-08-06 01:41:39.368897
1324,1324,Debit Card,Completed,2018-10-13,TXN-00001324,10.82,2026-08-06 01:41:39.368897
1325,1325,Net Banking,Completed,2015-10-02,TXN-00001325,46.26,2026-08-06 01:41:39.368897
1326,1326,Credit Card,Completed,2015-05-30,TXN-00001326,17.46,2026-08-06 01:41:39.368897
1327,1327,Debit Card,Completed,2016-06-15,TXN-00001327,51.07,2026-08-06 01:41:39.368897
1328,1328,UPI,Completed,2017-04-01,TXN-00001328,11.34,2026-08-06 01:41:39.368897
1329,1329,UPI,Completed,2018-10-15,TXN-00001329,87.92,2026-08-06 01:41:39.368897
1330,1330,Wallet,Completed,2017-05-23,TXN-00001330,37.05,2026-08-06 01:41:39.368897
1331,1331,Wallet,Completed,2018-06-06,TXN-00001331,2.97,2026-08-06 01:41:39.368897
1332,1332,Cash,Completed,2018-06-02,TXN-00001332,27.44,2026-08-06 01:41:39.368897
1333,1333,Wallet,Completed,2015-02-17,TXN-00001333,1.08,2026-08-06 01:41:39.368897
1334,1334,UPI,Completed,2015-02-19,TXN-00001334,7.96,2026-08-06 01:41:39.368897
1335,1335,UPI,Completed,2015-05-07,TXN-00001335,140.74,2026-08-06 01:41:39.368897
1336,1336,UPI,Completed,2017-05-18,TXN-00001336,552.56,2026-08-06 01:41:39.368897
1337,1337,Credit Card,Completed,2018-04-02,TXN-00001337,25.11,2026-08-06 01:41:39.368897
1338,1338,Cash,Completed,2018-04-02,TXN-00001338,29.78,2026-08-06 01:41:39.368897
1339,1339,Debit Card,Completed,2018-04-04,TXN-00001339,677.58,2026-08-06 01:41:39.368897
1340,1340,Credit Card,Completed,2018-03-31,TXN-00001340,75.04,2026-08-06 01:41:39.368897
1341,1341,UPI,Completed,2018-01-06,TXN-00001341,695.7,2026-08-06 01:41:39.368897
1342,1342,Wallet,Completed,2018-01-03,TXN-00001342,15.66,2026-08-06 01:41:39.368897
1343,1343,Credit Card,Completed,2018-01-06,TXN-00001343,28.85,2026-08-06 01:41:39.368897
1344,1344,UPI,Completed,2016-06-01,TXN-00001344,47.82,2026-08-06 01:41:39.368897
1345,1345,UPI,Completed,2016-05-30,TXN-00001345,13.05,2026-08-06 01:41:39.368897
1346,1346,UPI,Completed,2015-03-17,TXN-00001346,93.78,2026-08-06 01:41:39.368897
1347,1347,Wallet,Completed,2015-03-20,TXN-00001347,47.18,2026-08-06 01:41:39.368897
1348,1348,Wallet,Completed,2015-03-18,TXN-00001348,19.68,2026-08-06 01:41:39.368897
1349,1349,Credit Card,Completed,2015-03-18,TXN-00001349,53.4,2026-08-06 01:41:39.368897
1350,1350,UPI,Pending,2015-03-18,TXN-00001350,35.88,2026-08-06 01:41:39.368897
1351,1351,Wallet,Completed,2015-10-04,TXN-00001351,258.28,2026-08-06 01:41:39.368897
1352,1352,UPI,Completed,2017-03-29,TXN-00001352,31.4,2026-08-06 01:41:39.368897
1353,1353,Credit Card,Completed,2018-05-07,TXN-00001353,183.96,2026-08-06 01:41:39.368897
1354,1354,Wallet,Completed,2018-05-05,TXN-00001354,17.61,2026-08-06 01:41:39.368897
1355,1355,Wallet,Completed,2018-05-04,TXN-00001355,300.9,2026-08-06 01:41:39.368897
1356,1356,Wallet,Completed,2015-07-05,TXN-00001356,220.78,2026-08-06 01:41:39.368897
1357,1357,Debit Card,Completed,2015-07-05,TXN-00001357,281.42,2026-08-06 01:41:39.368897
1358,1358,UPI,Completed,2017-05-09,TXN-00001358,79.14,2026-08-06 01:41:39.368897
1359,1359,UPI,Completed,2018-04-30,TXN-00001359,1.99,2026-08-06 01:41:39.368897
1360,1360,Debit Card,Completed,2015-09-26,TXN-00001360,145.57,2026-08-06 01:41:39.368897
1361,1361,Cash,Completed,2018-10-23,TXN-00001361,123.26,2026-08-06 01:41:39.368897
1362,1362,Credit Card,Completed,2018-10-20,TXN-00001362,23.68,2026-08-06 01:41:39.368897
1363,1363,Net Banking,Completed,2018-10-20,TXN-00001363,309.58,2026-08-06 01:41:39.368897
1364,1364,Cash,Completed,2018-11-13,TXN-00001364,38.39,2026-08-06 01:41:39.368897
1365,1365,Cash,Completed,2018-11-12,TXN-00001365,95.99,2026-08-06 01:41:39.368897
1366,1366,UPI,Completed,2018-11-12,TXN-00001366,239.95,2026-08-06 01:41:39.368897
1367,1367,Credit Card,Pending,2018-11-11,TXN-00001367,201.58,2026-08-06 01:41:39.368897
1368,1368,Credit Card,Completed,2018-11-14,TXN-00001368,899.14,2026-08-06 01:41:39.368897
1369,1369,Cash,Completed,2018-07-11,TXN-00001369,145.9,2026-08-06 01:41:39.368897
1370,1370,Net Banking,Completed,2016-12-28,TXN-00001370,590.06,2026-08-06 01:41:39.368897
1371,1371,Credit Card,Completed,2016-12-27,TXN-00001371,14.04,2026-08-06 01:41:39.368897
1372,1372,Debit Card,Completed,2018-03-08,TXN-00001372,49.08,2026-08-06 01:41:39.368897
1373,1373,Net Banking,Completed,2015-04-04,TXN-00001373,29.6,2026-08-06 01:41:39.368897
1374,1374,Credit Card,Completed,2015-04-01,TXN-00001374,17.09,2026-08-06 01:41:39.368897
1375,1375,Wallet,Completed,2016-09-17,TXN-00001375,912.75,2026-08-06 01:41:39.368897
1376,1376,Cash,Completed,2015-08-08,TXN-00001376,1089.75,2026-08-06 01:41:39.368897
1377,1377,Cash,Completed,2015-08-07,TXN-00001377,447.84,2026-08-06 01:41:39.368897
1378,1378,Net Banking,Completed,2015-08-05,TXN-00001378,16.4,2026-08-06 01:41:39.368897
1379,1379,Wallet,Pending,2015-08-05,TXN-00001379,399.96,2026-08-06 01:41:39.368897
1380,1380,Credit Card,Completed,2015-08-04,TXN-00001380,158.9,2026-08-06 01:41:39.368897
1381,1381,Credit Card,Completed,2015-08-05,TXN-00001381,13.18,2026-08-06 01:41:39.368897
1382,1382,Debit Card,Completed,2017-09-07,TXN-00001382,83.95,2026-08-06 01:41:39.368897
1383,1383,Net Banking,Completed,2017-02-09,TXN-00001383,80.98,2026-08-06 01:41:39.368897
1384,1384,Credit Card,Completed,2017-02-08,TXN-00001384,348.84,2026-08-06 01:41:39.368897
1385,1385,Wallet,Completed,2017-02-08,TXN-00001385,9.45,2026-08-06 01:41:39.368897
1386,1386,Wallet,Completed,2017-02-07,TXN-00001386,18.84,2026-08-06 01:41:39.368897
1387,1387,Cash,Completed,2017-02-06,TXN-00001387,239.98,2026-08-06 01:41:39.368897
1388,1388,UPI,Pending,2017-02-09,TXN-00001388,167.96,2026-08-06 01:41:39.368897
1389,1389,Cash,Completed,2017-02-05,TXN-00001389,104.85,2026-08-06 01:41:39.368897
1390,1390,UPI,Completed,2017-02-09,TXN-00001390,484.83,2026-08-06 01:41:39.368897
1391,1391,Net Banking,Completed,2017-02-09,TXN-00001391,122.97,2026-08-06 01:41:39.368897
1392,1392,Debit Card,Completed,2017-02-06,TXN-00001392,154.44,2026-08-06 01:41:39.368897
1393,1393,Wallet,Completed,2017-02-09,TXN-00001393,342.37,2026-08-06 01:41:39.368897
1394,1394,Debit Card,Completed,2018-07-03,TXN-00001394,9.55,2026-08-06 01:41:39.368897
1395,1395,Cash,Completed,2018-10-09,TXN-00001395,652.45,2026-08-06 01:41:39.368897
1396,1396,Credit Card,Pending,2018-10-10,TXN-00001396,66.65,2026-08-06 01:41:39.368897
1397,1397,UPI,Completed,2017-11-25,TXN-00001397,17.22,2026-08-06 01:41:39.368897
1398,1398,Credit Card,Completed,2017-11-27,TXN-00001398,11.56,2026-08-06 01:41:39.368897
1399,1399,Credit Card,Completed,2017-11-28,TXN-00001399,88.4,2026-08-06 01:41:39.368897
1400,1400,Cash,Completed,2017-11-28,TXN-00001400,6.48,2026-08-06 01:41:39.368897
1401,1401,Credit Card,Completed,2017-11-05,TXN-00001401,21.8,2026-08-06 01:41:39.368897
1402,1402,Wallet,Completed,2017-11-04,TXN-00001402,251.79,2026-08-06 01:41:39.368897
1403,1403,UPI,Completed,2017-04-21,TXN-00001403,205.18,2026-08-06 01:41:39.368897
1404,1404,Net Banking,Completed,2017-04-23,TXN-00001404,419.4,2026-08-06 01:41:39.368897
1405,1405,Debit Card,Completed,2015-04-10,TXN-00001405,10.3,2026-08-06 01:41:39.368897
1406,1406,UPI,Completed,2015-04-10,TXN-00001406,154.76,2026-08-06 01:41:39.368897
1407,1407,Debit Card,Completed,2015-04-07,TXN-00001407,116.78,2026-08-06 01:41:39.368897
1408,1408,UPI,Completed,2017-09-03,TXN-00001408,75.48,2026-08-06 01:41:39.368897
1409,1409,Wallet,Completed,2017-09-02,TXN-00001409,39.98,2026-08-06 01:41:39.368897
1410,1410,Net Banking,Completed,2017-09-25,TXN-00001410,393.17,2026-08-06 01:41:39.368897
1411,1411,Net Banking,Completed,2018-11-06,TXN-00001411,23.68,2026-08-06 01:41:39.368897
1412,1412,Wallet,Completed,2017-07-12,TXN-00001412,408.01,2026-08-06 01:41:39.368897
1413,1413,UPI,Completed,2017-07-13,TXN-00001413,165.28,2026-08-06 01:41:39.368897
1414,1414,UPI,Completed,2015-07-04,TXN-00001414,334.77,2026-08-06 01:41:39.368897
1415,1415,Cash,Completed,2018-01-29,TXN-00001415,239.97,2026-08-06 01:41:39.368897
1416,1416,Credit Card,Completed,2018-01-30,TXN-00001416,37.74,2026-08-06 01:41:39.368897
1417,1417,Debit Card,Completed,2016-09-21,TXN-00001417,946.34,2026-08-06 01:41:39.368897
1418,1418,Wallet,Completed,2016-09-24,TXN-00001418,151.2,2026-08-06 01:41:39.368897
1419,1419,Wallet,Completed,2016-09-21,TXN-00001419,4.93,2026-08-06 01:41:39.368897
1420,1420,Cash,Completed,2016-09-29,TXN-00001420,86.27,2026-08-06 01:41:39.368897
1421,1421,UPI,Completed,2016-09-28,TXN-00001421,72.59,2026-08-06 01:41:39.368897
1422,1422,Cash,Completed,2016-09-29,TXN-00001422,60.67,2026-08-06 01:41:39.368897
1423,1423,Cash,Completed,2016-09-27,TXN-00001423,77.03,2026-08-06 01:41:39.368897
1424,1424,Net Banking,Completed,2016-09-29,TXN-00001424,119.9,2026-08-06 01:41:39.368897
1425,1425,Net Banking,Completed,2016-09-28,TXN-00001425,263.96,2026-08-06 01:41:39.368897
1426,1426,UPI,Completed,2016-09-27,TXN-00001426,363.65,2026-08-06 01:41:39.368897
1427,1427,Debit Card,Completed,2016-10-31,TXN-00001427,9.73,2026-08-06 01:41:39.368897
1428,1428,Debit Card,Completed,2016-11-02,TXN-00001428,14.75,2026-08-06 01:41:39.368897
1429,1429,Net Banking,Completed,2016-10-31,TXN-00001429,29.8,2026-08-06 01:41:39.368897
1430,1430,Net Banking,Completed,2016-11-04,TXN-00001430,427.42,2026-08-06 01:41:39.368897
1431,1431,Cash,Completed,2018-11-27,TXN-00001431,220.75,2026-08-06 01:41:39.368897
1432,1432,Debit Card,Completed,2015-12-22,TXN-00001432,152.76,2026-08-06 01:41:39.368897
1433,1433,UPI,Completed,2015-12-23,TXN-00001433,7.27,2026-08-06 01:41:39.368897
1434,1434,Cash,Completed,2015-12-19,TXN-00001434,1819.86,2026-08-06 01:41:39.368897
1435,1435,Wallet,Completed,2017-12-29,TXN-00001435,33.9,2026-08-06 01:41:39.368897
1436,1436,Wallet,Completed,2018-06-20,TXN-00001436,31.1,2026-08-06 01:41:39.368897
1437,1437,Cash,Completed,2018-06-23,TXN-00001437,5.25,2026-08-06 01:41:39.368897
1438,1438,Net Banking,Completed,2016-10-17,TXN-00001438,263.88,2026-08-06 01:41:39.368897
1439,1439,Cash,Completed,2016-10-15,TXN-00001439,2453.43,2026-08-06 01:41:39.368897
1440,1440,Credit Card,Completed,2018-04-13,TXN-00001440,29.7,2026-08-06 01:41:39.368897
1441,1441,Wallet,Completed,2018-04-16,TXN-00001441,39.96,2026-08-06 01:41:39.368897
1442,1442,Debit Card,Completed,2018-12-19,TXN-00001442,36.67,2026-08-06 01:41:39.368897
1443,1443,Cash,Completed,2018-08-09,TXN-00001443,13.76,2026-08-06 01:41:39.368897
1444,1444,Net Banking,Completed,2016-10-03,TXN-00001444,139.42,2026-08-06 01:41:39.368897
1445,1445,Wallet,Completed,2017-05-26,TXN-00001445,1979.93,2026-08-06 01:41:39.368897
1446,1446,Wallet,Completed,2018-06-17,TXN-00001446,164.74,2026-08-06 01:41:39.368897
1447,1447,Net Banking,Completed,2018-06-17,TXN-00001447,470.3,2026-08-06 01:41:39.368897
1448,1448,Wallet,Completed,2018-06-13,TXN-00001448,47.98,2026-08-06 01:41:39.368897
1449,1449,Debit Card,Completed,2015-04-25,TXN-00001449,2.5,2026-08-06 01:41:39.368897
1450,1450,Credit Card,Completed,2016-05-03,TXN-00001450,88.75,2026-08-06 01:41:39.368897
1451,1451,Wallet,Completed,2016-07-23,TXN-00001451,2.03,2026-08-06 01:41:39.368897
1452,1452,Net Banking,Completed,2017-11-28,TXN-00001452,70.98,2026-08-06 01:41:39.368897
1453,1453,Wallet,Completed,2017-11-30,TXN-00001453,91.68,2026-08-06 01:41:39.368897
1454,1454,Cash,Completed,2017-11-26,TXN-00001454,33.75,2026-08-06 01:41:39.368897
1455,1455,Net Banking,Completed,2017-11-28,TXN-00001455,3040.0,2026-08-06 01:41:39.368897
1456,1456,Credit Card,Completed,2018-06-13,TXN-00001456,91.2,2026-08-06 01:41:39.368897
1457,1457,UPI,Completed,2018-06-14,TXN-00001457,452.94,2026-08-06 01:41:39.368897
1458,1458,Credit Card,Pending,2016-08-21,TXN-00001458,52.2,2026-08-06 01:41:39.368897
1459,1459,Net Banking,Completed,2017-09-26,TXN-00001459,15.94,2026-08-06 01:41:39.368897
1460,1460,Credit Card,Completed,2015-05-04,TXN-00001460,27.46,2026-08-06 01:41:39.368897
1461,1461,Net Banking,Completed,2016-12-03,TXN-00001461,55.42,2026-08-06 01:41:39.368897
1462,1462,Net Banking,Completed,2017-03-11,TXN-00001462,244.01,2026-08-06 01:41:39.368897
1463,1463,Debit Card,Completed,2017-08-26,TXN-00001463,159.98,2026-08-06 01:41:39.368897
1464,1464,Debit Card,Completed,2017-08-26,TXN-00001464,1024.72,2026-08-06 01:41:39.368897
1465,1465,Debit Card,Completed,2017-12-18,TXN-00001465,3.68,2026-08-06 01:41:39.368897
1466,1466,Debit Card,Completed,2015-08-09,TXN-00001466,121.38,2026-08-06 01:41:39.368897
1467,1467,Net Banking,Completed,2015-08-12,TXN-00001467,95.98,2026-08-06 01:41:39.368897
1468,1468,Debit Card,Completed,2016-05-16,TXN-00001468,255.97,2026-08-06 01:41:39.368897
1469,1469,Credit Card,Completed,2018-12-11,TXN-00001469,872.94,2026-08-06 01:41:39.368897
1470,1470,Credit Card,Completed,2018-12-10,TXN-00001470,41.54,2026-08-06 01:41:39.368897
1471,1471,Net Banking,Completed,2018-12-11,TXN-00001471,12.96,2026-08-06 01:41:39.368897
1472,1472,UPI,Completed,2016-09-24,TXN-00001472,6.85,2026-08-06 01:41:39.368897
1473,1473,Net Banking,Completed,2018-07-11,TXN-00001473,8.67,2026-08-06 01:41:39.368897
1474,1474,UPI,Completed,2016-12-03,TXN-00001474,6.69,2026-08-06 01:41:39.368897
1475,1475,Debit Card,Completed,2017-11-23,TXN-00001475,17.28,2026-08-06 01:41:39.368897
1476,1476,Net Banking,Completed,2017-11-21,TXN-00001476,17.71,2026-08-06 01:41:39.368897
1477,1477,UPI,Completed,2018-03-22,TXN-00001477,28.91,2026-08-06 01:41:39.368897
1478,1478,Cash,Completed,2017-11-15,TXN-00001478,52.14,2026-08-06 01:41:39.368897
1479,1479,Net Banking,Completed,2018-11-23,TXN-00001479,31.97,2026-08-06 01:41:39.368897
1480,1480,Cash,Pending,2017-12-05,TXN-00001480,25.92,2026-08-06 01:41:39.368897
1481,1481,Debit Card,Completed,2017-12-06,TXN-00001481,40.46,2026-08-06 01:41:39.368897
1482,1482,UPI,Pending,2017-12-05,TXN-00001482,33.87,2026-08-06 01:41:39.368897
1483,1483,Credit Card,Completed,2018-08-26,TXN-00001483,9.73,2026-08-06 01:41:39.368897
1484,1484,Net Banking,Completed,2018-08-27,TXN-00001484,3.42,2026-08-06 01:41:39.368897
1485,1485,Wallet,Completed,2017-10-16,TXN-00001485,177.0,2026-08-06 01:41:39.368897
1486,1486,Credit Card,Completed,2015-11-29,TXN-00001486,3.76,2026-08-06 01:41:39.368897
1487,1487,Wallet,Completed,2016-11-03,TXN-00001487,1212.85,2026-08-06 01:41:39.368897
1488,1488,UPI,Completed,2016-11-03,TXN-00001488,89.97,2026-08-06 01:41:39.368897
1489,1489,Wallet,Completed,2016-11-05,TXN-00001489,42.6,2026-08-06 01:41:39.368897
1490,1490,Credit Card,Completed,2015-12-03,TXN-00001490,5.04,2026-08-06 01:41:39.368897
1491,1491,UPI,Completed,2018-04-30,TXN-00001491,62.96,2026-08-06 01:41:39.368897
1492,1492,Debit Card,Completed,2018-11-25,TXN-00001492,5.88,2026-08-06 01:41:39.368897
1493,1493,Net Banking,Completed,2018-11-25,TXN-00001493,977.29,2026-08-06 01:41:39.368897
1494,1494,Debit Card,Completed,2018-11-01,TXN-00001494,9.64,2026-08-06 01:41:39.368897
1495,1495,Wallet,Completed,2015-12-21,TXN-00001495,40.05,2026-08-06 01:41:39.368897
1496,1496,Wallet,Completed,2018-09-04,TXN-00001496,10.19,2026-08-06 01:41:39.368897
1497,1497,Credit Card,Completed,2018-09-08,TXN-00001497,16.78,2026-08-06 01:41:39.368897
1498,1498,UPI,Completed,2018-09-06,TXN-00001498,13.12,2026-08-06 01:41:39.368897
1499,1499,UPI,Completed,2017-10-20,TXN-00001499,18.16,2026-08-06 01:41:39.368897
1500,1500,Credit Card,Completed,2018-11-16,TXN-00001500,16.06,2026-08-06 01:41:39.368897
1501,1501,UPI,Completed,2018-11-15,TXN-00001501,223.06,2026-08-06 01:41:39.368897
1502,1502,Credit Card,Completed,2018-11-12,TXN-00001502,540.05,2026-08-06 01:41:39.368897
1503,1503,Net Banking,Completed,2017-11-28,TXN-00001503,33.52,2026-08-06 01:41:39.368897
1504,1504,Wallet,Completed,2017-11-25,TXN-00001504,9.94,2026-08-06 01:41:39.368897
1505,1505,UPI,Completed,2016-08-02,TXN-00001505,6.72,2026-08-06 01:41:39.368897
1506,1506,Debit Card,Completed,2016-08-01,TXN-00001506,1004.98,2026-08-06 01:41:39.368897
1507,1507,Net Banking,Completed,2018-12-25,TXN-00001507,17.88,2026-08-06 01:41:39.368897
1508,1508,Credit Card,Pending,2017-09-20,TXN-00001508,396.0,2026-08-06 01:41:39.368897
1509,1509,Cash,Completed,2018-12-13,TXN-00001509,34.5,2026-08-06 01:41:39.368897
1510,1510,Net Banking,Pending,2018-09-12,TXN-00001510,8.36,2026-08-06 01:41:39.368897
1511,1511,Credit Card,Completed,2018-06-24,TXN-00001511,385.6,2026-08-06 01:41:39.368897
1512,1512,Debit Card,Completed,2018-06-25,TXN-00001512,35.82,2026-08-06 01:41:39.368897
1513,1513,UPI,Completed,2018-08-20,TXN-00001513,200.06,2026-08-06 01:41:39.368897
1514,1514,Credit Card,Completed,2018-08-21,TXN-00001514,21.38,2026-08-06 01:41:39.368897
1515,1515,Cash,Completed,2018-08-19,TXN-00001515,6.74,2026-08-06 01:41:39.368897
1516,1516,Net Banking,Completed,2018-12-13,TXN-00001516,63.69,2026-08-06 01:41:39.368897
1517,1517,Net Banking,Completed,2018-12-12,TXN-00001517,1669.6,2026-08-06 01:41:39.368897
1518,1518,Net Banking,Completed,2015-02-05,TXN-00001518,83.84,2026-08-06 01:41:39.368897
1519,1519,Cash,Completed,2015-02-03,TXN-00001519,13.27,2026-08-06 01:41:39.368897
1520,1520,Net Banking,Completed,2018-02-11,TXN-00001520,21.34,2026-08-06 01:41:39.368897
1521,1521,UPI,Completed,2018-04-19,TXN-00001521,16.52,2026-08-06 01:41:39.368897
1522,1522,Debit Card,Completed,2016-12-10,TXN-00001522,206.11,2026-08-06 01:41:39.368897
1523,1523,Debit Card,Completed,2016-12-10,TXN-00001523,19.92,2026-08-06 01:41:39.368897
1524,1524,UPI,Completed,2016-12-09,TXN-00001524,198.27,2026-08-06 01:41:39.368897
1525,1525,UPI,Completed,2016-12-06,TXN-00001525,247.1,2026-08-06 01:41:39.368897
1526,1526,Cash,Completed,2016-12-09,TXN-00001526,86.3,2026-08-06 01:41:39.368897
1527,1527,Wallet,Completed,2017-07-26,TXN-00001527,4.16,2026-08-06 01:41:39.368897
1528,1528,Wallet,Pending,2017-07-22,TXN-00001528,11.65,2026-08-06 01:41:39.368897
1529,1529,Wallet,Completed,2016-11-11,TXN-00001529,26.18,2026-08-06 01:41:39.368897
1530,1530,Cash,Completed,2016-11-08,TXN-00001530,7.3,2026-08-06 01:41:39.368897
1531,1531,Credit Card,Completed,2016-03-28,TXN-00001531,74.35,2026-08-06 01:41:39.368897
1532,1532,Debit Card,Completed,2018-09-03,TXN-00001532,10.74,2026-08-06 01:41:39.368897
1533,1533,UPI,Completed,2018-09-01,TXN-00001533,8.38,2026-08-06 01:41:39.368897
1534,1534,Cash,Completed,2017-12-08,TXN-00001534,212.88,2026-08-06 01:41:39.368897
1535,1535,UPI,Completed,2018-02-12,TXN-00001535,203.98,2026-08-06 01:41:39.368897
1536,1536,UPI,Completed,2017-10-30,TXN-00001536,40.74,2026-08-06 01:41:39.368897
1537,1537,Net Banking,Completed,2017-10-30,TXN-00001537,11.67,2026-08-06 01:41:39.368897
1538,1538,Wallet,Completed,2018-09-15,TXN-00001538,39.99,2026-08-06 01:41:39.368897
1539,1539,Cash,Completed,2018-09-19,TXN-00001539,16.28,2026-08-06 01:41:39.368897
1540,1540,Wallet,Completed,2018-09-15,TXN-00001540,782.94,2026-08-06 01:41:39.368897
1541,1541,Debit Card,Completed,2018-09-16,TXN-00001541,242.48,2026-08-06 01:41:39.368897
1542,1542,Debit Card,Completed,2015-03-14,TXN-00001542,8.32,2026-08-06 01:41:39.368897
1543,1543,Debit Card,Completed,2015-03-13,TXN-00001543,10.46,2026-08-06 01:41:39.368897
1544,1544,UPI,Completed,2015-02-08,TXN-00001544,82.9,2026-08-06 01:41:39.368897
1545,1545,Wallet,Completed,2015-02-04,TXN-00001545,34.24,2026-08-06 01:41:39.368897
1546,1546,UPI,Completed,2016-01-03,TXN-00001546,1573.49,2026-08-06 01:41:39.368897
1547,1547,Cash,Completed,2016-11-26,TXN-00001547,335.52,2026-08-06 01:41:39.368897
1548,1548,UPI,Completed,2016-11-23,TXN-00001548,23.91,2026-08-06 01:41:39.368897
1549,1549,UPI,Completed,2016-11-25,TXN-00001549,27.06,2026-08-06 01:41:39.368897
1550,1550,Debit Card,Completed,2015-07-06,TXN-00001550,559.99,2026-08-06 01:41:39.368897
1551,1551,Cash,Completed,2018-11-14,TXN-00001551,9.32,2026-08-06 01:41:39.368897
1552,1552,Net Banking,Completed,2017-06-21,TXN-00001552,111.96,2026-08-06 01:41:39.368897
1553,1553,Credit Card,Completed,2015-05-03,TXN-00001553,21.56,2026-08-06 01:41:39.368897
1554,1554,Cash,Completed,2018-10-16,TXN-00001554,124.75,2026-08-06 01:41:39.368897
1555,1555,Credit Card,Completed,2016-02-10,TXN-00001555,5.28,2026-08-06 01:41:39.368897
1556,1556,UPI,Completed,2018-09-08,TXN-00001556,91.96,2026-08-06 01:41:39.368897
1557,1557,Net Banking,Completed,2017-05-12,TXN-00001557,9.34,2026-08-06 01:41:39.368897
1558,1558,Cash,Completed,2017-05-13,TXN-00001558,79.36,2026-08-06 01:41:39.368897
1559,1559,UPI,Completed,2016-03-16,TXN-00001559,171.96,2026-08-06 01:41:39.368897
1560,1560,Net Banking,Completed,2017-04-12,TXN-00001560,35.35,2026-08-06 01:41:39.368897
1561,1561,Credit Card,Completed,2015-04-05,TXN-00001561,18.9,2026-08-06 01:41:39.368897
1562,1562,Wallet,Completed,2018-09-08,TXN-00001562,2.78,2026-08-06 01:41:39.368897
1563,1563,Debit Card,Completed,2018-07-04,TXN-00001563,1044.63,2026-08-06 01:41:39.368897
1564,1564,Credit Card,Completed,2016-11-13,TXN-00001564,11.35,2026-08-06 01:41:39.368897
1565,1565,Credit Card,Completed,2015-03-07,TXN-00001565,354.9,2026-08-06 01:41:39.368897
1566,1566,Debit Card,Completed,2016-03-22,TXN-00001566,453.58,2026-08-06 01:41:39.368897
1567,1567,Debit Card,Completed,2016-11-29,TXN-00001567,21.48,2026-08-06 01:41:39.368897
1568,1568,UPI,Completed,2016-12-01,TXN-00001568,8.78,2026-08-06 01:41:39.368897
1569,1569,Credit Card,Completed,2018-06-15,TXN-00001569,122.97,2026-08-06 01:41:39.368897
1570,1570,Net Banking,Completed,2018-11-30,TXN-00001570,12.84,2026-08-06 01:41:39.368897
1571,1571,Wallet,Completed,2015-11-24,TXN-00001571,603.92,2026-08-06 01:41:39.368897
1572,1572,Cash,Completed,2015-11-25,TXN-00001572,21.84,2026-08-06 01:41:39.368897
1573,1573,Credit Card,Completed,2015-11-26,TXN-00001573,29.99,2026-08-06 01:41:39.368897
1574,1574,UPI,Completed,2015-11-24,TXN-00001574,381.44,2026-08-06 01:41:39.368897
1575,1575,Debit Card,Completed,2015-12-15,TXN-00001575,40.68,2026-08-06 01:41:39.368897
1576,1576,Credit Card,Completed,2015-12-16,TXN-00001576,763.28,2026-08-06 01:41:39.368897
1577,1577,Debit Card,Completed,2017-04-23,TXN-00001577,23.95,2026-08-06 01:41:39.368897
1578,1578,Cash,Completed,2017-05-25,TXN-00001578,4.98,2026-08-06 01:41:39.368897
1579,1579,Cash,Completed,2017-03-03,TXN-00001579,170.88,2026-08-06 01:41:39.368897
1580,1580,UPI,Completed,2016-08-12,TXN-00001580,307.98,2026-08-06 01:41:39.368897
1581,1581,Net Banking,Completed,2016-08-13,TXN-00001581,382.81,2026-08-06 01:41:39.368897
1582,1582,Wallet,Completed,2016-08-09,TXN-00001582,41.96,2026-08-06 01:41:39.368897
1583,1583,Credit Card,Completed,2016-08-10,TXN-00001583,1217.57,2026-08-06 01:41:39.368897
1584,1584,UPI,Pending,2016-08-12,TXN-00001584,47.04,2026-08-06 01:41:39.368897
1585,1585,Wallet,Completed,2016-08-12,TXN-00001585,6.16,2026-08-06 01:41:39.368897
1586,1586,Credit Card,Completed,2016-08-11,TXN-00001586,979.95,2026-08-06 01:41:39.368897
1587,1587,Debit Card,Completed,2016-08-12,TXN-00001587,143.7,2026-08-06 01:41:39.368897
1588,1588,Wallet,Completed,2016-08-09,TXN-00001588,10.65,2026-08-06 01:41:39.368897
1589,1589,UPI,Completed,2016-08-09,TXN-00001589,247.8,2026-08-06 01:41:39.368897
1590,1590,Debit Card,Completed,2017-05-14,TXN-00001590,10.96,2026-08-06 01:41:39.368897
1591,1591,Cash,Completed,2017-04-15,TXN-00001591,33.49,2026-08-06 01:41:39.368897
1592,1592,Net Banking,Completed,2017-04-18,TXN-00001592,8.04,2026-08-06 01:41:39.368897
1593,1593,Debit Card,Completed,2016-06-25,TXN-00001593,201.57,2026-08-06 01:41:39.368897
1594,1594,Cash,Completed,2015-10-20,TXN-00001594,13.44,2026-08-06 01:41:39.368897
1595,1595,Wallet,Completed,2016-03-27,TXN-00001595,359.06,2026-08-06 01:41:39.368897
1596,1596,Debit Card,Completed,2018-05-10,TXN-00001596,47.99,2026-08-06 01:41:39.368897
1597,1597,Wallet,Completed,2018-10-16,TXN-00001597,547.3,2026-08-06 01:41:39.368897
1598,1598,Credit Card,Completed,2018-11-22,TXN-00001598,16.9,2026-08-06 01:41:39.368897
1599,1599,Cash,Completed,2018-11-19,TXN-00001599,6.67,2026-08-06 01:41:39.368897
1600,1600,Wallet,Completed,2018-11-19,TXN-00001600,99.14,2026-08-06 01:41:39.368897
1601,1601,Credit Card,Completed,2018-11-21,TXN-00001601,15.99,2026-08-06 01:41:39.368897
1602,1602,Cash,Completed,2017-05-08,TXN-00001602,211.96,2026-08-06 01:41:39.368897
1603,1603,Cash,Completed,2017-12-14,TXN-00001603,6.67,2026-08-06 01:41:39.368897
1604,1604,Debit Card,Completed,2018-12-04,TXN-00001604,155.94,2026-08-06 01:41:39.368897
1605,1605,Net Banking,Completed,2017-04-22,TXN-00001605,39.96,2026-08-06 01:41:39.368897
1606,1606,Net Banking,Completed,2017-04-19,TXN-00001606,5.46,2026-08-06 01:41:39.368897
1607,1607,Wallet,Completed,2017-04-21,TXN-00001607,73.2,2026-08-06 01:41:39.368897
1608,1608,Wallet,Completed,2017-04-21,TXN-00001608,5.84,2026-08-06 01:41:39.368897
1609,1609,Net Banking,Completed,2017-04-19,TXN-00001609,22.72,2026-08-06 01:41:39.368897
1610,1610,Debit Card,Completed,2017-04-20,TXN-00001610,9.34,2026-08-06 01:41:39.368897
1611,1611,Net Banking,Completed,2015-05-26,TXN-00001611,290.67,2026-08-06 01:41:39.368897
1612,1612,Debit Card,Completed,2015-05-30,TXN-00001612,201.58,2026-08-06 01:41:39.368897
1613,1613,Wallet,Completed,2015-05-30,TXN-00001613,83.98,2026-08-06 01:41:39.368897
1614,1614,Wallet,Completed,2018-12-24,TXN-00001614,1000.02,2026-08-06 01:41:39.368897
1615,1615,Cash,Completed,2017-03-17,TXN-00001615,83.98,2026-08-06 01:41:39.368897
1616,1616,Credit Card,Completed,2016-08-13,TXN-00001616,3.75,2026-08-06 01:41:39.368897
1617,1617,Net Banking,Completed,2016-08-14,TXN-00001617,41.4,2026-08-06 01:41:39.368897
1618,1618,UPI,Completed,2016-08-14,TXN-00001618,29.79,2026-08-06 01:41:39.368897
1619,1619,Cash,Completed,2017-09-10,TXN-00001619,59.48,2026-08-06 01:41:39.368897
1620,1620,Wallet,Completed,2017-09-14,TXN-00001620,6.69,2026-08-06 01:41:39.368897
1621,1621,UPI,Completed,2018-07-12,TXN-00001621,198.46,2026-08-06 01:41:39.368897
1622,1622,Cash,Pending,2018-07-08,TXN-00001622,786.48,2026-08-06 01:41:39.368897
1623,1623,Debit Card,Pending,2018-07-11,TXN-00001623,23.17,2026-08-06 01:41:39.368897
1624,1624,Wallet,Completed,2018-07-11,TXN-00001624,50.0,2026-08-06 01:41:39.368897
1625,1625,Net Banking,Completed,2016-12-23,TXN-00001625,675.96,2026-08-06 01:41:39.368897
1626,1626,Debit Card,Completed,2016-12-19,TXN-00001626,1265.85,2026-08-06 01:41:39.368897
1627,1627,Cash,Completed,2016-11-17,TXN-00001627,523.25,2026-08-06 01:41:39.368897
1628,1628,UPI,Completed,2016-09-28,TXN-00001628,517.5,2026-08-06 01:41:39.368897
1629,1629,Credit Card,Completed,2018-06-23,TXN-00001629,17.92,2026-08-06 01:41:39.368897
1630,1630,Debit Card,Completed,2018-06-23,TXN-00001630,41.26,2026-08-06 01:41:39.368897
1631,1631,Credit Card,Completed,2017-05-10,TXN-00001631,1006.06,2026-08-06 01:41:39.368897
1632,1632,Cash,Completed,2017-05-10,TXN-00001632,10.69,2026-08-06 01:41:39.368897
1633,1633,Cash,Completed,2017-05-10,TXN-00001633,10.37,2026-08-06 01:41:39.368897
1634,1634,Credit Card,Completed,2017-05-10,TXN-00001634,25.12,2026-08-06 01:41:39.368897
1635,1635,Wallet,Completed,2017-05-10,TXN-00001635,58.11,2026-08-06 01:41:39.368897
1636,1636,Cash,Completed,2015-11-28,TXN-00001636,15.55,2026-08-06 01:41:39.368897
1637,1637,Cash,Completed,2015-11-29,TXN-00001637,669.08,2026-08-06 01:41:39.368897
1638,1638,Wallet,Completed,2015-11-30,TXN-00001638,438.34,2026-08-06 01:41:39.368897
1639,1639,Credit Card,Pending,2017-05-30,TXN-00001639,19.44,2026-08-06 01:41:39.368897
1640,1640,Debit Card,Completed,2017-05-28,TXN-00001640,9.64,2026-08-06 01:41:39.368897
1641,1641,UPI,Completed,2017-05-26,TXN-00001641,12.7,2026-08-06 01:41:39.368897
1642,1642,Credit Card,Completed,2017-05-26,TXN-00001642,41.37,2026-08-06 01:41:39.368897
1643,1643,Credit Card,Completed,2015-12-01,TXN-00001643,12.62,2026-08-06 01:41:39.368897
1644,1644,UPI,Completed,2016-03-23,TXN-00001644,1247.64,2026-08-06 01:41:39.368897
1645,1645,UPI,Completed,2016-03-23,TXN-00001645,3149.93,2026-08-06 01:41:39.368897
1646,1646,Debit Card,Completed,2016-03-19,TXN-00001646,209.7,2026-08-06 01:41:39.368897
1647,1647,Cash,Completed,2016-11-02,TXN-00001647,35.36,2026-08-06 01:41:39.368897
1648,1648,Wallet,Completed,2016-11-02,TXN-00001648,3.17,2026-08-06 01:41:39.368897
1649,1649,Net Banking,Completed,2016-09-26,TXN-00001649,121.1,2026-08-06 01:41:39.368897
1650,1650,Wallet,Completed,2016-09-30,TXN-00001650,45.89,2026-08-06 01:41:39.368897
1651,1651,Credit Card,Completed,2015-09-02,TXN-00001651,109.92,2026-08-06 01:41:39.368897
1652,1652,Wallet,Completed,2015-08-31,TXN-00001652,13.36,2026-08-06 01:41:39.368897
1653,1653,UPI,Completed,2018-11-22,TXN-00001653,169.68,2026-08-06 01:41:39.368897
1654,1654,Cash,Completed,2018-11-21,TXN-00001654,132.52,2026-08-06 01:41:39.368897
1655,1655,Net Banking,Completed,2018-11-19,TXN-00001655,2.96,2026-08-06 01:41:39.368897
1656,1656,Cash,Completed,2018-11-19,TXN-00001656,8.45,2026-08-06 01:41:39.368897
1657,1657,Credit Card,Completed,2018-11-19,TXN-00001657,95.94,2026-08-06 01:41:39.368897
1658,1658,Wallet,Completed,2015-05-14,TXN-00001658,34.79,2026-08-06 01:41:39.368897
1659,1659,UPI,Completed,2018-01-21,TXN-00001659,160.78,2026-08-06 01:41:39.368897
1660,1660,Debit Card,Completed,2018-10-30,TXN-00001660,88.75,2026-08-06 01:41:39.368897
1661,1661,Wallet,Completed,2018-10-31,TXN-00001661,13.9,2026-08-06 01:41:39.368897
1662,1662,Cash,Completed,2018-05-01,TXN-00001662,677.58,2026-08-06 01:41:39.368897
1663,1663,Debit Card,Completed,2018-05-01,TXN-00001663,13.9,2026-08-06 01:41:39.368897
1664,1664,Net Banking,Completed,2017-11-26,TXN-00001664,41.92,2026-08-06 01:41:39.368897
1665,1665,Net Banking,Completed,2017-11-28,TXN-00001665,297.58,2026-08-06 01:41:39.368897
1666,1666,Net Banking,Completed,2017-11-28,TXN-00001666,4.34,2026-08-06 01:41:39.368897
1667,1667,Debit Card,Completed,2017-11-27,TXN-00001667,94.99,2026-08-06 01:41:39.368897
1668,1668,UPI,Completed,2017-11-27,TXN-00001668,74.35,2026-08-06 01:41:39.368897
1669,1669,Cash,Completed,2017-11-26,TXN-00001669,14.04,2026-08-06 01:41:39.368897
1670,1670,Debit Card,Completed,2016-01-11,TXN-00001670,1018.1,2026-08-06 01:41:39.368897
1671,1671,Debit Card,Completed,2018-10-22,TXN-00001671,16.68,2026-08-06 01:41:39.368897
1672,1672,Net Banking,Completed,2017-03-24,TXN-00001672,58.58,2026-08-06 01:41:39.368897
1673,1673,Debit Card,Completed,2018-07-06,TXN-00001673,167.97,2026-08-06 01:41:39.368897
1674,1674,UPI,Completed,2016-12-14,TXN-00001674,196.62,2026-08-06 01:41:39.368897
1675,1675,Credit Card,Completed,2016-09-18,TXN-00001675,21.94,2026-08-06 01:41:39.368897
1676,1676,Wallet,Completed,2016-09-18,TXN-00001676,6.59,2026-08-06 01:41:39.368897
1677,1677,Wallet,Completed,2017-05-20,TXN-00001677,104.28,2026-08-06 01:41:39.368897
1678,1678,Credit Card,Completed,2017-05-21,TXN-00001678,17.94,2026-08-06 01:41:39.368897
1679,1679,Cash,Completed,2015-09-11,TXN-00001679,64.78,2026-08-06 01:41:39.368897
1680,1680,Net Banking,Completed,2015-09-10,TXN-00001680,32.38,2026-08-06 01:41:39.368897
1681,1681,Cash,Completed,2015-09-08,TXN-00001681,42.37,2026-08-06 01:41:39.368897
1682,1682,Cash,Completed,2015-09-07,TXN-00001682,399.54,2026-08-06 01:41:39.368897
1683,1683,UPI,Completed,2017-10-01,TXN-00001683,18.97,2026-08-06 01:41:39.368897
1684,1684,Credit Card,Completed,2017-11-10,TXN-00001684,14.82,2026-08-06 01:41:39.368897
1685,1685,Debit Card,Completed,2018-04-24,TXN-00001685,99.28,2026-08-06 01:41:39.368897
1686,1686,Wallet,Completed,2018-04-27,TXN-00001686,1.19,2026-08-06 01:41:39.368897
1687,1687,Net Banking,Completed,2018-04-24,TXN-00001687,7.52,2026-08-06 01:41:39.368897
1688,1688,Wallet,Completed,2018-12-10,TXN-00001688,10.37,2026-08-06 01:41:39.368897
1689,1689,Wallet,Completed,2018-12-10,TXN-00001689,310.88,2026-08-06 01:41:39.368897
1690,1690,Debit Card,Completed,2015-08-16,TXN-00001690,853.09,2026-08-06 01:41:39.368897
1691,1691,Wallet,Completed,2018-12-13,TXN-00001691,33.45,2026-08-06 01:41:39.368897
1692,1692,Credit Card,Completed,2018-12-09,TXN-00001692,10.4,2026-08-06 01:41:39.368897
1693,1693,Wallet,Completed,2017-03-14,TXN-00001693,21.88,2026-08-06 01:41:39.368897
1694,1694,Wallet,Completed,2017-06-27,TXN-00001694,13.62,2026-08-06 01:41:39.368897
1695,1695,Wallet,Completed,2016-09-27,TXN-00001695,63.96,2026-08-06 01:41:39.368897
1696,1696,Debit Card,Completed,2016-09-28,TXN-00001696,14.46,2026-08-06 01:41:39.368897
1697,1697,UPI,Completed,2016-09-27,TXN-00001697,104.98,2026-08-06 01:41:39.368897
1698,1698,Wallet,Completed,2016-12-29,TXN-00001698,106.96,2026-08-06 01:41:39.368897
1699,1699,Cash,Completed,2016-12-31,TXN-00001699,21.56,2026-08-06 01:41:39.368897
1700,1700,Debit Card,Completed,2015-06-06,TXN-00001700,515.88,2026-08-06 01:41:39.368897
1701,1701,Net Banking,Completed,2016-07-14,TXN-00001701,11.81,2026-08-06 01:41:39.368897
1702,1702,Debit Card,Completed,2016-07-15,TXN-00001702,1931.04,2026-08-06 01:41:39.368897
1703,1703,Cash,Completed,2016-07-13,TXN-00001703,9.96,2026-08-06 01:41:39.368897
1704,1704,Cash,Completed,2015-02-03,TXN-00001704,12.35,2026-08-06 01:41:39.368897
1705,1705,Debit Card,Completed,2017-03-10,TXN-00001705,9.7,2026-08-06 01:41:39.368897
1706,1706,Credit Card,Completed,2016-11-25,TXN-00001706,11.61,2026-08-06 01:41:39.368897
1707,1707,Credit Card,Completed,2018-10-30,TXN-00001707,43.86,2026-08-06 01:41:39.368897
1708,1708,Credit Card,Completed,2018-10-31,TXN-00001708,148.48,2026-08-06 01:41:39.368897
1709,1709,Credit Card,Completed,2018-11-02,TXN-00001709,7.42,2026-08-06 01:41:39.368897
1710,1710,Debit Card,Completed,2018-10-30,TXN-00001710,71.99,2026-08-06 01:41:39.368897
1711,1711,Credit Card,Completed,2018-11-01,TXN-00001711,19.9,2026-08-06 01:41:39.368897
1712,1712,Net Banking,Completed,2018-10-30,TXN-00001712,1702.12,2026-08-06 01:41:39.368897
1713,1713,UPI,Completed,2016-01-31,TXN-00001713,14.3,2026-08-06 01:41:39.368897
1714,1714,Debit Card,Completed,2018-09-08,TXN-00001714,765.63,2026-08-06 01:41:39.368897
1715,1715,Cash,Completed,2018-10-11,TXN-00001715,307.67,2026-08-06 01:41:39.368897
1716,1716,Wallet,Completed,2017-05-04,TXN-00001716,7.71,2026-08-06 01:41:39.368897
1717,1717,Debit Card,Completed,2017-05-21,TXN-00001717,242.9,2026-08-06 01:41:39.368897
1718,1718,Wallet,Completed,2017-05-22,TXN-00001718,454.9,2026-08-06 01:41:39.368897
1719,1719,Wallet,Completed,2017-05-20,TXN-00001719,35.92,2026-08-06 01:41:39.368897
1720,1720,Debit Card,Completed,2017-05-21,TXN-00001720,39.76,2026-08-06 01:41:39.368897
1721,1721,Wallet,Completed,2017-05-22,TXN-00001721,47.74,2026-08-06 01:41:39.368897
1722,1722,Debit Card,Completed,2016-12-22,TXN-00001722,159.98,2026-08-06 01:41:39.368897
1723,1723,Debit Card,Completed,2016-12-24,TXN-00001723,255.97,2026-08-06 01:41:39.368897
1724,1724,UPI,Completed,2016-12-20,TXN-00001724,359.06,2026-08-06 01:41:39.368897
1725,1725,Credit Card,Completed,2016-12-20,TXN-00001725,434.35,2026-08-06 01:41:39.368897
1726,1726,Credit Card,Completed,2016-12-22,TXN-00001726,3.55,2026-08-06 01:41:39.368897
1727,1727,Cash,Completed,2016-12-22,TXN-00001727,88.83,2026-08-06 01:41:39.368897
1728,1728,Credit Card,Completed,2018-05-01,TXN-00001728,1048.35,2026-08-06 01:41:39.368897
1729,1729,Net Banking,Completed,2017-02-08,TXN-00001729,100.0,2026-08-06 01:41:39.368897
1730,1730,Credit Card,Completed,2017-02-08,TXN-00001730,7.83,2026-08-06 01:41:39.368897
1731,1731,UPI,Completed,2015-10-01,TXN-00001731,96.26,2026-08-06 01:41:39.368897
1732,1732,Credit Card,Completed,2015-09-30,TXN-00001732,10.69,2026-08-06 01:41:39.368897
1733,1733,Wallet,Completed,2017-07-14,TXN-00001733,338.04,2026-08-06 01:41:39.368897
1734,1734,Wallet,Completed,2017-07-10,TXN-00001734,154.24,2026-08-06 01:41:39.368897
1735,1735,Credit Card,Completed,2018-07-29,TXN-00001735,34.85,2026-08-06 01:41:39.368897
1736,1736,Net Banking,Completed,2018-07-29,TXN-00001736,22.0,2026-08-06 01:41:39.368897
1737,1737,Wallet,Completed,2018-07-29,TXN-00001737,4.37,2026-08-06 01:41:39.368897
1738,1738,Net Banking,Completed,2016-09-07,TXN-00001738,31.44,2026-08-06 01:41:39.368897
1739,1739,Wallet,Completed,2016-09-04,TXN-00001739,17.9,2026-08-06 01:41:39.368897
1740,1740,Credit Card,Completed,2016-09-03,TXN-00001740,129.45,2026-08-06 01:41:39.368897
1741,1741,Credit Card,Completed,2015-08-13,TXN-00001741,20.88,2026-08-06 01:41:39.368897
1742,1742,Credit Card,Completed,2018-10-30,TXN-00001742,20.74,2026-08-06 01:41:39.368897
1743,1743,UPI,Completed,2018-11-02,TXN-00001743,7.17,2026-08-06 01:41:39.368897
1744,1744,Wallet,Pending,2018-10-31,TXN-00001744,11.17,2026-08-06 01:41:39.368897
1745,1745,UPI,Completed,2018-11-02,TXN-00001745,442.4,2026-08-06 01:41:39.368897
1746,1746,UPI,Completed,2015-06-08,TXN-00001746,13.36,2026-08-06 01:41:39.368897
1747,1747,UPI,Completed,2017-08-15,TXN-00001747,11.23,2026-08-06 01:41:39.368897
1748,1748,UPI,Completed,2017-08-17,TXN-00001748,10.27,2026-08-06 01:41:39.368897
1749,1749,Cash,Completed,2015-04-25,TXN-00001749,10.37,2026-08-06 01:41:39.368897
1750,1750,UPI,Completed,2015-04-27,TXN-00001750,6.24,2026-08-06 01:41:39.368897
1751,1751,Credit Card,Completed,2016-11-25,TXN-00001751,206.96,2026-08-06 01:41:39.368897
1752,1752,Debit Card,Completed,2018-10-16,TXN-00001752,9.46,2026-08-06 01:41:39.368897
1753,1753,Credit Card,Completed,2018-12-05,TXN-00001753,559.62,2026-08-06 01:41:39.368897
1754,1754,Debit Card,Completed,2018-12-06,TXN-00001754,109.92,2026-08-06 01:41:39.368897
1755,1755,Wallet,Completed,2018-12-02,TXN-00001755,8.56,2026-08-06 01:41:39.368897
1756,1756,Credit Card,Completed,2016-12-11,TXN-00001756,360.71,2026-08-06 01:41:39.368897
1757,1757,Wallet,Completed,2016-12-10,TXN-00001757,1718.4,2026-08-06 01:41:39.368897
1758,1758,Debit Card,Completed,2016-07-17,TXN-00001758,41.57,2026-08-06 01:41:39.368897
1759,1759,Cash,Completed,2015-05-15,TXN-00001759,46.86,2026-08-06 01:41:39.368897
1760,1760,Net Banking,Completed,2015-01-06,TXN-00001760,19.54,2026-08-06 01:41:39.368897
1761,1761,Wallet,Completed,2016-09-08,TXN-00001761,411.33,2026-08-06 01:41:39.368897
1762,1762,Cash,Completed,2016-09-08,TXN-00001762,28.75,2026-08-06 01:41:39.368897
1763,1763,Wallet,Completed,2016-09-05,TXN-00001763,293.2,2026-08-06 01:41:39.368897
1764,1764,Cash,Completed,2017-08-04,TXN-00001764,35.06,2026-08-06 01:41:39.368897
1765,1765,Credit Card,Completed,2017-08-05,TXN-00001765,4.13,2026-08-06 01:41:39.368897
1766,1766,Credit Card,Completed,2017-08-07,TXN-00001766,109.8,2026-08-06 01:41:39.368897
1767,1767,Credit Card,Completed,2017-08-06,TXN-00001767,9.82,2026-08-06 01:41:39.368897
1768,1768,Cash,Completed,2015-03-22,TXN-00001768,7.64,2026-08-06 01:41:39.368897
1769,1769,Net Banking,Completed,2015-03-25,TXN-00001769,51.47,2026-08-06 01:41:39.368897
1770,1770,Net Banking,Completed,2018-03-04,TXN-00001770,6.98,2026-08-06 01:41:39.368897
1771,1771,Credit Card,Completed,2018-03-03,TXN-00001771,12.22,2026-08-06 01:41:39.368897
1772,1772,UPI,Completed,2017-11-30,TXN-00001772,97.98,2026-08-06 01:41:39.368897
1773,1773,Net Banking,Completed,2017-11-27,TXN-00001773,62.4,2026-08-06 01:41:39.368897
1774,1774,Cash,Completed,2015-04-28,TXN-00001774,20.86,2026-08-06 01:41:39.368897
1775,1775,Net Banking,Completed,2015-04-29,TXN-00001775,497.61,2026-08-06 01:41:39.368897
1776,1776,Credit Card,Completed,2015-05-01,TXN-00001776,5.34,2026-08-06 01:41:39.368897
1777,1777,Wallet,Completed,2015-04-29,TXN-00001777,3.15,2026-08-06 01:41:39.368897
1778,1778,Net Banking,Completed,2016-11-26,TXN-00001778,368.91,2026-08-06 01:41:39.368897
1779,1779,Debit Card,Pending,2016-11-26,TXN-00001779,14.7,2026-08-06 01:41:39.368897
1780,1780,UPI,Completed,2017-11-11,TXN-00001780,59.97,2026-08-06 01:41:39.368897
1781,1781,UPI,Completed,2017-11-11,TXN-00001781,83.36,2026-08-06 01:41:39.368897
1782,1782,Wallet,Pending,2016-07-11,TXN-00001782,6.58,2026-08-06 01:41:39.368897
1783,1783,Net Banking,Completed,2016-07-10,TXN-00001783,122.94,2026-08-06 01:41:39.368897
1784,1784,Net Banking,Pending,2018-09-25,TXN-00001784,219.84,2026-08-06 01:41:39.368897
1785,1785,Cash,Completed,2018-09-22,TXN-00001785,98.16,2026-08-06 01:41:39.368897
1786,1786,Wallet,Completed,2018-09-24,TXN-00001786,33.04,2026-08-06 01:41:39.368897
1787,1787,Cash,Completed,2018-09-23,TXN-00001787,86.97,2026-08-06 01:41:39.368897
1788,1788,Debit Card,Pending,2016-02-17,TXN-00001788,134.97,2026-08-06 01:41:39.368897
1789,1789,Credit Card,Completed,2016-02-15,TXN-00001789,699.98,2026-08-06 01:41:39.368897
1790,1790,Debit Card,Completed,2016-02-15,TXN-00001790,139.95,2026-08-06 01:41:39.368897
1791,1791,Net Banking,Completed,2015-10-04,TXN-00001791,48.94,2026-08-06 01:41:39.368897
1792,1792,Net Banking,Completed,2015-12-05,TXN-00001792,2807.84,2026-08-06 01:41:39.368897
1793,1793,UPI,Completed,2015-12-02,TXN-00001793,46.64,2026-08-06 01:41:39.368897
1794,1794,Cash,Completed,2015-12-09,TXN-00001794,60.42,2026-08-06 01:41:39.368897
1795,1795,Wallet,Completed,2017-09-09,TXN-00001795,107.94,2026-08-06 01:41:39.368897
1796,1796,Debit Card,Pending,2018-08-28,TXN-00001796,63.84,2026-08-06 01:41:39.368897
1797,1797,Net Banking,Completed,2018-08-31,TXN-00001797,347.97,2026-08-06 01:41:39.368897
1798,1798,Credit Card,Completed,2018-08-28,TXN-00001798,37.01,2026-08-06 01:41:39.368897
1799,1799,Debit Card,Completed,2017-07-11,TXN-00001799,215.65,2026-08-06 01:41:39.368897
1800,1800,Debit Card,Completed,2017-08-09,TXN-00001800,11.17,2026-08-06 01:41:39.368897
1801,1801,Cash,Completed,2017-08-09,TXN-00001801,53.95,2026-08-06 01:41:39.368897
1802,1802,Credit Card,Completed,2017-11-15,TXN-00001802,4.18,2026-08-06 01:41:39.368897
1803,1803,Cash,Completed,2018-09-24,TXN-00001803,5.61,2026-08-06 01:41:39.368897
1804,1804,Debit Card,Completed,2018-09-23,TXN-00001804,4663.74,2026-08-06 01:41:39.368897
1805,1805,Debit Card,Completed,2018-09-23,TXN-00001805,79.98,2026-08-06 01:41:39.368897
1806,1806,Wallet,Completed,2017-12-26,TXN-00001806,2575.94,2026-08-06 01:41:39.368897
1807,1807,Cash,Completed,2017-12-25,TXN-00001807,45.36,2026-08-06 01:41:39.368897
1808,1808,Wallet,Completed,2017-12-29,TXN-00001808,254.24,2026-08-06 01:41:39.368897
1809,1809,Wallet,Completed,2017-02-12,TXN-00001809,69.93,2026-08-06 01:41:39.368897
1810,1810,Credit Card,Completed,2017-10-25,TXN-00001810,16.16,2026-08-06 01:41:39.368897
1811,1811,Debit Card,Completed,2017-10-25,TXN-00001811,54.82,2026-08-06 01:41:39.368897
1812,1812,Wallet,Completed,2015-06-13,TXN-00001812,1441.3,2026-08-06 01:41:39.368897
1813,1813,UPI,Pending,2018-11-23,TXN-00001813,77.6,2026-08-06 01:41:39.368897
1814,1814,Credit Card,Completed,2018-11-24,TXN-00001814,4.66,2026-08-06 01:41:39.368897
1815,1815,UPI,Completed,2016-09-14,TXN-00001815,170.14,2026-08-06 01:41:39.368897
1816,1816,Wallet,Completed,2016-06-04,TXN-00001816,7.38,2026-08-06 01:41:39.368897
1817,1817,Cash,Completed,2016-06-07,TXN-00001817,9.26,2026-08-06 01:41:39.368897
1818,1818,Wallet,Completed,2016-12-17,TXN-00001818,9.96,2026-08-06 01:41:39.368897
1819,1819,Credit Card,Completed,2015-05-26,TXN-00001819,75.6,2026-08-06 01:41:39.368897
1820,1820,Net Banking,Completed,2015-05-28,TXN-00001820,29.32,2026-08-06 01:41:39.368897
1821,1821,Credit Card,Completed,2017-02-17,TXN-00001821,92.06,2026-08-06 01:41:39.368897
1822,1822,Cash,Pending,2017-02-16,TXN-00001822,6.98,2026-08-06 01:41:39.368897
1823,1823,Debit Card,Completed,2017-02-17,TXN-00001823,62.96,2026-08-06 01:41:39.368897
1824,1824,Cash,Completed,2017-02-17,TXN-00001824,5.18,2026-08-06 01:41:39.368897
1825,1825,Net Banking,Completed,2017-12-23,TXN-00001825,31.32,2026-08-06 01:41:39.368897
1826,1826,Debit Card,Completed,2017-12-24,TXN-00001826,11.84,2026-08-06 01:41:39.368897
1827,1827,Debit Card,Completed,2017-12-25,TXN-00001827,22.78,2026-08-06 01:41:39.368897
1828,1828,Cash,Completed,2017-02-12,TXN-00001828,1127.98,2026-08-06 01:41:39.368897
1829,1829,Debit Card,Completed,2016-07-15,TXN-00001829,38.88,2026-08-06 01:41:39.368897
1830,1830,Cash,Completed,2015-05-21,TXN-00001830,779.8,2026-08-06 01:41:39.368897
1831,1831,Credit Card,Completed,2018-10-22,TXN-00001831,1439.92,2026-08-06 01:41:39.368897
1832,1832,UPI,Completed,2018-10-25,TXN-00001832,262.11,2026-08-06 01:41:39.368897
1833,1833,UPI,Completed,2016-11-05,TXN-00001833,207.0,2026-08-06 01:41:39.368897
1834,1834,Cash,Completed,2018-08-05,TXN-00001834,1439.98,2026-08-06 01:41:39.368897
1835,1835,Debit Card,Completed,2018-08-02,TXN-00001835,36.29,2026-08-06 01:41:39.368897
1836,1836,Cash,Completed,2015-06-21,TXN-00001836,21.4,2026-08-06 01:41:39.368897
1837,1837,Debit Card,Completed,2018-02-19,TXN-00001837,1245.86,2026-08-06 01:41:39.368897
1838,1838,Wallet,Completed,2015-08-02,TXN-00001838,17.54,2026-08-06 01:41:39.368897
1839,1839,Credit Card,Completed,2015-08-04,TXN-00001839,44.13,2026-08-06 01:41:39.368897
1840,1840,Credit Card,Completed,2015-08-03,TXN-00001840,62.92,2026-08-06 01:41:39.368897
1841,1841,Wallet,Completed,2015-08-02,TXN-00001841,78.3,2026-08-06 01:41:39.368897
1842,1842,Debit Card,Completed,2017-07-20,TXN-00001842,140.81,2026-08-06 01:41:39.368897
1843,1843,Credit Card,Completed,2016-02-13,TXN-00001843,40.1,2026-08-06 01:41:39.368897
1844,1844,UPI,Completed,2016-02-11,TXN-00001844,40.78,2026-08-06 01:41:39.368897
1845,1845,Wallet,Completed,2018-07-30,TXN-00001845,90.57,2026-08-06 01:41:39.368897
1846,1846,Credit Card,Completed,2018-01-15,TXN-00001846,40.08,2026-08-06 01:41:39.368897
1847,1847,Net Banking,Completed,2018-01-12,TXN-00001847,37.68,2026-08-06 01:41:39.368897
1848,1848,UPI,Completed,2018-09-10,TXN-00001848,362.35,2026-08-06 01:41:39.368897
1849,1849,Credit Card,Completed,2018-09-13,TXN-00001849,7.18,2026-08-06 01:41:39.368897
1850,1850,UPI,Completed,2016-07-21,TXN-00001850,34.76,2026-08-06 01:41:39.368897
1851,1851,UPI,Completed,2016-07-24,TXN-00001851,831.2,2026-08-06 01:41:39.368897
1852,1852,Debit Card,Completed,2016-07-23,TXN-00001852,26.4,2026-08-06 01:41:39.368897
1853,1853,Cash,Completed,2016-07-24,TXN-00001853,106.75,2026-08-06 01:41:39.368897
1854,1854,Credit Card,Completed,2016-07-24,TXN-00001854,97.82,2026-08-06 01:41:39.368897
1855,1855,Cash,Completed,2016-07-22,TXN-00001855,141.4,2026-08-06 01:41:39.368897
1856,1856,UPI,Completed,2015-06-16,TXN-00001856,14.52,2026-08-06 01:41:39.368897
1857,1857,Cash,Completed,2018-05-15,TXN-00001857,127.92,2026-08-06 01:41:39.368897
1858,1858,Net Banking,Completed,2018-05-15,TXN-00001858,34.24,2026-08-06 01:41:39.368897
1859,1859,Net Banking,Completed,2016-09-04,TXN-00001859,137.62,2026-08-06 01:41:39.368897
1860,1860,Net Banking,Completed,2016-09-06,TXN-00001860,100.49,2026-08-06 01:41:39.368897
1861,1861,Net Banking,Completed,2018-03-28,TXN-00001861,257.57,2026-08-06 01:41:39.368897
1862,1862,Credit Card,Completed,2018-03-29,TXN-00001862,119.96,2026-08-06 01:41:39.368897
1863,1863,Debit Card,Completed,2015-11-14,TXN-00001863,49.63,2026-08-06 01:41:39.368897
1864,1864,Wallet,Completed,2017-10-15,TXN-00001864,727.45,2026-08-06 01:41:39.368897
1865,1865,Cash,Completed,2017-10-13,TXN-00001865,24.96,2026-08-06 01:41:39.368897
1866,1866,Wallet,Pending,2018-11-16,TXN-00001866,370.78,2026-08-06 01:41:39.368897
1867,1867,Wallet,Completed,2018-04-15,TXN-00001867,196.45,2026-08-06 01:41:39.368897
1868,1868,Cash,Completed,2016-06-26,TXN-00001868,31.1,2026-08-06 01:41:39.368897
1869,1869,Wallet,Completed,2016-06-25,TXN-00001869,78.26,2026-08-06 01:41:39.368897
1870,1870,Net Banking,Completed,2017-08-29,TXN-00001870,6.48,2026-08-06 01:41:39.368897
1871,1871,Debit Card,Completed,2015-07-21,TXN-00001871,99.2,2026-08-06 01:41:39.368897
1872,1872,Net Banking,Completed,2015-07-21,TXN-00001872,801.57,2026-08-06 01:41:39.368897
1873,1873,UPI,Completed,2015-07-24,TXN-00001873,272.85,2026-08-06 01:41:39.368897
1874,1874,Wallet,Completed,2018-11-23,TXN-00001874,70.98,2026-08-06 01:41:39.368897
1875,1875,Credit Card,Completed,2015-06-05,TXN-00001875,16.22,2026-08-06 01:41:39.368897
1876,1876,Wallet,Completed,2017-03-13,TXN-00001876,176.78,2026-08-06 01:41:39.368897
1877,1877,UPI,Completed,2018-03-26,TXN-00001877,470.38,2026-08-06 01:41:39.368897
1878,1878,Credit Card,Completed,2018-12-31,TXN-00001878,393.57,2026-08-06 01:41:39.368897
1879,1879,Cash,Completed,2018-12-29,TXN-00001879,302.38,2026-08-06 01:41:39.368897
1880,1880,Debit Card,Completed,2018-03-31,TXN-00001880,68.74,2026-08-06 01:41:39.368897
1881,1881,Credit Card,Completed,2016-03-08,TXN-00001881,29.34,2026-08-06 01:41:39.368897
1882,1882,Wallet,Completed,2016-03-08,TXN-00001882,383.61,2026-08-06 01:41:39.368897
1883,1883,Wallet,Completed,2016-03-08,TXN-00001883,563.4,2026-08-06 01:41:39.368897
1884,1884,Cash,Completed,2017-11-16,TXN-00001884,217.06,2026-08-06 01:41:39.368897
1885,1885,Wallet,Completed,2018-01-23,TXN-00001885,6.0,2026-08-06 01:41:39.368897
1886,1886,Debit Card,Completed,2017-04-24,TXN-00001886,31.56,2026-08-06 01:41:39.368897
1887,1887,Net Banking,Completed,2015-05-16,TXN-00001887,7.1,2026-08-06 01:41:39.368897
1888,1888,Cash,Completed,2015-05-17,TXN-00001888,398.35,2026-08-06 01:41:39.368897
1889,1889,Net Banking,Completed,2015-10-22,TXN-00001889,121.79,2026-08-06 01:41:39.368897
1890,1890,UPI,Completed,2015-10-23,TXN-00001890,409.59,2026-08-06 01:41:39.368897
1891,1891,Cash,Completed,2015-03-14,TXN-00001891,10.56,2026-08-06 01:41:39.368897
1892,1892,Credit Card,Completed,2015-03-15,TXN-00001892,3.38,2026-08-06 01:41:39.368897
1893,1893,Cash,Completed,2018-12-24,TXN-00001893,7.82,2026-08-06 01:41:39.368897
1894,1894,Wallet,Completed,2017-11-28,TXN-00001894,24.78,2026-08-06 01:41:39.368897
1895,1895,Debit Card,Completed,2018-12-05,TXN-00001895,34.65,2026-08-06 01:41:39.368897
1896,1896,Credit Card,Completed,2016-12-31,TXN-00001896,487.98,2026-08-06 01:41:39.368897
1897,1897,UPI,Completed,2018-10-06,TXN-00001897,1793.98,2026-08-06 01:41:39.368897
1898,1898,UPI,Completed,2015-08-30,TXN-00001898,29.81,2026-08-06 01:41:39.368897
1899,1899,Credit Card,Completed,2015-09-02,TXN-00001899,505.18,2026-08-06 01:41:39.368897
1900,1900,Debit Card,Completed,2015-09-01,TXN-00001900,174.06,2026-08-06 01:41:39.368897
1901,1901,Credit Card,Completed,2017-06-30,TXN-00001901,191.88,2026-08-06 01:41:39.368897
1902,1902,Wallet,Pending,2017-08-24,TXN-00001902,14.78,2026-08-06 01:41:39.368897
1903,1903,Cash,Completed,2018-10-25,TXN-00001903,5.18,2026-08-06 01:41:39.368897
1904,1904,Debit Card,Completed,2018-10-23,TXN-00001904,478.48,2026-08-06 01:41:39.368897
1905,1905,Credit Card,Completed,2018-10-25,TXN-00001905,28.4,2026-08-06 01:41:39.368897
1906,1906,Wallet,Completed,2018-10-22,TXN-00001906,909.12,2026-08-06 01:41:39.368897
1907,1907,Credit Card,Completed,2017-05-18,TXN-00001907,2.95,2026-08-06 01:41:39.368897
1908,1908,Credit Card,Completed,2017-05-20,TXN-00001908,27.02,2026-08-06 01:41:39.368897
1909,1909,Credit Card,Completed,2016-02-06,TXN-00001909,136.92,2026-08-06 01:41:39.368897
1910,1910,Cash,Completed,2018-12-19,TXN-00001910,18.96,2026-08-06 01:41:39.368897
1911,1911,Debit Card,Completed,2017-11-15,TXN-00001911,99.39,2026-08-06 01:41:39.368897
1912,1912,Cash,Completed,2018-07-07,TXN-00001912,273.9,2026-08-06 01:41:39.368897
1913,1913,Cash,Completed,2018-07-05,TXN-00001913,597.13,2026-08-06 01:41:39.368897
1914,1914,UPI,Completed,2015-01-18,TXN-00001914,149.95,2026-08-06 01:41:39.368897
1915,1915,Debit Card,Completed,2018-05-04,TXN-00001915,4.61,2026-08-06 01:41:39.368897
1916,1916,Credit Card,Completed,2018-05-02,TXN-00001916,15.53,2026-08-06 01:41:39.368897
1917,1917,UPI,Completed,2018-05-02,TXN-00001917,11.95,2026-08-06 01:41:39.368897
1918,1918,Net Banking,Completed,2016-11-11,TXN-00001918,11.65,2026-08-06 01:41:39.368897
1919,1919,Credit Card,Completed,2016-11-01,TXN-00001919,299.9,2026-08-06 01:41:39.368897
1920,1920,Wallet,Completed,2018-08-21,TXN-00001920,895.92,2026-08-06 01:41:39.368897
1921,1921,Wallet,Completed,2018-08-21,TXN-00001921,462.56,2026-08-06 01:41:39.368897
1922,1922,Wallet,Pending,2016-10-03,TXN-00001922,15.01,2026-08-06 01:41:39.368897
1923,1923,Debit Card,Completed,2017-07-09,TXN-00001923,863.64,2026-08-06 01:41:39.368897
1924,1924,UPI,Completed,2017-07-11,TXN-00001924,47.62,2026-08-06 01:41:39.368897
1925,1925,Cash,Completed,2018-12-09,TXN-00001925,92.94,2026-08-06 01:41:39.368897
1926,1926,Cash,Pending,2018-03-11,TXN-00001926,199.98,2026-08-06 01:41:39.368897
1927,1927,Debit Card,Completed,2017-06-10,TXN-00001927,177.48,2026-08-06 01:41:39.368897
1928,1928,Credit Card,Completed,2018-11-30,TXN-00001928,88.77,2026-08-06 01:41:39.368897
1929,1929,Debit Card,Completed,2018-03-16,TXN-00001929,6.48,2026-08-06 01:41:39.368897
1930,1930,Credit Card,Completed,2018-03-16,TXN-00001930,46.51,2026-08-06 01:41:39.368897
1931,1931,Net Banking,Completed,2018-03-16,TXN-00001931,659.98,2026-08-06 01:41:39.368897
1932,1932,Wallet,Completed,2017-11-29,TXN-00001932,271.99,2026-08-06 01:41:39.368897
1933,1933,Debit Card,Completed,2018-08-06,TXN-00001933,145.74,2026-08-06 01:41:39.368897
1934,1934,Wallet,Completed,2018-08-06,TXN-00001934,15.4,2026-08-06 01:41:39.368897
1935,1935,Debit Card,Completed,2018-11-27,TXN-00001935,244.55,2026-08-06 01:41:39.368897
1936,1936,Wallet,Completed,2018-11-27,TXN-00001936,166.16,2026-08-06 01:41:39.368897
1937,1937,UPI,Completed,2016-05-29,TXN-00001937,14.73,2026-08-06 01:41:39.368897
1938,1938,Net Banking,Completed,2017-07-10,TXN-00001938,19.97,2026-08-06 01:41:39.368897
1939,1939,Cash,Completed,2017-07-12,TXN-00001939,33.49,2026-08-06 01:41:39.368897
1940,1940,Credit Card,Completed,2017-07-08,TXN-00001940,8.74,2026-08-06 01:41:39.368897
1941,1941,Net Banking,Pending,2017-07-10,TXN-00001941,662.88,2026-08-06 01:41:39.368897
1942,1942,Wallet,Completed,2018-08-29,TXN-00001942,47.36,2026-08-06 01:41:39.368897
1943,1943,Cash,Completed,2018-08-31,TXN-00001943,27.44,2026-08-06 01:41:39.368897
1944,1944,Net Banking,Completed,2018-09-02,TXN-00001944,3.24,2026-08-06 01:41:39.368897
1945,1945,Cash,Completed,2017-06-22,TXN-00001945,95.97,2026-08-06 01:41:39.368897
1946,1946,Cash,Completed,2017-06-20,TXN-00001946,10.37,2026-08-06 01:41:39.368897
1947,1947,UPI,Completed,2018-09-06,TXN-00001947,23.1,2026-08-06 01:41:39.368897
1948,1948,Wallet,Pending,2018-09-06,TXN-00001948,11.54,2026-08-06 01:41:39.368897
1949,1949,UPI,Completed,2018-09-06,TXN-00001949,254.53,2026-08-06 01:41:39.368897
1950,1950,Debit Card,Completed,2018-09-04,TXN-00001950,12.98,2026-08-06 01:41:39.368897
1951,1951,Cash,Completed,2018-09-04,TXN-00001951,26.43,2026-08-06 01:41:39.368897
1952,1952,Cash,Completed,2018-09-04,TXN-00001952,197.97,2026-08-06 01:41:39.368897
1953,1953,UPI,Completed,2018-09-06,TXN-00001953,18.9,2026-08-06 01:41:39.368897
1954,1954,Wallet,Completed,2018-09-06,TXN-00001954,1282.41,2026-08-06 01:41:39.368897
1955,1955,UPI,Completed,2018-09-02,TXN-00001955,4.92,2026-08-06 01:41:39.368897
1956,1956,Cash,Completed,2018-09-05,TXN-00001956,238.0,2026-08-06 01:41:39.368897
1957,1957,Net Banking,Completed,2018-09-06,TXN-00001957,167.97,2026-08-06 01:41:39.368897
1958,1958,Credit Card,Completed,2018-09-06,TXN-00001958,17.12,2026-08-06 01:41:39.368897
1959,1959,Debit Card,Completed,2018-09-10,TXN-00001959,16.2,2026-08-06 01:41:39.368897
1960,1960,Net Banking,Completed,2018-09-10,TXN-00001960,33.99,2026-08-06 01:41:39.368897
1961,1961,Wallet,Completed,2018-09-12,TXN-00001961,296.85,2026-08-06 01:41:39.368897
1962,1962,Debit Card,Completed,2018-09-10,TXN-00001962,112.8,2026-08-06 01:41:39.368897
1963,1963,Wallet,Completed,2018-09-12,TXN-00001963,13.71,2026-08-06 01:41:39.368897
1964,1964,Debit Card,Completed,2018-09-11,TXN-00001964,24.9,2026-08-06 01:41:39.368897
1965,1965,Credit Card,Completed,2018-09-14,TXN-00001965,286.29,2026-08-06 01:41:39.368897
1966,1966,Cash,Completed,2018-09-10,TXN-00001966,24.18,2026-08-06 01:41:39.368897
1967,1967,UPI,Completed,2018-12-22,TXN-00001967,281.97,2026-08-06 01:41:39.368897
1968,1968,UPI,Completed,2018-12-22,TXN-00001968,69.5,2026-08-06 01:41:39.368897
1969,1969,UPI,Completed,2018-12-24,TXN-00001969,166.44,2026-08-06 01:41:39.368897
1970,1970,Net Banking,Completed,2018-09-24,TXN-00001970,291.96,2026-08-06 01:41:39.368897
1971,1971,Wallet,Pending,2018-05-06,TXN-00001971,6.41,2026-08-06 01:41:39.368897
1972,1972,Credit Card,Completed,2018-05-10,TXN-00001972,408.74,2026-08-06 01:41:39.368897
1973,1973,Cash,Completed,2015-12-18,TXN-00001973,5.1,2026-08-06 01:41:39.368897
1974,1974,UPI,Completed,2015-12-15,TXN-00001974,2.9,2026-08-06 01:41:39.368897
1975,1975,Credit Card,Completed,2015-12-17,TXN-00001975,35.02,2026-08-06 01:41:39.368897
1976,1976,Credit Card,Completed,2015-10-19,TXN-00001976,275.97,2026-08-06 01:41:39.368897
1977,1977,Cash,Completed,2015-10-22,TXN-00001977,1394.95,2026-08-06 01:41:39.368897
1978,1978,UPI,Completed,2015-10-21,TXN-00001978,545.88,2026-08-06 01:41:39.368897
1979,1979,Wallet,Completed,2016-05-08,TXN-00001979,5.25,2026-08-06 01:41:39.368897
1980,1980,Debit Card,Completed,2017-04-18,TXN-00001980,933.54,2026-08-06 01:41:39.368897
1981,1981,Net Banking,Completed,2017-04-17,TXN-00001981,42.98,2026-08-06 01:41:39.368897
1982,1982,Debit Card,Completed,2016-12-18,TXN-00001982,3.76,2026-08-06 01:41:39.368897
1983,1983,Wallet,Completed,2015-12-06,TXN-00001983,479.96,2026-08-06 01:41:39.368897
1984,1984,Cash,Completed,2015-11-29,TXN-00001984,320.88,2026-08-06 01:41:39.368897
1985,1985,Net Banking,Completed,2015-11-27,TXN-00001985,23.88,2026-08-06 01:41:39.368897
1986,1986,Net Banking,Completed,2015-11-28,TXN-00001986,26.76,2026-08-06 01:41:39.368897
1987,1987,Cash,Completed,2017-07-27,TXN-00001987,1439.98,2026-08-06 01:41:39.368897
1988,1988,Credit Card,Completed,2016-11-10,TXN-00001988,17.22,2026-08-06 01:41:39.368897
1989,1989,Credit Card,Completed,2016-11-11,TXN-00001989,1024.38,2026-08-06 01:41:39.368897
1990,1990,Wallet,Completed,2016-11-12,TXN-00001990,26.22,2026-08-06 01:41:39.368897
1991,1991,Credit Card,Completed,2016-11-10,TXN-00001991,17.34,2026-08-06 01:41:39.368897
1992,1992,Wallet,Completed,2018-02-27,TXN-00001992,4.96,2026-08-06 01:41:39.368897
1993,1993,UPI,Completed,2018-06-26,TXN-00001993,71.04,2026-08-06 01:41:39.368897
1994,1994,UPI,Completed,2018-06-29,TXN-00001994,5.34,2026-08-06 01:41:39.368897
1995,1995,Wallet,Completed,2018-06-25,TXN-00001995,11.3,2026-08-06 01:41:39.368897
1996,1996,Credit Card,Completed,2018-12-04,TXN-00001996,294.62,2026-08-06 01:41:39.368897
1997,1997,Debit Card,Completed,2018-12-03,TXN-00001997,8.75,2026-08-06 01:41:39.368897
1998,1998,Debit Card,Completed,2015-02-07,TXN-00001998,15.0,2026-08-06 01:41:39.368897
1999,1999,Cash,Completed,2015-02-08,TXN-00001999,161.61,2026-08-06 01:41:39.368897
2000,2000,Credit Card,Completed,2015-02-08,TXN-00002000,144.95,2026-08-06 01:41:39.368897
2001,2001,Cash,Completed,2018-04-12,TXN-00002001,199.95,2026-08-06 01:41:39.368897
2002,2002,Credit Card,Completed,2018-04-12,TXN-00002002,41.86,2026-08-06 01:41:39.368897
2003,2003,Cash,Completed,2018-12-26,TXN-00002003,95.94,2026-08-06 01:41:39.368897
2004,2004,Credit Card,Completed,2018-12-27,TXN-00002004,304.45,2026-08-06 01:41:39.368897
2005,2005,Wallet,Completed,2018-04-15,TXN-00002005,11.36,2026-08-06 01:41:39.368897
2006,2006,Net Banking,Completed,2016-01-04,TXN-00002006,29.68,2026-08-06 01:41:39.368897
2007,2007,Net Banking,Completed,2015-12-31,TXN-00002007,47.53,2026-08-06 01:41:39.368897
2008,2008,Wallet,Completed,2018-08-07,TXN-00002008,183.37,2026-08-06 01:41:39.368897
2009,2009,Credit Card,Pending,2015-11-18,TXN-00002009,4.22,2026-08-06 01:41:39.368897
2010,2010,Cash,Completed,2015-11-17,TXN-00002010,333.06,2026-08-06 01:41:39.368897
2011,2011,UPI,Pending,2015-11-16,TXN-00002011,24.9,2026-08-06 01:41:39.368897
2012,2012,Debit Card,Completed,2016-12-13,TXN-00002012,159.98,2026-08-06 01:41:39.368897
2013,2013,Cash,Completed,2016-12-12,TXN-00002013,46.34,2026-08-06 01:41:39.368897
2014,2014,Net Banking,Completed,2017-09-19,TXN-00002014,350.98,2026-08-06 01:41:39.368897
2015,2015,Wallet,Completed,2017-09-21,TXN-00002015,13.08,2026-08-06 01:41:39.368897
2016,2016,Cash,Completed,2017-09-20,TXN-00002016,900.08,2026-08-06 01:41:39.368897
2017,2017,UPI,Completed,2016-03-20,TXN-00002017,17.57,2026-08-06 01:41:39.368897
2018,2018,Debit Card,Completed,2016-03-21,TXN-00002018,14.62,2026-08-06 01:41:39.368897
2019,2019,Cash,Pending,2016-03-21,TXN-00002019,33.36,2026-08-06 01:41:39.368897
2020,2020,Cash,Completed,2016-03-22,TXN-00002020,40.14,2026-08-06 01:41:39.368897
2021,2021,Wallet,Completed,2017-09-23,TXN-00002021,1606.23,2026-08-06 01:41:39.368897
2022,2022,Wallet,Completed,2017-09-19,TXN-00002022,17.04,2026-08-06 01:41:39.368897
2023,2023,Wallet,Completed,2017-09-22,TXN-00002023,49.53,2026-08-06 01:41:39.368897
2024,2024,Credit Card,Completed,2017-09-21,TXN-00002024,872.32,2026-08-06 01:41:39.368897
2025,2025,Credit Card,Completed,2018-08-21,TXN-00002025,239.12,2026-08-06 01:41:39.368897
2026,2026,Credit Card,Completed,2016-03-16,TXN-00002026,141.96,2026-08-06 01:41:39.368897
2027,2027,UPI,Completed,2017-09-12,TXN-00002027,33.02,2026-08-06 01:41:39.368897
2028,2028,Cash,Completed,2017-09-12,TXN-00002028,67.14,2026-08-06 01:41:39.368897
2029,2029,Wallet,Completed,2016-11-29,TXN-00002029,14.73,2026-08-06 01:41:39.368897
2030,2030,Debit Card,Completed,2016-11-29,TXN-00002030,104.9,2026-08-06 01:41:39.368897
2031,2031,Net Banking,Completed,2016-11-26,TXN-00002031,61.04,2026-08-06 01:41:39.368897
2032,2032,Debit Card,Completed,2016-11-28,TXN-00002032,10.95,2026-08-06 01:41:39.368897
2033,2033,Credit Card,Completed,2017-12-11,TXN-00002033,9.39,2026-08-06 01:41:39.368897
2034,2034,Net Banking,Completed,2017-12-13,TXN-00002034,9.33,2026-08-06 01:41:39.368897
2035,2035,Credit Card,Completed,2018-09-28,TXN-00002035,8.26,2026-08-06 01:41:39.368897
2036,2036,Credit Card,Completed,2018-09-29,TXN-00002036,269.97,2026-08-06 01:41:39.368897
2037,2037,Debit Card,Completed,2016-01-23,TXN-00002037,29.04,2026-08-06 01:41:39.368897
2038,2038,Net Banking,Completed,2016-01-25,TXN-00002038,14.62,2026-08-06 01:41:39.368897
2039,2039,UPI,Completed,2016-06-22,TXN-00002039,11.95,2026-08-06 01:41:39.368897
2040,2040,Net Banking,Completed,2016-06-18,TXN-00002040,4.54,2026-08-06 01:41:39.368897
2041,2041,UPI,Completed,2016-06-19,TXN-00002041,9.16,2026-08-06 01:41:39.368897
2042,2042,Credit Card,Completed,2016-06-19,TXN-00002042,75.36,2026-08-06 01:41:39.368897
2043,2043,Cash,Completed,2016-10-04,TXN-00002043,57.5,2026-08-06 01:41:39.368897
2044,2044,Net Banking,Completed,2018-11-21,TXN-00002044,38.86,2026-08-06 01:41:39.368897
2045,2045,Wallet,Completed,2015-08-20,TXN-00002045,15.55,2026-08-06 01:41:39.368897
2046,2046,Debit Card,Completed,2017-07-20,TXN-00002046,162.64,2026-08-06 01:41:39.368897
2047,2047,UPI,Completed,2017-07-17,TXN-00002047,597.0,2026-08-06 01:41:39.368897
2048,2048,Credit Card,Completed,2017-07-18,TXN-00002048,55.48,2026-08-06 01:41:39.368897
2049,2049,Debit Card,Completed,2016-07-15,TXN-00002049,289.8,2026-08-06 01:41:39.368897
2050,2050,Net Banking,Refunded,2016-07-11,TXN-00002050,2.5,2026-08-06 01:41:39.368897
2051,2051,Wallet,Completed,2016-07-11,TXN-00002051,6.48,2026-08-06 01:41:39.368897
2052,2052,Wallet,Completed,2016-07-11,TXN-00002052,341.49,2026-08-06 01:41:39.368897
2053,2053,Net Banking,Completed,2016-07-12,TXN-00002053,11.12,2026-08-06 01:41:39.368897
2054,2054,Cash,Completed,2016-07-15,TXN-00002054,25.34,2026-08-06 01:41:39.368897
2055,2055,Wallet,Pending,2017-12-02,TXN-00002055,17.31,2026-08-06 01:41:39.368897
2056,2056,UPI,Pending,2018-12-24,TXN-00002056,199.95,2026-08-06 01:41:39.368897
2057,2057,Credit Card,Completed,2018-12-25,TXN-00002057,1586.69,2026-08-06 01:41:39.368897
2058,2058,Cash,Completed,2018-12-25,TXN-00002058,84.99,2026-08-06 01:41:39.368897
2059,2059,Cash,Completed,2018-12-23,TXN-00002059,411.8,2026-08-06 01:41:39.368897
2060,2060,Debit Card,Completed,2015-11-03,TXN-00002060,11.34,2026-08-06 01:41:39.368897
2061,2061,Credit Card,Completed,2015-10-31,TXN-00002061,80.3,2026-08-06 01:41:39.368897
2062,2062,Net Banking,Completed,2015-11-04,TXN-00002062,15.97,2026-08-06 01:41:39.368897
2063,2063,UPI,Completed,2015-11-01,TXN-00002063,64.74,2026-08-06 01:41:39.368897
2064,2064,UPI,Completed,2015-11-01,TXN-00002064,19.3,2026-08-06 01:41:39.368897
2065,2065,Credit Card,Completed,2015-11-04,TXN-00002065,405.64,2026-08-06 01:41:39.368897
2066,2066,Credit Card,Completed,2015-11-01,TXN-00002066,146.35,2026-08-06 01:41:39.368897
2067,2067,Credit Card,Completed,2015-11-04,TXN-00002067,251.91,2026-08-06 01:41:39.368897
2068,2068,Wallet,Completed,2015-11-04,TXN-00002068,12.39,2026-08-06 01:41:39.368897
2069,2069,Debit Card,Pending,2016-04-16,TXN-00002069,199.96,2026-08-06 01:41:39.368897
2070,2070,Net Banking,Completed,2016-04-17,TXN-00002070,710.83,2026-08-06 01:41:39.368897
2071,2071,Wallet,Completed,2017-07-21,TXN-00002071,1.94,2026-08-06 01:41:39.368897
2072,2072,Cash,Completed,2018-11-24,TXN-00002072,283.92,2026-08-06 01:41:39.368897
2073,2073,Wallet,Completed,2017-11-30,TXN-00002073,7.31,2026-08-06 01:41:39.368897
2074,2074,Net Banking,Pending,2018-11-10,TXN-00002074,59.97,2026-08-06 01:41:39.368897
2075,2075,UPI,Completed,2018-11-10,TXN-00002075,761.54,2026-08-06 01:41:39.368897
2076,2076,Net Banking,Completed,2015-12-05,TXN-00002076,58.2,2026-08-06 01:41:39.368897
2077,2077,Credit Card,Completed,2018-09-15,TXN-00002077,39.9,2026-08-06 01:41:39.368897
2078,2078,UPI,Completed,2018-09-16,TXN-00002078,90.86,2026-08-06 01:41:39.368897
2079,2079,Cash,Completed,2018-09-16,TXN-00002079,94.85,2026-08-06 01:41:39.368897
2080,2080,Credit Card,Completed,2016-12-28,TXN-00002080,106.23,2026-08-06 01:41:39.368897
2081,2081,Wallet,Completed,2016-12-25,TXN-00002081,111.98,2026-08-06 01:41:39.368897
2082,2082,Debit Card,Completed,2016-12-26,TXN-00002082,7.71,2026-08-06 01:41:39.368897
2083,2083,Cash,Completed,2018-02-27,TXN-00002083,37.44,2026-08-06 01:41:39.368897
2084,2084,Net Banking,Completed,2015-11-24,TXN-00002084,23.68,2026-08-06 01:41:39.368897
2085,2085,Wallet,Completed,2017-06-23,TXN-00002085,122.12,2026-08-06 01:41:39.368897
2086,2086,Wallet,Completed,2017-06-26,TXN-00002086,18.45,2026-08-06 01:41:39.368897
2087,2087,Cash,Completed,2017-06-27,TXN-00002087,324.9,2026-08-06 01:41:39.368897
2088,2088,Net Banking,Completed,2017-06-23,TXN-00002088,146.73,2026-08-06 01:41:39.368897
2089,2089,Cash,Completed,2017-06-27,TXN-00002089,3.96,2026-08-06 01:41:39.368897
2090,2090,Wallet,Completed,2016-10-26,TXN-00002090,5.76,2026-08-06 01:41:39.368897
2091,2091,Cash,Pending,2018-07-19,TXN-00002091,26.55,2026-08-06 01:41:39.368897
2092,2092,Credit Card,Completed,2018-07-17,TXN-00002092,310.44,2026-08-06 01:41:39.368897
2093,2093,Wallet,Completed,2015-11-18,TXN-00002093,479.9,2026-08-06 01:41:39.368897
2094,2094,Credit Card,Completed,2016-04-17,TXN-00002094,12.88,2026-08-06 01:41:39.368897
2095,2095,UPI,Completed,2016-11-26,TXN-00002095,13.12,2026-08-06 01:41:39.368897
2096,2096,UPI,Completed,2017-05-16,TXN-00002096,511.84,2026-08-06 01:41:39.368897
2097,2097,Credit Card,Completed,2017-05-15,TXN-00002097,91.96,2026-08-06 01:41:39.368897
2098,2098,Cash,Completed,2017-05-18,TXN-00002098,8.34,2026-08-06 01:41:39.368897
2099,2099,Wallet,Completed,2018-09-11,TXN-00002099,37.68,2026-08-06 01:41:39.368897
2100,2100,Credit Card,Completed,2018-09-11,TXN-00002100,279.94,2026-08-06 01:41:39.368897
2101,2101,Debit Card,Completed,2015-03-14,TXN-00002101,636.41,2026-08-06 01:41:39.368897
2102,2102,Cash,Completed,2015-03-10,TXN-00002102,83.17,2026-08-06 01:41:39.368897
2103,2103,Net Banking,Completed,2015-07-22,TXN-00002103,259.14,2026-08-06 01:41:39.368897
2104,2104,Debit Card,Completed,2018-03-28,TXN-00002104,221.92,2026-08-06 01:41:39.368897
2105,2105,Credit Card,Completed,2018-03-27,TXN-00002105,26.0,2026-08-06 01:41:39.368897
2106,2106,Net Banking,Pending,2015-10-04,TXN-00002106,15.55,2026-08-06 01:41:39.368897
2107,2107,UPI,Completed,2015-09-27,TXN-00002107,0.88,2026-08-06 01:41:39.368897
2108,2108,Debit Card,Completed,2016-11-03,TXN-00002108,19.98,2026-08-06 01:41:39.368897
2109,2109,Wallet,Completed,2016-10-31,TXN-00002109,398.35,2026-08-06 01:41:39.368897
2110,2110,Cash,Completed,2016-11-02,TXN-00002110,5.04,2026-08-06 01:41:39.368897
2111,2111,UPI,Completed,2016-11-03,TXN-00002111,17.45,2026-08-06 01:41:39.368897
2112,2112,UPI,Completed,2016-11-01,TXN-00002112,323.14,2026-08-06 01:41:39.368897
2113,2113,Debit Card,Completed,2016-11-04,TXN-00002113,29.7,2026-08-06 01:41:39.368897
2114,2114,Wallet,Completed,2016-11-01,TXN-00002114,1295.84,2026-08-06 01:41:39.368897
2115,2115,Credit Card,Completed,2016-10-31,TXN-00002115,46.84,2026-08-06 01:41:39.368897
2116,2116,Net Banking,Completed,2016-11-04,TXN-00002116,425.83,2026-08-06 01:41:39.368897
2117,2117,Cash,Completed,2016-10-12,TXN-00002117,209.67,2026-08-06 01:41:39.368897
2118,2118,UPI,Completed,2017-09-19,TXN-00002118,159.88,2026-08-06 01:41:39.368897
2119,2119,Debit Card,Completed,2018-04-17,TXN-00002119,5.28,2026-08-06 01:41:39.368897
2120,2120,Net Banking,Completed,2018-04-16,TXN-00002120,895.92,2026-08-06 01:41:39.368897
2121,2121,Cash,Completed,2018-01-11,TXN-00002121,2.81,2026-08-06 01:41:39.368897
2122,2122,UPI,Completed,2018-11-13,TXN-00002122,215.98,2026-08-06 01:41:39.368897
2123,2123,UPI,Completed,2018-09-22,TXN-00002123,241.96,2026-08-06 01:41:39.368897
2124,2124,Cash,Completed,2018-09-25,TXN-00002124,27.72,2026-08-06 01:41:39.368897
2125,2125,Cash,Completed,2018-12-02,TXN-00002125,104.68,2026-08-06 01:41:39.368897
2126,2126,Debit Card,Completed,2018-12-04,TXN-00002126,62.96,2026-08-06 01:41:39.368897
2127,2127,Debit Card,Completed,2015-06-24,TXN-00002127,86.38,2026-08-06 01:41:39.368897
2128,2128,Net Banking,Completed,2016-10-08,TXN-00002128,64.94,2026-08-06 01:41:39.368897
2129,2129,Debit Card,Completed,2016-10-08,TXN-00002129,20.74,2026-08-06 01:41:39.368897
2130,2130,Credit Card,Pending,2015-05-21,TXN-00002130,33.28,2026-08-06 01:41:39.368897
2131,2131,Wallet,Completed,2015-05-22,TXN-00002131,38.52,2026-08-06 01:41:39.368897
2132,2132,Cash,Completed,2015-05-22,TXN-00002132,139.86,2026-08-06 01:41:39.368897
2133,2133,Credit Card,Pending,2016-11-24,TXN-00002133,19.65,2026-08-06 01:41:39.368897
2134,2134,Net Banking,Pending,2016-12-01,TXN-00002134,152.99,2026-08-06 01:41:39.368897
2135,2135,Credit Card,Completed,2016-12-04,TXN-00002135,10.58,2026-08-06 01:41:39.368897
2136,2136,Credit Card,Completed,2016-12-04,TXN-00002136,94.92,2026-08-06 01:41:39.368897
2137,2137,Net Banking,Completed,2017-01-01,TXN-00002137,14.76,2026-08-06 01:41:39.368897
2138,2138,Wallet,Completed,2016-12-31,TXN-00002138,3.66,2026-08-06 01:41:39.368897
2139,2139,Cash,Completed,2018-11-18,TXN-00002139,146.82,2026-08-06 01:41:39.368897
2140,2140,Credit Card,Completed,2015-06-08,TXN-00002140,149.54,2026-08-06 01:41:39.368897
2141,2141,Credit Card,Completed,2015-06-06,TXN-00002141,17.14,2026-08-06 01:41:39.368897
2142,2142,Net Banking,Completed,2015-06-08,TXN-00002142,991.76,2026-08-06 01:41:39.368897
2143,2143,Cash,Completed,2017-09-04,TXN-00002143,30.48,2026-08-06 01:41:39.368897
2144,2144,Credit Card,Completed,2017-09-02,TXN-00002144,23.99,2026-08-06 01:41:39.368897
2145,2145,Cash,Completed,2017-09-03,TXN-00002145,16.69,2026-08-06 01:41:39.368897
2146,2146,Wallet,Completed,2017-06-26,TXN-00002146,422.06,2026-08-06 01:41:39.368897
2147,2147,Credit Card,Completed,2017-06-27,TXN-00002147,38.09,2026-08-06 01:41:39.368897
2148,2148,Wallet,Completed,2017-06-26,TXN-00002148,254.35,2026-08-06 01:41:39.368897
2149,2149,Cash,Completed,2015-12-14,TXN-00002149,43.31,2026-08-06 01:41:39.368897
2150,2150,Debit Card,Completed,2018-04-03,TXN-00002150,84.95,2026-08-06 01:41:39.368897
2151,2151,Credit Card,Completed,2018-11-21,TXN-00002151,233.06,2026-08-06 01:41:39.368897
2152,2152,Net Banking,Completed,2015-11-26,TXN-00002152,111.79,2026-08-06 01:41:39.368897
2153,2153,Net Banking,Pending,2016-11-22,TXN-00002153,14.94,2026-08-06 01:41:39.368897
2154,2154,Credit Card,Completed,2017-07-16,TXN-00002154,14.16,2026-08-06 01:41:39.368897
2155,2155,Cash,Completed,2017-05-03,TXN-00002155,22.61,2026-08-06 01:41:39.368897
2156,2156,Net Banking,Completed,2017-07-26,TXN-00002156,21.48,2026-08-06 01:41:39.368897
2157,2157,Credit Card,Completed,2015-06-22,TXN-00002157,501.81,2026-08-06 01:41:39.368897
2158,2158,Net Banking,Completed,2015-06-26,TXN-00002158,161.94,2026-08-06 01:41:39.368897
2159,2159,UPI,Completed,2018-10-22,TXN-00002159,17.86,2026-08-06 01:41:39.368897
2160,2160,Cash,Completed,2017-09-06,TXN-00002160,8.81,2026-08-06 01:41:39.368897
2161,2161,Cash,Completed,2017-05-14,TXN-00002161,79.38,2026-08-06 01:41:39.368897
2162,2162,Cash,Completed,2017-01-11,TXN-00002162,34.58,2026-08-06 01:41:39.368897
2163,2163,Cash,Completed,2018-03-13,TXN-00002163,314.55,2026-08-06 01:41:39.368897
2164,2164,UPI,Completed,2017-10-15,TXN-00002164,191.98,2026-08-06 01:41:39.368897
2165,2165,Credit Card,Completed,2017-10-13,TXN-00002165,8.29,2026-08-06 01:41:39.368897
2166,2166,Wallet,Completed,2017-10-13,TXN-00002166,139.92,2026-08-06 01:41:39.368897
2167,2167,Debit Card,Completed,2017-10-17,TXN-00002167,15.87,2026-08-06 01:41:39.368897
2168,2168,Wallet,Completed,2017-10-16,TXN-00002168,6.29,2026-08-06 01:41:39.368897
2169,2169,Credit Card,Completed,2018-01-29,TXN-00002169,14.02,2026-08-06 01:41:39.368897
2170,2170,UPI,Completed,2018-01-29,TXN-00002170,71.98,2026-08-06 01:41:39.368897
2171,2171,Wallet,Completed,2018-01-29,TXN-00002171,107.98,2026-08-06 01:41:39.368897
2172,2172,UPI,Completed,2018-11-20,TXN-00002172,305.31,2026-08-06 01:41:39.368897
2173,2173,Cash,Completed,2015-08-04,TXN-00002173,19.75,2026-08-06 01:41:39.368897
2174,2174,Debit Card,Completed,2017-08-03,TXN-00002174,9.26,2026-08-06 01:41:39.368897
2175,2175,Cash,Completed,2016-07-31,TXN-00002175,61.79,2026-08-06 01:41:39.368897
2176,2176,Cash,Completed,2017-10-16,TXN-00002176,45.68,2026-08-06 01:41:39.368897
2177,2177,Cash,Completed,2017-10-19,TXN-00002177,60.12,2026-08-06 01:41:39.368897
2178,2178,Debit Card,Completed,2017-10-15,TXN-00002178,41.72,2026-08-06 01:41:39.368897
2179,2179,Net Banking,Completed,2017-10-18,TXN-00002179,71.6,2026-08-06 01:41:39.368897
2180,2180,Debit Card,Completed,2017-05-11,TXN-00002180,85.23,2026-08-06 01:41:39.368897
2181,2181,Net Banking,Completed,2017-05-08,TXN-00002181,44.4,2026-08-06 01:41:39.368897
2182,2182,Debit Card,Completed,2017-05-09,TXN-00002182,442.76,2026-08-06 01:41:39.368897
2183,2183,Debit Card,Completed,2017-05-10,TXN-00002183,3999.95,2026-08-06 01:41:39.368897
2184,2184,Wallet,Completed,2017-05-09,TXN-00002184,199.95,2026-08-06 01:41:39.368897
2185,2185,UPI,Completed,2017-05-11,TXN-00002185,63.68,2026-08-06 01:41:39.368897
2186,2186,Wallet,Completed,2018-08-01,TXN-00002186,54.9,2026-08-06 01:41:39.368897
2187,2187,Debit Card,Completed,2017-07-16,TXN-00002187,29.0,2026-08-06 01:41:39.368897
2188,2188,Net Banking,Completed,2018-08-13,TXN-00002188,70.08,2026-08-06 01:41:39.368897
2189,2189,Net Banking,Completed,2018-08-14,TXN-00002189,121.3,2026-08-06 01:41:39.368897
2190,2190,Net Banking,Completed,2018-08-14,TXN-00002190,1454.49,2026-08-06 01:41:39.368897
2191,2191,Credit Card,Completed,2017-06-27,TXN-00002191,60.81,2026-08-06 01:41:39.368897
2192,2192,Net Banking,Completed,2017-12-12,TXN-00002192,153.55,2026-08-06 01:41:39.368897
2193,2193,Credit Card,Completed,2017-12-12,TXN-00002193,65.34,2026-08-06 01:41:39.368897
2194,2194,Net Banking,Completed,2017-12-14,TXN-00002194,123.92,2026-08-06 01:41:39.368897
2195,2195,Debit Card,Completed,2017-12-14,TXN-00002195,35.1,2026-08-06 01:41:39.368897
2196,2196,Wallet,Completed,2017-12-11,TXN-00002196,44.75,2026-08-06 01:41:39.368897
2197,2197,Wallet,Completed,2017-12-02,TXN-00002197,4.7,2026-08-06 01:41:39.368897
2198,2198,Debit Card,Completed,2015-11-30,TXN-00002198,14.67,2026-08-06 01:41:39.368897
2199,2199,Cash,Completed,2016-04-01,TXN-00002199,15.55,2026-08-06 01:41:39.368897
2200,2200,Credit Card,Completed,2016-03-29,TXN-00002200,5.23,2026-08-06 01:41:39.368897
2201,2201,UPI,Pending,2015-06-01,TXN-00002201,22.2,2026-08-06 01:41:39.368897
2202,2202,Wallet,Completed,2015-06-05,TXN-00002202,881.93,2026-08-06 01:41:39.368897
2203,2203,Credit Card,Completed,2016-09-10,TXN-00002203,6.1,2026-08-06 01:41:39.368897
2204,2204,UPI,Completed,2016-09-06,TXN-00002204,191.82,2026-08-06 01:41:39.368897
2205,2205,Credit Card,Completed,2016-07-03,TXN-00002205,20.1,2026-08-06 01:41:39.368897
2206,2206,UPI,Completed,2017-09-13,TXN-00002206,67.56,2026-08-06 01:41:39.368897
2207,2207,Debit Card,Completed,2015-07-18,TXN-00002207,29.93,2026-08-06 01:41:39.368897
2208,2208,Cash,Completed,2015-07-18,TXN-00002208,38.27,2026-08-06 01:41:39.368897
2209,2209,Wallet,Completed,2016-08-25,TXN-00002209,16.52,2026-08-06 01:41:39.368897
2210,2210,Wallet,Completed,2015-11-17,TXN-00002210,832.93,2026-08-06 01:41:39.368897
2211,2211,Wallet,Completed,2015-11-17,TXN-00002211,43.8,2026-08-06 01:41:39.368897
2212,2212,UPI,Completed,2017-11-29,TXN-00002212,167.29,2026-08-06 01:41:39.368897
2213,2213,Net Banking,Completed,2018-11-21,TXN-00002213,27.42,2026-08-06 01:41:39.368897
2214,2214,Cash,Completed,2018-10-05,TXN-00002214,1.44,2026-08-06 01:41:39.368897
2215,2215,Wallet,Completed,2018-10-01,TXN-00002215,61.78,2026-08-06 01:41:39.368897
2216,2216,Net Banking,Completed,2018-10-04,TXN-00002216,241.96,2026-08-06 01:41:39.368897
2217,2217,Wallet,Completed,2018-10-02,TXN-00002217,108.61,2026-08-06 01:41:39.368897
2218,2218,Cash,Completed,2015-09-23,TXN-00002218,2.82,2026-08-06 01:41:39.368897
2219,2219,Net Banking,Completed,2018-07-28,TXN-00002219,9.98,2026-08-06 01:41:39.368897
2220,2220,Cash,Completed,2018-07-30,TXN-00002220,14.98,2026-08-06 01:41:39.368897
2221,2221,UPI,Completed,2018-08-01,TXN-00002221,1145.6,2026-08-06 01:41:39.368897
2222,2222,Debit Card,Completed,2016-12-06,TXN-00002222,485.94,2026-08-06 01:41:39.368897
2223,2223,Debit Card,Completed,2016-12-08,TXN-00002223,37.38,2026-08-06 01:41:39.368897
2224,2224,UPI,Completed,2016-12-10,TXN-00002224,70.69,2026-08-06 01:41:39.368897
2225,2225,Credit Card,Completed,2018-08-01,TXN-00002225,54.82,2026-08-06 01:41:39.368897
2226,2226,Wallet,Completed,2017-03-23,TXN-00002226,72.29,2026-08-06 01:41:39.368897
2227,2227,Cash,Completed,2018-07-30,TXN-00002227,2.9,2026-08-06 01:41:39.368897
2228,2228,UPI,Completed,2018-08-01,TXN-00002228,124.79,2026-08-06 01:41:39.368897
2229,2229,Cash,Completed,2017-10-01,TXN-00002229,330.59,2026-08-06 01:41:39.368897
2230,2230,Wallet,Completed,2015-04-03,TXN-00002230,673.57,2026-08-06 01:41:39.368897
2231,2231,Credit Card,Completed,2015-03-31,TXN-00002231,52.98,2026-08-06 01:41:39.368897
2232,2232,UPI,Completed,2018-06-28,TXN-00002232,526.45,2026-08-06 01:41:39.368897
2233,2233,Wallet,Completed,2018-07-11,TXN-00002233,228.92,2026-08-06 01:41:39.368897
2234,2234,Wallet,Completed,2016-12-18,TXN-00002234,319.97,2026-08-06 01:41:39.368897
2235,2235,Cash,Completed,2018-12-09,TXN-00002235,205.03,2026-08-06 01:41:39.368897
2236,2236,Cash,Completed,2016-09-16,TXN-00002236,190.86,2026-08-06 01:41:39.368897
2237,2237,Credit Card,Completed,2016-09-17,TXN-00002237,24.32,2026-08-06 01:41:39.368897
2238,2238,UPI,Completed,2017-07-19,TXN-00002238,44.4,2026-08-06 01:41:39.368897
2239,2239,Debit Card,Completed,2018-04-21,TXN-00002239,44.4,2026-08-06 01:41:39.368897
2240,2240,Cash,Completed,2017-11-17,TXN-00002240,1016.79,2026-08-06 01:41:39.368897
2241,2241,Cash,Completed,2017-11-17,TXN-00002241,38.14,2026-08-06 01:41:39.368897
2242,2242,Debit Card,Completed,2017-11-27,TXN-00002242,494.98,2026-08-06 01:41:39.368897
2243,2243,Credit Card,Completed,2018-11-24,TXN-00002243,56.56,2026-08-06 01:41:39.368897
2244,2244,Cash,Completed,2018-11-22,TXN-00002244,5.56,2026-08-06 01:41:39.368897
2245,2245,Wallet,Completed,2018-11-25,TXN-00002245,9.02,2026-08-06 01:41:39.368897
2246,2246,Credit Card,Completed,2018-11-22,TXN-00002246,8.62,2026-08-06 01:41:39.368897
2247,2247,Debit Card,Completed,2018-11-23,TXN-00002247,659.98,2026-08-06 01:41:39.368897
2248,2248,Credit Card,Completed,2016-02-15,TXN-00002248,13.36,2026-08-06 01:41:39.368897
2249,2249,UPI,Completed,2016-02-15,TXN-00002249,41.72,2026-08-06 01:41:39.368897
2250,2250,UPI,Completed,2016-02-15,TXN-00002250,11.52,2026-08-06 01:41:39.368897
2251,2251,Cash,Completed,2016-02-15,TXN-00002251,541.44,2026-08-06 01:41:39.368897
2252,2252,Debit Card,Completed,2016-02-15,TXN-00002252,19.44,2026-08-06 01:41:39.368897
2253,2253,Credit Card,Completed,2017-04-15,TXN-00002253,143.7,2026-08-06 01:41:39.368897
2254,2254,Net Banking,Completed,2016-10-01,TXN-00002254,43.26,2026-08-06 01:41:39.368897
2255,2255,UPI,Pending,2016-10-01,TXN-00002255,43.56,2026-08-06 01:41:39.368897
2256,2256,Wallet,Completed,2017-09-19,TXN-00002256,437.85,2026-08-06 01:41:39.368897
2257,2257,Credit Card,Completed,2017-09-21,TXN-00002257,109.48,2026-08-06 01:41:39.368897
2258,2258,Debit Card,Completed,2018-06-18,TXN-00002258,1212.96,2026-08-06 01:41:39.368897
2259,2259,UPI,Completed,2018-06-19,TXN-00002259,18.54,2026-08-06 01:41:39.368897
2260,2260,UPI,Completed,2016-11-08,TXN-00002260,5.0,2026-08-06 01:41:39.368897
2261,2261,Wallet,Completed,2016-11-09,TXN-00002261,371.97,2026-08-06 01:41:39.368897
2262,2262,Net Banking,Completed,2016-12-20,TXN-00002262,166.24,2026-08-06 01:41:39.368897
2263,2263,Credit Card,Completed,2018-02-07,TXN-00002263,359.97,2026-08-06 01:41:39.368897
2264,2264,UPI,Completed,2017-11-18,TXN-00002264,499.98,2026-08-06 01:41:39.368897
2265,2265,Net Banking,Completed,2017-11-15,TXN-00002265,5.28,2026-08-06 01:41:39.368897
2266,2266,Debit Card,Completed,2017-11-18,TXN-00002266,8.26,2026-08-06 01:41:39.368897
2267,2267,Debit Card,Completed,2018-10-15,TXN-00002267,7.97,2026-08-06 01:41:39.368897
2268,2268,Credit Card,Completed,2018-09-21,TXN-00002268,12.96,2026-08-06 01:41:39.368897
2269,2269,UPI,Completed,2018-12-24,TXN-00002269,6.48,2026-08-06 01:41:39.368897
2270,2270,Wallet,Completed,2018-12-22,TXN-00002270,6.98,2026-08-06 01:41:39.368897
2271,2271,UPI,Completed,2018-12-03,TXN-00002271,47.96,2026-08-06 01:41:39.368897
2272,2272,Cash,Completed,2016-09-24,TXN-00002272,199.74,2026-08-06 01:41:39.368897
2273,2273,Net Banking,Completed,2016-03-09,TXN-00002273,435.26,2026-08-06 01:41:39.368897
2274,2274,Net Banking,Completed,2016-03-09,TXN-00002274,1119.98,2026-08-06 01:41:39.368897
2275,2275,Credit Card,Completed,2015-10-04,TXN-00002275,143.43,2026-08-06 01:41:39.368897
2276,2276,Debit Card,Completed,2015-10-04,TXN-00002276,122.35,2026-08-06 01:41:39.368897
2277,2277,Credit Card,Completed,2015-06-29,TXN-00002277,306.2,2026-08-06 01:41:39.368897
2278,2278,Wallet,Completed,2015-06-27,TXN-00002278,85.98,2026-08-06 01:41:39.368897
2279,2279,Credit Card,Completed,2015-06-30,TXN-00002279,223.96,2026-08-06 01:41:39.368897
2280,2280,Credit Card,Completed,2018-11-02,TXN-00002280,97.57,2026-08-06 01:41:39.368897
2281,2281,Debit Card,Completed,2018-11-02,TXN-00002281,614.27,2026-08-06 01:41:39.368897
2282,2282,Cash,Pending,2018-11-03,TXN-00002282,199.98,2026-08-06 01:41:39.368897
2283,2283,Wallet,Completed,2017-09-06,TXN-00002283,48.16,2026-08-06 01:41:39.368897
2284,2284,Cash,Completed,2016-03-06,TXN-00002284,23.92,2026-08-06 01:41:39.368897
2285,2285,Wallet,Completed,2016-03-06,TXN-00002285,60.69,2026-08-06 01:41:39.368897
2286,2286,UPI,Completed,2017-05-06,TXN-00002286,14.35,2026-08-06 01:41:39.368897
2287,2287,Credit Card,Completed,2018-11-20,TXN-00002287,35.04,2026-08-06 01:41:39.368897
2288,2288,Net Banking,Completed,2018-06-05,TXN-00002288,17.48,2026-08-06 01:41:39.368897
2289,2289,Wallet,Completed,2018-06-14,TXN-00002289,16.4,2026-08-06 01:41:39.368897
2290,2290,UPI,Completed,2018-01-11,TXN-00002290,892.98,2026-08-06 01:41:39.368897
2291,2291,Cash,Completed,2016-04-20,TXN-00002291,287.97,2026-08-06 01:41:39.368897
2292,2292,UPI,Completed,2016-04-20,TXN-00002292,595.38,2026-08-06 01:41:39.368897
2293,2293,Wallet,Completed,2016-04-20,TXN-00002293,12.96,2026-08-06 01:41:39.368897
2294,2294,Wallet,Completed,2016-11-02,TXN-00002294,4.95,2026-08-06 01:41:39.368897
2295,2295,Debit Card,Completed,2018-12-25,TXN-00002295,181.95,2026-08-06 01:41:39.368897
2296,2296,Cash,Completed,2016-11-02,TXN-00002296,13.52,2026-08-06 01:41:39.368897
2297,2297,Cash,Completed,2016-11-01,TXN-00002297,259.7,2026-08-06 01:41:39.368897
2298,2298,Credit Card,Pending,2016-11-03,TXN-00002298,42.95,2026-08-06 01:41:39.368897
2299,2299,Debit Card,Completed,2016-11-05,TXN-00002299,1399.93,2026-08-06 01:41:39.368897
2300,2300,Credit Card,Completed,2016-11-02,TXN-00002300,503.96,2026-08-06 01:41:39.368897
2301,2301,Cash,Completed,2015-11-15,TXN-00002301,12.72,2026-08-06 01:41:39.368897
2302,2302,UPI,Completed,2015-11-16,TXN-00002302,11.52,2026-08-06 01:41:39.368897
2303,2303,Net Banking,Completed,2017-01-20,TXN-00002303,316.0,2026-08-06 01:41:39.368897
2304,2304,Net Banking,Completed,2018-09-17,TXN-00002304,723.92,2026-08-06 01:41:39.368897
2305,2305,Net Banking,Completed,2018-09-20,TXN-00002305,106.32,2026-08-06 01:41:39.368897
2306,2306,Wallet,Completed,2017-12-25,TXN-00002306,141.37,2026-08-06 01:41:39.368897
2307,2307,Wallet,Completed,2016-08-06,TXN-00002307,27.22,2026-08-06 01:41:39.368897
2308,2308,Net Banking,Completed,2018-11-09,TXN-00002308,390.75,2026-08-06 01:41:39.368897
2309,2309,Credit Card,Completed,2018-06-11,TXN-00002309,280.79,2026-08-06 01:41:39.368897
2310,2310,UPI,Completed,2018-06-11,TXN-00002310,68.45,2026-08-06 01:41:39.368897
2311,2311,Net Banking,Completed,2018-06-11,TXN-00002311,88.04,2026-08-06 01:41:39.368897
2312,2312,Net Banking,Completed,2018-06-13,TXN-00002312,15.87,2026-08-06 01:41:39.368897
2313,2313,Net Banking,Completed,2018-06-15,TXN-00002313,215.59,2026-08-06 01:41:39.368897
2314,2314,Wallet,Completed,2018-07-21,TXN-00002314,14.62,2026-08-06 01:41:39.368897
2315,2315,Cash,Completed,2018-07-21,TXN-00002315,416.32,2026-08-06 01:41:39.368897
2316,2316,UPI,Completed,2018-07-22,TXN-00002316,43.0,2026-08-06 01:41:39.368897
2317,2317,Net Banking,Completed,2018-07-24,TXN-00002317,182.94,2026-08-06 01:41:39.368897
2318,2318,Cash,Completed,2018-07-23,TXN-00002318,60.83,2026-08-06 01:41:39.368897
2319,2319,Wallet,Completed,2018-07-22,TXN-00002319,389.97,2026-08-06 01:41:39.368897
2320,2320,Net Banking,Completed,2016-12-27,TXN-00002320,194.32,2026-08-06 01:41:39.368897
2321,2321,Cash,Completed,2018-03-23,TXN-00002321,265.93,2026-08-06 01:41:39.368897
2322,2322,Debit Card,Pending,2017-01-01,TXN-00002322,94.74,2026-08-06 01:41:39.368897
2323,2323,Cash,Completed,2017-01-02,TXN-00002323,60.64,2026-08-06 01:41:39.368897
2324,2324,Cash,Completed,2017-01-02,TXN-00002324,76.3,2026-08-06 01:41:39.368897
2325,2325,Cash,Completed,2017-01-04,TXN-00002325,364.8,2026-08-06 01:41:39.368897
2326,2326,UPI,Completed,2016-09-18,TXN-00002326,79.87,2026-08-06 01:41:39.368897
2327,2327,Debit Card,Completed,2016-09-17,TXN-00002327,46.38,2026-08-06 01:41:39.368897
2328,2328,Net Banking,Completed,2016-09-19,TXN-00002328,12.96,2026-08-06 01:41:39.368897
2329,2329,Net Banking,Completed,2018-09-23,TXN-00002329,14.35,2026-08-06 01:41:39.368897
2330,2330,Debit Card,Completed,2016-12-27,TXN-00002330,547.14,2026-08-06 01:41:39.368897
2331,2331,Net Banking,Completed,2017-09-27,TXN-00002331,41.96,2026-08-06 01:41:39.368897
2332,2332,Debit Card,Completed,2017-09-27,TXN-00002332,41.7,2026-08-06 01:41:39.368897
2333,2333,Net Banking,Completed,2018-03-21,TXN-00002333,277.4,2026-08-06 01:41:39.368897
2334,2334,Net Banking,Completed,2018-03-23,TXN-00002334,5.78,2026-08-06 01:41:39.368897
2335,2335,Wallet,Completed,2015-09-30,TXN-00002335,69.22,2026-08-06 01:41:39.368897
2336,2336,Cash,Completed,2018-12-14,TXN-00002336,10.86,2026-08-06 01:41:39.368897
2337,2337,Debit Card,Completed,2018-12-11,TXN-00002337,426.79,2026-08-06 01:41:39.368897
2338,2338,Debit Card,Completed,2015-08-24,TXN-00002338,25.92,2026-08-06 01:41:39.368897
2339,2339,Credit Card,Completed,2015-08-27,TXN-00002339,45.92,2026-08-06 01:41:39.368897
2340,2340,Wallet,Completed,2015-08-21,TXN-00002340,10.72,2026-08-06 01:41:39.368897
2341,2341,Cash,Pending,2017-11-10,TXN-00002341,41.86,2026-08-06 01:41:39.368897
2342,2342,Debit Card,Completed,2016-01-03,TXN-00002342,63.2,2026-08-06 01:41:39.368897
2343,2343,UPI,Completed,2016-01-04,TXN-00002343,113.97,2026-08-06 01:41:39.368897
2344,2344,Net Banking,Completed,2015-07-27,TXN-00002344,123.55,2026-08-06 01:41:39.368897
2345,2345,Cash,Completed,2017-02-24,TXN-00002345,490.32,2026-08-06 01:41:39.368897
2346,2346,Cash,Completed,2017-03-15,TXN-00002346,70.08,2026-08-06 01:41:39.368897
2347,2347,Wallet,Completed,2017-03-13,TXN-00002347,1.27,2026-08-06 01:41:39.368897
2348,2348,Net Banking,Completed,2017-03-17,TXN-00002348,557.59,2026-08-06 01:41:39.368897
2349,2349,Debit Card,Completed,2018-12-06,TXN-00002349,9.02,2026-08-06 01:41:39.368897
2350,2350,Credit Card,Completed,2018-12-03,TXN-00002350,69.46,2026-08-06 01:41:39.368897
2351,2351,Net Banking,Completed,2018-12-05,TXN-00002351,10.86,2026-08-06 01:41:39.368897
2352,2352,Credit Card,Completed,2018-12-05,TXN-00002352,79.47,2026-08-06 01:41:39.368897
2353,2353,Cash,Completed,2018-12-03,TXN-00002353,10.08,2026-08-06 01:41:39.368897
2354,2354,Cash,Pending,2016-09-02,TXN-00002354,1552.83,2026-08-06 01:41:39.368897
2355,2355,Wallet,Completed,2016-08-31,TXN-00002355,137.24,2026-08-06 01:41:39.368897
2356,2356,Debit Card,Completed,2016-09-04,TXN-00002356,36.51,2026-08-06 01:41:39.368897
2357,2357,Debit Card,Completed,2016-09-01,TXN-00002357,239.98,2026-08-06 01:41:39.368897
2358,2358,Net Banking,Completed,2015-03-17,TXN-00002358,1579.75,2026-08-06 01:41:39.368897
2359,2359,Credit Card,Completed,2015-03-21,TXN-00002359,1071.58,2026-08-06 01:41:39.368897
2360,2360,UPI,Completed,2015-03-19,TXN-00002360,613.91,2026-08-06 01:41:39.368897
2361,2361,Net Banking,Completed,2015-03-20,TXN-00002361,34.86,2026-08-06 01:41:39.368897
2362,2362,Net Banking,Completed,2015-03-18,TXN-00002362,155.04,2026-08-06 01:41:39.368897
2363,2363,Wallet,Completed,2018-04-20,TXN-00002363,13.71,2026-08-06 01:41:39.368897
2364,2364,UPI,Completed,2017-03-17,TXN-00002364,127.88,2026-08-06 01:41:39.368897
2365,2365,UPI,Completed,2017-03-17,TXN-00002365,160.32,2026-08-06 01:41:39.368897
2366,2366,Net Banking,Completed,2017-03-15,TXN-00002366,46.0,2026-08-06 01:41:39.368897
2367,2367,Net Banking,Completed,2015-11-26,TXN-00002367,120.71,2026-08-06 01:41:39.368897
2368,2368,Debit Card,Completed,2018-02-11,TXN-00002368,23.12,2026-08-06 01:41:39.368897
2369,4600,Credit Card,Completed,2016-07-17,TXN-00004600,150.98,2026-08-06 01:41:39.368897
2370,2369,Net Banking,Completed,2017-09-24,TXN-00002369,532.7,2026-08-06 01:41:39.368897
2371,2370,Debit Card,Completed,2017-09-27,TXN-00002370,4.91,2026-08-06 01:41:39.368897
2372,2371,Credit Card,Completed,2018-07-07,TXN-00002371,252.0,2026-08-06 01:41:39.368897
2373,2372,Cash,Completed,2017-07-09,TXN-00002372,60.29,2026-08-06 01:41:39.368897
2374,2373,Cash,Completed,2017-07-11,TXN-00002373,2.63,2026-08-06 01:41:39.368897
2375,2374,Credit Card,Completed,2017-07-10,TXN-00002374,23.69,2026-08-06 01:41:39.368897
2376,2375,Credit Card,Completed,2017-07-11,TXN-00002375,253.37,2026-08-06 01:41:39.368897
2377,2376,Wallet,Completed,2018-01-28,TXN-00002376,5.67,2026-08-06 01:41:39.368897
2378,2377,Debit Card,Completed,2015-08-21,TXN-00002377,76.78,2026-08-06 01:41:39.368897
2379,2378,Cash,Pending,2015-08-23,TXN-00002378,9.18,2026-08-06 01:41:39.368897
2380,2379,Cash,Completed,2016-12-06,TXN-00002379,32.75,2026-08-06 01:41:39.368897
2381,2380,Cash,Pending,2017-05-08,TXN-00002380,7.22,2026-08-06 01:41:39.368897
2382,2381,Net Banking,Completed,2017-05-06,TXN-00002381,49.57,2026-08-06 01:41:39.368897
2383,2382,UPI,Completed,2017-05-07,TXN-00002382,54.71,2026-08-06 01:41:39.368897
2384,2383,Wallet,Completed,2018-03-27,TXN-00002383,176.04,2026-08-06 01:41:39.368897
2385,2384,Credit Card,Completed,2018-03-26,TXN-00002384,16.02,2026-08-06 01:41:39.368897
2386,2385,Cash,Completed,2018-03-29,TXN-00002385,185.92,2026-08-06 01:41:39.368897
2387,2386,Cash,Completed,2018-03-25,TXN-00002386,211.17,2026-08-06 01:41:39.368897
2388,2387,Net Banking,Completed,2018-03-27,TXN-00002387,479.98,2026-08-06 01:41:39.368897
2389,2388,Wallet,Completed,2016-12-16,TXN-00002388,7.86,2026-08-06 01:41:39.368897
2390,2389,Credit Card,Pending,2016-12-16,TXN-00002389,24.45,2026-08-06 01:41:39.368897
2391,2390,Net Banking,Completed,2016-12-07,TXN-00002390,6.48,2026-08-06 01:41:39.368897
2392,2391,Debit Card,Completed,2016-12-06,TXN-00002391,41.86,2026-08-06 01:41:39.368897
2393,2392,Wallet,Pending,2016-12-08,TXN-00002392,1619.91,2026-08-06 01:41:39.368897
2394,2393,Credit Card,Completed,2016-12-08,TXN-00002393,113.92,2026-08-06 01:41:39.368897
2395,2394,Wallet,Completed,2017-03-20,TXN-00002394,39.68,2026-08-06 01:41:39.368897
2396,2395,Cash,Completed,2016-11-17,TXN-00002395,37.6,2026-08-06 01:41:39.368897
2397,2396,Debit Card,Completed,2016-11-15,TXN-00002396,59.9,2026-08-06 01:41:39.368897
2398,2397,Cash,Completed,2016-11-18,TXN-00002397,37.0,2026-08-06 01:41:39.368897
2399,2398,Net Banking,Completed,2018-08-14,TXN-00002398,5.76,2026-08-06 01:41:39.368897
2400,2399,Net Banking,Completed,2018-08-14,TXN-00002399,16.68,2026-08-06 01:41:39.368897
2401,2400,Cash,Completed,2018-09-10,TXN-00002400,628.81,2026-08-06 01:41:39.368897
2402,2401,Net Banking,Completed,2018-09-09,TXN-00002401,56.45,2026-08-06 01:41:39.368897
2403,2402,Net Banking,Completed,2018-04-04,TXN-00002402,94.2,2026-08-06 01:41:39.368897
2404,2403,Debit Card,Completed,2018-04-04,TXN-00002403,28.4,2026-08-06 01:41:39.368897
2405,2404,Wallet,Completed,2017-09-29,TXN-00002404,956.66,2026-08-06 01:41:39.368897
2406,2405,Wallet,Completed,2018-10-10,TXN-00002405,1115.91,2026-08-06 01:41:39.368897
2407,2406,Net Banking,Completed,2018-10-09,TXN-00002406,128.74,2026-08-06 01:41:39.368897
2408,2407,Net Banking,Completed,2018-10-07,TXN-00002407,79.92,2026-08-06 01:41:39.368897
2409,2408,Wallet,Completed,2018-01-21,TXN-00002408,24.2,2026-08-06 01:41:39.368897
2410,2409,Cash,Completed,2018-01-20,TXN-00002409,359.98,2026-08-06 01:41:39.368897
2411,2410,Wallet,Completed,2018-03-24,TXN-00002410,211.84,2026-08-06 01:41:39.368897
2412,2411,Net Banking,Completed,2015-08-05,TXN-00002411,5.68,2026-08-06 01:41:39.368897
2413,2412,Credit Card,Pending,2016-06-10,TXN-00002412,7.52,2026-08-06 01:41:39.368897
2414,2413,Wallet,Completed,2015-11-12,TXN-00002413,11.96,2026-08-06 01:41:39.368897
2415,2414,UPI,Completed,2015-11-14,TXN-00002414,629.06,2026-08-06 01:41:39.368897
2416,2415,Debit Card,Completed,2017-12-30,TXN-00002415,754.45,2026-08-06 01:41:39.368897
2417,2416,Debit Card,Completed,2016-07-09,TXN-00002416,301.96,2026-08-06 01:41:39.368897
2418,2417,Debit Card,Completed,2018-10-16,TXN-00002417,595.0,2026-08-06 01:41:39.368897
2419,2418,Net Banking,Completed,2018-10-14,TXN-00002418,79.87,2026-08-06 01:41:39.368897
2420,2419,Debit Card,Completed,2017-05-22,TXN-00002419,2396.4,2026-08-06 01:41:39.368897
2421,2420,UPI,Completed,2018-11-10,TXN-00002420,63.56,2026-08-06 01:41:39.368897
2422,2421,Wallet,Completed,2018-11-11,TXN-00002421,99.99,2026-08-06 01:41:39.368897
2423,2422,Wallet,Pending,2017-04-18,TXN-00002422,230.38,2026-08-06 01:41:39.368897
2424,2423,Credit Card,Completed,2017-04-20,TXN-00002423,9.66,2026-08-06 01:41:39.368897
2425,2424,Credit Card,Completed,2018-12-26,TXN-00002424,158.93,2026-08-06 01:41:39.368897
2426,2425,Debit Card,Completed,2018-12-29,TXN-00002425,13.02,2026-08-06 01:41:39.368897
2427,2426,Cash,Completed,2018-12-29,TXN-00002426,273.06,2026-08-06 01:41:39.368897
2428,2427,Debit Card,Completed,2018-12-25,TXN-00002427,39.31,2026-08-06 01:41:39.368897
2429,2428,Debit Card,Completed,2017-06-13,TXN-00002428,1.34,2026-08-06 01:41:39.368897
2430,2429,Cash,Completed,2017-06-15,TXN-00002429,8.27,2026-08-06 01:41:39.368897
2431,2430,Net Banking,Completed,2017-06-13,TXN-00002430,12.54,2026-08-06 01:41:39.368897
2432,2431,Debit Card,Completed,2018-05-16,TXN-00002431,58.48,2026-08-06 01:41:39.368897
2433,2432,Wallet,Pending,2018-12-31,TXN-00002432,7.4,2026-08-06 01:41:39.368897
2434,2433,UPI,Completed,2015-03-25,TXN-00002433,366.79,2026-08-06 01:41:39.368897
2435,2434,Credit Card,Completed,2018-05-28,TXN-00002434,54.37,2026-08-06 01:41:39.368897
2436,2435,Net Banking,Completed,2016-11-17,TXN-00002435,33.96,2026-08-06 01:41:39.368897
2437,6768,UPI,Completed,2018-04-24,TXN-00006768,14.56,2026-08-06 01:41:39.368897
2438,2436,Credit Card,Completed,2016-11-18,TXN-00002436,826.11,2026-08-06 01:41:39.368897
2439,2437,Cash,Completed,2018-07-03,TXN-00002437,545.85,2026-08-06 01:41:39.368897
2440,2438,Net Banking,Completed,2015-11-18,TXN-00002438,145.98,2026-08-06 01:41:39.368897
2441,2439,Debit Card,Completed,2015-11-19,TXN-00002439,35.81,2026-08-06 01:41:39.368897
2442,2440,Wallet,Completed,2018-07-18,TXN-00002440,7.9,2026-08-06 01:41:39.368897
2443,2441,Wallet,Completed,2017-05-26,TXN-00002441,345.0,2026-08-06 01:41:39.368897
2444,2442,Net Banking,Completed,2017-05-26,TXN-00002442,174.29,2026-08-06 01:41:39.368897
2445,2443,Net Banking,Completed,2017-05-25,TXN-00002443,662.84,2026-08-06 01:41:39.368897
2446,2444,UPI,Completed,2017-05-25,TXN-00002444,95.1,2026-08-06 01:41:39.368897
2447,2445,Credit Card,Completed,2017-05-23,TXN-00002445,26.88,2026-08-06 01:41:39.368897
2448,2446,Cash,Completed,2017-05-24,TXN-00002446,257.98,2026-08-06 01:41:39.368897
2449,2447,UPI,Completed,2016-09-26,TXN-00002447,17.48,2026-08-06 01:41:39.368897
2450,2448,Cash,Completed,2017-11-03,TXN-00002448,492.84,2026-08-06 01:41:39.368897
2451,2449,Net Banking,Completed,2016-09-17,TXN-00002449,269.49,2026-08-06 01:41:39.368897
2452,2450,Debit Card,Pending,2017-11-09,TXN-00002450,29.12,2026-08-06 01:41:39.368897
2453,2451,Cash,Completed,2018-03-21,TXN-00002451,18.75,2026-08-06 01:41:39.368897
2454,2452,Cash,Completed,2018-03-18,TXN-00002452,119.7,2026-08-06 01:41:39.368897
2455,2453,Debit Card,Completed,2018-03-18,TXN-00002453,9.14,2026-08-06 01:41:39.368897
2456,2454,Net Banking,Completed,2018-03-21,TXN-00002454,57.06,2026-08-06 01:41:39.368897
2457,2455,Net Banking,Completed,2018-03-21,TXN-00002455,71.6,2026-08-06 01:41:39.368897
2458,2456,UPI,Completed,2018-03-21,TXN-00002456,107.44,2026-08-06 01:41:39.368897
2459,2457,Debit Card,Pending,2018-03-18,TXN-00002457,7.31,2026-08-06 01:41:39.368897
2460,2458,Credit Card,Completed,2018-03-20,TXN-00002458,59.1,2026-08-06 01:41:39.368897
2461,2459,Credit Card,Completed,2018-03-19,TXN-00002459,46.53,2026-08-06 01:41:39.368897
2462,2460,Credit Card,Completed,2018-08-19,TXN-00002460,97.84,2026-08-06 01:41:39.368897
2463,2461,Credit Card,Completed,2016-07-12,TXN-00002461,29.97,2026-08-06 01:41:39.368897
2464,2462,Net Banking,Completed,2016-07-15,TXN-00002462,98.35,2026-08-06 01:41:39.368897
2465,2463,Wallet,Completed,2018-12-05,TXN-00002463,83.92,2026-08-06 01:41:39.368897
2466,2464,Net Banking,Completed,2018-12-03,TXN-00002464,14.62,2026-08-06 01:41:39.368897
2467,2465,Credit Card,Completed,2018-12-07,TXN-00002465,136.99,2026-08-06 01:41:39.368897
2468,2466,UPI,Completed,2018-12-03,TXN-00002466,3.15,2026-08-06 01:41:39.368897
2469,2467,Wallet,Completed,2018-05-04,TXN-00002467,9.11,2026-08-06 01:41:39.368897
2470,2468,Cash,Completed,2018-05-07,TXN-00002468,571.44,2026-08-06 01:41:39.368897
2471,2469,Net Banking,Completed,2018-05-04,TXN-00002469,32.4,2026-08-06 01:41:39.368897
2472,2470,Net Banking,Completed,2018-05-06,TXN-00002470,16.91,2026-08-06 01:41:39.368897
2473,2471,Credit Card,Completed,2017-01-26,TXN-00002471,14.27,2026-08-06 01:41:39.368897
2474,2472,Wallet,Completed,2017-01-23,TXN-00002472,451.14,2026-08-06 01:41:39.368897
2475,2473,UPI,Completed,2017-01-24,TXN-00002473,64.86,2026-08-06 01:41:39.368897
2476,2474,Debit Card,Completed,2017-11-06,TXN-00002474,217.58,2026-08-06 01:41:39.368897
2477,2475,Debit Card,Completed,2017-11-03,TXN-00002475,82.95,2026-08-06 01:41:39.368897
2478,2476,Wallet,Completed,2017-11-07,TXN-00002476,87.71,2026-08-06 01:41:39.368897
2479,2477,UPI,Completed,2017-11-07,TXN-00002477,1101.48,2026-08-06 01:41:39.368897
2480,2478,UPI,Completed,2018-09-07,TXN-00002478,1322.35,2026-08-06 01:41:39.368897
2481,2479,Credit Card,Completed,2015-09-15,TXN-00002479,5.46,2026-08-06 01:41:39.368897
2482,2480,Wallet,Completed,2018-06-20,TXN-00002480,11.18,2026-08-06 01:41:39.368897
2483,2481,Credit Card,Completed,2018-06-19,TXN-00002481,153.58,2026-08-06 01:41:39.368897
2484,2482,Credit Card,Completed,2018-12-24,TXN-00002482,1003.62,2026-08-06 01:41:39.368897
2485,2483,UPI,Completed,2018-09-01,TXN-00002483,35.17,2026-08-06 01:41:39.368897
2486,2484,Wallet,Completed,2018-08-29,TXN-00002484,1137.75,2026-08-06 01:41:39.368897
2487,2485,Debit Card,Completed,2018-09-01,TXN-00002485,99.68,2026-08-06 01:41:39.368897
2488,2486,Wallet,Completed,2018-09-01,TXN-00002486,5.56,2026-08-06 01:41:39.368897
2489,2487,Cash,Completed,2016-01-02,TXN-00002487,85.52,2026-08-06 01:41:39.368897
2490,2488,Wallet,Completed,2016-01-06,TXN-00002488,9.84,2026-08-06 01:41:39.368897
2491,2489,Cash,Completed,2016-01-02,TXN-00002489,20.04,2026-08-06 01:41:39.368897
2492,2490,Cash,Completed,2016-10-10,TXN-00002490,631.96,2026-08-06 01:41:39.368897
2493,2491,Debit Card,Completed,2016-10-11,TXN-00002491,23.92,2026-08-06 01:41:39.368897
2494,2492,Net Banking,Completed,2015-12-14,TXN-00002492,90.24,2026-08-06 01:41:39.368897
2495,2493,UPI,Completed,2015-11-23,TXN-00002493,4548.81,2026-08-06 01:41:39.368897
2496,2494,Net Banking,Pending,2017-09-11,TXN-00002494,300.93,2026-08-06 01:41:39.368897
2497,2495,Cash,Completed,2017-09-12,TXN-00002495,719.96,2026-08-06 01:41:39.368897
2498,2496,Net Banking,Completed,2015-06-19,TXN-00002496,647.84,2026-08-06 01:41:39.368897
2499,2497,Debit Card,Completed,2016-09-29,TXN-00002497,64.17,2026-08-06 01:41:39.368897
2500,2498,Wallet,Completed,2016-09-28,TXN-00002498,124.46,2026-08-06 01:41:39.368897
2501,2499,UPI,Completed,2017-05-19,TXN-00002499,9.58,2026-08-06 01:41:39.368897
2502,2500,Credit Card,Completed,2018-06-23,TXN-00002500,37.61,2026-08-06 01:41:39.368897
2503,2501,Net Banking,Completed,2018-06-17,TXN-00002501,12.22,2026-08-06 01:41:39.368897
2504,2502,Credit Card,Completed,2018-06-21,TXN-00002502,2.3,2026-08-06 01:41:39.368897
2505,2503,Debit Card,Completed,2018-06-17,TXN-00002503,9.36,2026-08-06 01:41:39.368897
2506,2504,Net Banking,Completed,2017-11-14,TXN-00002504,7.38,2026-08-06 01:41:39.368897
2507,2505,Credit Card,Completed,2015-07-25,TXN-00002505,53.72,2026-08-06 01:41:39.368897
2508,2506,UPI,Completed,2015-07-27,TXN-00002506,8187.65,2026-08-06 01:41:39.368897
2509,2507,Net Banking,Completed,2015-07-27,TXN-00002507,77.92,2026-08-06 01:41:39.368897
2510,2508,Wallet,Completed,2016-07-04,TXN-00002508,32.78,2026-08-06 01:41:39.368897
2511,2509,UPI,Completed,2018-03-05,TXN-00002509,196.78,2026-08-06 01:41:39.368897
2512,2510,Cash,Completed,2018-03-02,TXN-00002510,479.94,2026-08-06 01:41:39.368897
2513,2511,Cash,Completed,2017-11-18,TXN-00002511,1117.92,2026-08-06 01:41:39.368897
2514,2512,Net Banking,Completed,2016-04-19,TXN-00002512,106.5,2026-08-06 01:41:39.368897
2515,2513,Credit Card,Completed,2018-12-02,TXN-00002513,45.66,2026-08-06 01:41:39.368897
2516,2514,Debit Card,Completed,2017-11-13,TXN-00002514,95.97,2026-08-06 01:41:39.368897
2517,2515,Cash,Completed,2017-11-13,TXN-00002515,47.99,2026-08-06 01:41:39.368897
2518,2516,UPI,Completed,2015-09-06,TXN-00002516,264.32,2026-08-06 01:41:39.368897
2519,2517,Cash,Refunded,2015-11-19,TXN-00002517,604.66,2026-08-06 01:41:39.368897
2520,2518,Debit Card,Completed,2018-05-04,TXN-00002518,129.93,2026-08-06 01:41:39.368897
2521,2519,UPI,Completed,2017-10-17,TXN-00002519,20.16,2026-08-06 01:41:39.368897
2522,2520,Credit Card,Completed,2017-10-19,TXN-00002520,29.46,2026-08-06 01:41:39.368897
2523,2521,Wallet,Completed,2017-10-17,TXN-00002521,868.59,2026-08-06 01:41:39.368897
2524,2522,Debit Card,Completed,2017-10-17,TXN-00002522,12.96,2026-08-06 01:41:39.368897
2525,2523,Cash,Completed,2017-10-19,TXN-00002523,5.5,2026-08-06 01:41:39.368897
2526,2524,Wallet,Completed,2017-10-15,TXN-00002524,121.6,2026-08-06 01:41:39.368897
2527,2525,Debit Card,Completed,2016-04-06,TXN-00002525,42.05,2026-08-06 01:41:39.368897
2528,2526,Credit Card,Completed,2016-04-09,TXN-00002526,25.49,2026-08-06 01:41:39.368897
2529,2527,Net Banking,Completed,2016-04-07,TXN-00002527,6.9,2026-08-06 01:41:39.368897
2530,2528,Debit Card,Completed,2016-04-09,TXN-00002528,9.65,2026-08-06 01:41:39.368897
2531,2529,Credit Card,Completed,2016-04-06,TXN-00002529,7.97,2026-08-06 01:41:39.368897
2532,2530,Debit Card,Pending,2015-10-27,TXN-00002530,10.37,2026-08-06 01:41:39.368897
2533,2531,Credit Card,Completed,2015-08-19,TXN-00002531,114.2,2026-08-06 01:41:39.368897
2534,2532,Credit Card,Completed,2015-08-18,TXN-00002532,17.96,2026-08-06 01:41:39.368897
2535,2533,Debit Card,Completed,2015-08-17,TXN-00002533,12.67,2026-08-06 01:41:39.368897
2536,2534,Cash,Completed,2015-08-19,TXN-00002534,339.96,2026-08-06 01:41:39.368897
2537,2535,UPI,Completed,2018-08-19,TXN-00002535,1801.63,2026-08-06 01:41:39.368897
2538,2536,Net Banking,Completed,2016-09-09,TXN-00002536,46.32,2026-08-06 01:41:39.368897
2539,2537,Credit Card,Completed,2016-01-27,TXN-00002537,181.99,2026-08-06 01:41:39.368897
2540,2538,Cash,Completed,2016-01-30,TXN-00002538,431.98,2026-08-06 01:41:39.368897
2541,2539,Wallet,Completed,2016-01-30,TXN-00002539,155.37,2026-08-06 01:41:39.368897
2542,2540,Cash,Completed,2016-07-16,TXN-00002540,1348.7,2026-08-06 01:41:39.368897
2543,2541,Debit Card,Completed,2016-07-20,TXN-00002541,700.15,2026-08-06 01:41:39.368897
2544,2542,Debit Card,Completed,2017-05-03,TXN-00002542,111.89,2026-08-06 01:41:39.368897
2545,2543,Debit Card,Completed,2015-09-26,TXN-00002543,143.95,2026-08-06 01:41:39.368897
2546,2544,Wallet,Completed,2017-09-08,TXN-00002544,173.94,2026-08-06 01:41:39.368897
2547,2545,Cash,Completed,2017-09-12,TXN-00002545,14.76,2026-08-06 01:41:39.368897
2548,2546,UPI,Completed,2018-04-17,TXN-00002546,205.92,2026-08-06 01:41:39.368897
2549,2547,UPI,Completed,2018-04-16,TXN-00002547,102.83,2026-08-06 01:41:39.368897
2550,2548,UPI,Completed,2016-08-16,TXN-00002548,2.3,2026-08-06 01:41:39.368897
2551,2549,Credit Card,Completed,2016-08-18,TXN-00002549,1879.96,2026-08-06 01:41:39.368897
2552,2550,Net Banking,Completed,2016-08-20,TXN-00002550,313.02,2026-08-06 01:41:39.368897
2553,2551,Net Banking,Completed,2016-08-17,TXN-00002551,5.04,2026-08-06 01:41:39.368897
2554,2552,Wallet,Completed,2018-11-22,TXN-00002552,821.88,2026-08-06 01:41:39.368897
2555,2553,Cash,Completed,2018-11-19,TXN-00002553,21.96,2026-08-06 01:41:39.368897
2556,2554,UPI,Completed,2017-09-18,TXN-00002554,25.92,2026-08-06 01:41:39.368897
2557,2555,Wallet,Completed,2017-08-19,TXN-00002555,705.54,2026-08-06 01:41:39.368897
2558,2556,Cash,Completed,2016-09-26,TXN-00002556,50.0,2026-08-06 01:41:39.368897
2559,2557,Net Banking,Completed,2017-10-09,TXN-00002557,51.71,2026-08-06 01:41:39.368897
2560,2558,Net Banking,Completed,2016-03-24,TXN-00002558,6.99,2026-08-06 01:41:39.368897
2561,2559,Wallet,Completed,2016-06-04,TXN-00002559,1406.86,2026-08-06 01:41:39.368897
2562,2560,Credit Card,Completed,2016-05-31,TXN-00002560,15.75,2026-08-06 01:41:39.368897
2563,2561,Net Banking,Completed,2016-06-02,TXN-00002561,323.1,2026-08-06 01:41:39.368897
2564,2562,Wallet,Completed,2016-12-26,TXN-00002562,9.22,2026-08-06 01:41:39.368897
2565,2563,Debit Card,Completed,2016-12-28,TXN-00002563,10.37,2026-08-06 01:41:39.368897
2566,2564,Credit Card,Completed,2016-03-19,TXN-00002564,15.02,2026-08-06 01:41:39.368897
2567,2565,Cash,Pending,2016-03-19,TXN-00002565,33.82,2026-08-06 01:41:39.368897
2568,2566,Credit Card,Completed,2018-12-23,TXN-00002566,71.0,2026-08-06 01:41:39.368897
2569,2567,UPI,Completed,2018-11-01,TXN-00002567,25.12,2026-08-06 01:41:39.368897
2570,2568,Net Banking,Completed,2018-11-02,TXN-00002568,2665.62,2026-08-06 01:41:39.368897
2571,2569,UPI,Completed,2018-09-10,TXN-00002569,478.08,2026-08-06 01:41:39.368897
2572,2570,UPI,Completed,2018-12-29,TXN-00002570,164.39,2026-08-06 01:41:39.368897
2573,2571,UPI,Completed,2018-12-28,TXN-00002571,13.25,2026-08-06 01:41:39.368897
2574,2572,Net Banking,Completed,2018-07-16,TXN-00002572,2.91,2026-08-06 01:41:39.368897
2575,2573,Debit Card,Completed,2017-08-15,TXN-00002573,1399.94,2026-08-06 01:41:39.368897
2576,2574,UPI,Completed,2018-07-09,TXN-00002574,526.45,2026-08-06 01:41:39.368897
2577,2575,Net Banking,Completed,2015-11-22,TXN-00002575,16.23,2026-08-06 01:41:39.368897
2578,2576,Credit Card,Completed,2015-11-24,TXN-00002576,319.9,2026-08-06 01:41:39.368897
2579,2577,Wallet,Completed,2015-11-23,TXN-00002577,11.36,2026-08-06 01:41:39.368897
2580,2578,Cash,Completed,2015-11-25,TXN-00002578,675.12,2026-08-06 01:41:39.368897
2581,2579,Wallet,Completed,2015-01-29,TXN-00002579,62.82,2026-08-06 01:41:39.368897
2582,2580,Cash,Completed,2015-01-26,TXN-00002580,489.92,2026-08-06 01:41:39.368897
2583,2581,Net Banking,Pending,2015-01-29,TXN-00002581,19.44,2026-08-06 01:41:39.368897
2584,2582,Credit Card,Completed,2015-01-27,TXN-00002582,16.68,2026-08-06 01:41:39.368897
2585,2583,Credit Card,Completed,2015-01-30,TXN-00002583,155.35,2026-08-06 01:41:39.368897
2586,2584,Debit Card,Completed,2015-01-28,TXN-00002584,12.42,2026-08-06 01:41:39.368897
2587,2585,Credit Card,Completed,2015-01-28,TXN-00002585,187.98,2026-08-06 01:41:39.368897
2588,2586,Net Banking,Completed,2016-11-07,TXN-00002586,6.61,2026-08-06 01:41:39.368897
2589,2587,UPI,Completed,2018-07-04,TXN-00002587,248.57,2026-08-06 01:41:39.368897
2590,2588,Credit Card,Completed,2018-07-03,TXN-00002588,22.23,2026-08-06 01:41:39.368897
2591,2589,Net Banking,Completed,2017-05-08,TXN-00002589,5.98,2026-08-06 01:41:39.368897
2592,2590,Credit Card,Completed,2017-05-07,TXN-00002590,246.17,2026-08-06 01:41:39.368897
2593,2591,Cash,Completed,2017-09-10,TXN-00002591,14.14,2026-08-06 01:41:39.368897
2594,2592,UPI,Completed,2017-09-09,TXN-00002592,601.47,2026-08-06 01:41:39.368897
2595,2593,Cash,Completed,2018-11-28,TXN-00002593,79.1,2026-08-06 01:41:39.368897
2596,2594,Wallet,Completed,2018-11-24,TXN-00002594,327.84,2026-08-06 01:41:39.368897
2597,2595,UPI,Completed,2018-05-14,TXN-00002595,180.96,2026-08-06 01:41:39.368897
2598,2596,Cash,Completed,2018-05-16,TXN-00002596,914.97,2026-08-06 01:41:39.368897
2599,2597,Credit Card,Completed,2018-05-15,TXN-00002597,587.97,2026-08-06 01:41:39.368897
2600,2598,Debit Card,Pending,2018-05-15,TXN-00002598,530.34,2026-08-06 01:41:39.368897
2601,2599,UPI,Completed,2018-05-13,TXN-00002599,14.94,2026-08-06 01:41:39.368897
2602,2600,Net Banking,Completed,2018-04-25,TXN-00002600,121.94,2026-08-06 01:41:39.368897
2603,2601,Debit Card,Completed,2018-04-23,TXN-00002601,122.71,2026-08-06 01:41:39.368897
2604,2602,UPI,Completed,2017-06-08,TXN-00002602,14.94,2026-08-06 01:41:39.368897
2605,2603,Credit Card,Pending,2017-06-04,TXN-00002603,1349.85,2026-08-06 01:41:39.368897
2606,2604,Credit Card,Completed,2017-06-06,TXN-00002604,136.78,2026-08-06 01:41:39.368897
2607,2605,UPI,Completed,2017-06-05,TXN-00002605,61.12,2026-08-06 01:41:39.368897
2608,2606,Credit Card,Completed,2015-12-19,TXN-00002606,1.17,2026-08-06 01:41:39.368897
2609,2607,Cash,Completed,2017-03-06,TXN-00002607,16.99,2026-08-06 01:41:39.368897
2610,2608,Wallet,Completed,2015-11-25,TXN-00002608,24.67,2026-08-06 01:41:39.368897
2611,2609,Wallet,Completed,2015-11-27,TXN-00002609,2.52,2026-08-06 01:41:39.368897
2612,2610,Cash,Completed,2015-11-29,TXN-00002610,1218.74,2026-08-06 01:41:39.368897
2613,2611,UPI,Completed,2015-11-28,TXN-00002611,5.9,2026-08-06 01:41:39.368897
2614,2612,Debit Card,Completed,2015-11-29,TXN-00002612,15.7,2026-08-06 01:41:39.368897
2615,2613,Credit Card,Completed,2015-11-25,TXN-00002613,6.1,2026-08-06 01:41:39.368897
2616,2614,Net Banking,Completed,2017-04-28,TXN-00002614,41.57,2026-08-06 01:41:39.368897
2617,2615,Cash,Completed,2015-04-30,TXN-00002615,230.28,2026-08-06 01:41:39.368897
2618,2616,Cash,Completed,2015-04-26,TXN-00002616,18.29,2026-08-06 01:41:39.368897
2619,2617,Credit Card,Completed,2018-04-02,TXN-00002617,5.78,2026-08-06 01:41:39.368897
2620,2618,Net Banking,Completed,2018-04-04,TXN-00002618,121.68,2026-08-06 01:41:39.368897
2621,2619,Net Banking,Completed,2018-12-25,TXN-00002619,4.17,2026-08-06 01:41:39.368897
2622,2620,Cash,Completed,2018-12-23,TXN-00002620,67.04,2026-08-06 01:41:39.368897
2623,2621,Debit Card,Completed,2018-12-25,TXN-00002621,37.32,2026-08-06 01:41:39.368897
2624,2622,Cash,Completed,2018-12-24,TXN-00002622,18.45,2026-08-06 01:41:39.368897
2625,2623,Credit Card,Completed,2015-12-07,TXN-00002623,25.92,2026-08-06 01:41:39.368897
2626,2624,Credit Card,Completed,2018-10-23,TXN-00002624,11199.97,2026-08-06 01:41:39.368897
2627,2625,Credit Card,Completed,2018-10-22,TXN-00002625,2399.6,2026-08-06 01:41:39.368897
2628,2626,Net Banking,Completed,2018-10-23,TXN-00002626,63.9,2026-08-06 01:41:39.368897
2629,2627,Debit Card,Completed,2018-10-24,TXN-00002627,52.99,2026-08-06 01:41:39.368897
2630,2628,Debit Card,Completed,2018-11-17,TXN-00002628,60.86,2026-08-06 01:41:39.368897
2631,2629,Credit Card,Completed,2018-11-15,TXN-00002629,653.0,2026-08-06 01:41:39.368897
2632,2630,Net Banking,Completed,2018-11-14,TXN-00002630,11.22,2026-08-06 01:41:39.368897
2633,2631,Wallet,Completed,2016-09-14,TXN-00002631,14.94,2026-08-06 01:41:39.368897
2634,2632,Net Banking,Completed,2018-05-19,TXN-00002632,39.96,2026-08-06 01:41:39.368897
2635,2633,Wallet,Completed,2018-05-16,TXN-00002633,42.62,2026-08-06 01:41:39.368897
2636,2634,Credit Card,Completed,2018-05-15,TXN-00002634,220.96,2026-08-06 01:41:39.368897
2637,2635,Wallet,Completed,2016-07-05,TXN-00002635,4.93,2026-08-06 01:41:39.368897
2638,2636,Credit Card,Completed,2016-07-07,TXN-00002636,7.23,2026-08-06 01:41:39.368897
2639,2637,Cash,Completed,2016-08-17,TXN-00002637,323.1,2026-08-06 01:41:39.368897
2640,2638,Credit Card,Completed,2018-06-14,TXN-00002638,19.04,2026-08-06 01:41:39.368897
2641,2639,Debit Card,Completed,2018-06-16,TXN-00002639,13.13,2026-08-06 01:41:39.368897
2642,2640,Debit Card,Completed,2018-06-16,TXN-00002640,64.14,2026-08-06 01:41:39.368897
2643,2641,UPI,Completed,2018-06-12,TXN-00002641,858.24,2026-08-06 01:41:39.368897
2644,2642,Debit Card,Completed,2016-02-22,TXN-00002642,29.99,2026-08-06 01:41:39.368897
2645,2643,Net Banking,Completed,2017-12-30,TXN-00002643,186.05,2026-08-06 01:41:39.368897
2646,2644,Net Banking,Completed,2017-04-18,TXN-00002644,36.79,2026-08-06 01:41:39.368897
2647,2645,UPI,Completed,2017-04-17,TXN-00002645,18.62,2026-08-06 01:41:39.368897
2648,2646,Credit Card,Completed,2015-09-10,TXN-00002646,57.69,2026-08-06 01:41:39.368897
2649,2647,Wallet,Completed,2015-09-10,TXN-00002647,42.81,2026-08-06 01:41:39.368897
2650,2648,UPI,Completed,2015-09-09,TXN-00002648,12.96,2026-08-06 01:41:39.368897
2651,2649,Net Banking,Completed,2015-09-07,TXN-00002649,821.88,2026-08-06 01:41:39.368897
2652,2650,Net Banking,Completed,2015-09-10,TXN-00002650,104.85,2026-08-06 01:41:39.368897
2653,2651,Credit Card,Completed,2017-09-29,TXN-00002651,424.96,2026-08-06 01:41:39.368897
2654,2652,Wallet,Completed,2018-09-17,TXN-00002652,10.78,2026-08-06 01:41:39.368897
2655,2653,UPI,Completed,2018-09-19,TXN-00002653,11.78,2026-08-06 01:41:39.368897
2656,2654,Wallet,Completed,2018-09-19,TXN-00002654,164.88,2026-08-06 01:41:39.368897
2657,2655,Credit Card,Completed,2018-09-20,TXN-00002655,1292.94,2026-08-06 01:41:39.368897
2658,2656,Cash,Completed,2018-09-18,TXN-00002656,25.58,2026-08-06 01:41:39.368897
2659,2657,Debit Card,Completed,2018-09-21,TXN-00002657,261.74,2026-08-06 01:41:39.368897
2660,2658,Cash,Completed,2018-09-17,TXN-00002658,14.4,2026-08-06 01:41:39.368897
2661,2659,Wallet,Completed,2017-08-20,TXN-00002659,10.86,2026-08-06 01:41:39.368897
2662,2660,Net Banking,Completed,2016-12-28,TXN-00002660,883.84,2026-08-06 01:41:39.368897
2663,2661,UPI,Completed,2018-11-29,TXN-00002661,1979.89,2026-08-06 01:41:39.368897
2664,2662,Net Banking,Completed,2018-12-02,TXN-00002662,79.96,2026-08-06 01:41:39.368897
2665,2663,Net Banking,Completed,2018-04-17,TXN-00002663,8.76,2026-08-06 01:41:39.368897
2666,2664,Net Banking,Completed,2017-05-04,TXN-00002664,3.98,2026-08-06 01:41:39.368897
2667,2665,Debit Card,Completed,2017-05-01,TXN-00002665,370.62,2026-08-06 01:41:39.368897
2668,2666,Debit Card,Pending,2017-05-01,TXN-00002666,2.74,2026-08-06 01:41:39.368897
2669,2667,Net Banking,Completed,2017-10-01,TXN-00002667,79.51,2026-08-06 01:41:39.368897
2670,2668,Debit Card,Completed,2017-10-04,TXN-00002668,28.35,2026-08-06 01:41:39.368897
2671,2669,Credit Card,Completed,2016-08-29,TXN-00002669,40.78,2026-08-06 01:41:39.368897
2672,2670,Credit Card,Completed,2016-08-25,TXN-00002670,105.96,2026-08-06 01:41:39.368897
2673,2671,Net Banking,Completed,2015-09-11,TXN-00002671,166.44,2026-08-06 01:41:39.368897
2674,2672,UPI,Completed,2015-09-10,TXN-00002672,785.88,2026-08-06 01:41:39.368897
2675,2673,Cash,Completed,2015-09-09,TXN-00002673,26.2,2026-08-06 01:41:39.368897
2676,2674,Net Banking,Completed,2015-09-11,TXN-00002674,1325.85,2026-08-06 01:41:39.368897
2677,2675,Wallet,Completed,2018-12-06,TXN-00002675,166.44,2026-08-06 01:41:39.368897
2678,2676,UPI,Completed,2018-11-28,TXN-00002676,8.76,2026-08-06 01:41:39.368897
2679,2677,Wallet,Completed,2018-11-29,TXN-00002677,43.58,2026-08-06 01:41:39.368897
2680,2678,UPI,Completed,2015-06-22,TXN-00002678,11.09,2026-08-06 01:41:39.368897
2681,2679,Cash,Completed,2015-06-25,TXN-00002679,25.16,2026-08-06 01:41:39.368897
2682,2680,Wallet,Completed,2018-01-25,TXN-00002680,14.4,2026-08-06 01:41:39.368897
2683,2681,Credit Card,Completed,2018-01-24,TXN-00002681,619.95,2026-08-06 01:41:39.368897
2684,2682,Wallet,Completed,2018-01-23,TXN-00002682,89.52,2026-08-06 01:41:39.368897
2685,2683,UPI,Completed,2018-01-21,TXN-00002683,350.97,2026-08-06 01:41:39.368897
2686,2684,UPI,Completed,2018-01-21,TXN-00002684,164.99,2026-08-06 01:41:39.368897
2687,2685,Wallet,Completed,2018-07-01,TXN-00002685,312.55,2026-08-06 01:41:39.368897
2688,2686,Credit Card,Completed,2017-09-07,TXN-00002686,95.95,2026-08-06 01:41:39.368897
2689,2687,UPI,Completed,2017-09-09,TXN-00002687,3.2,2026-08-06 01:41:39.368897
2690,2688,Cash,Completed,2017-08-04,TXN-00002688,3.98,2026-08-06 01:41:39.368897
2691,2689,Net Banking,Completed,2016-11-12,TXN-00002689,15.7,2026-08-06 01:41:39.368897
2692,2690,Credit Card,Completed,2015-07-01,TXN-00002690,5.25,2026-08-06 01:41:39.368897
2693,2691,Credit Card,Completed,2018-12-04,TXN-00002691,5.35,2026-08-06 01:41:39.368897
2694,2692,Cash,Completed,2017-09-01,TXN-00002692,15.48,2026-08-06 01:41:39.368897
2695,2693,Debit Card,Completed,2017-08-31,TXN-00002693,108.58,2026-08-06 01:41:39.368897
2696,2694,Wallet,Completed,2017-01-24,TXN-00002694,109.9,2026-08-06 01:41:39.368897
2697,2695,Credit Card,Completed,2015-10-17,TXN-00002695,15.38,2026-08-06 01:41:39.368897
2698,2696,Wallet,Completed,2017-02-09,TXN-00002696,30.35,2026-08-06 01:41:39.368897
2699,2697,UPI,Completed,2015-03-21,TXN-00002697,821.3,2026-08-06 01:41:39.368897
2700,2698,Cash,Completed,2015-03-18,TXN-00002698,22638.48,2026-08-06 01:41:39.368897
2701,2699,UPI,Completed,2015-03-22,TXN-00002699,21.38,2026-08-06 01:41:39.368897
2702,2700,Wallet,Completed,2015-03-20,TXN-00002700,8.02,2026-08-06 01:41:39.368897
2703,2701,Debit Card,Completed,2015-03-22,TXN-00002701,30.77,2026-08-06 01:41:39.368897
2704,2702,Wallet,Completed,2015-03-19,TXN-00002702,18.94,2026-08-06 01:41:39.368897
2705,2703,Net Banking,Completed,2015-03-21,TXN-00002703,122.35,2026-08-06 01:41:39.368897
2706,2704,Debit Card,Completed,2015-05-28,TXN-00002704,116.28,2026-08-06 01:41:39.368897
2707,2705,Cash,Completed,2018-07-14,TXN-00002705,132.6,2026-08-06 01:41:39.368897
2708,2706,Credit Card,Pending,2018-06-18,TXN-00002706,16.68,2026-08-06 01:41:39.368897
2709,2707,Debit Card,Completed,2018-06-20,TXN-00002707,19.44,2026-08-06 01:41:39.368897
2710,2708,Net Banking,Completed,2018-06-18,TXN-00002708,192.16,2026-08-06 01:41:39.368897
2711,2709,Wallet,Completed,2016-01-30,TXN-00002709,227.36,2026-08-06 01:41:39.368897
2712,2710,Cash,Completed,2016-02-03,TXN-00002710,1919.98,2026-08-06 01:41:39.368897
2713,2711,Credit Card,Completed,2016-12-13,TXN-00002711,12.83,2026-08-06 01:41:39.368897
2714,2712,Net Banking,Completed,2018-10-12,TXN-00002712,45.89,2026-08-06 01:41:39.368897
2715,2713,Cash,Completed,2018-08-02,TXN-00002713,60.12,2026-08-06 01:41:39.368897
2716,2714,Cash,Completed,2015-04-25,TXN-00002714,302.38,2026-08-06 01:41:39.368897
2717,2715,Credit Card,Completed,2016-12-05,TXN-00002715,13.9,2026-08-06 01:41:39.368897
2718,2716,Debit Card,Completed,2015-12-05,TXN-00002716,129.98,2026-08-06 01:41:39.368897
2719,2717,UPI,Completed,2018-08-26,TXN-00002717,71.98,2026-08-06 01:41:39.368897
2720,2718,Net Banking,Completed,2015-09-10,TXN-00002718,377.97,2026-08-06 01:41:39.368897
2721,2719,Net Banking,Completed,2018-12-23,TXN-00002719,124.36,2026-08-06 01:41:39.368897
2722,2720,Net Banking,Completed,2015-12-08,TXN-00002720,23.98,2026-08-06 01:41:39.368897
2723,2721,Debit Card,Completed,2015-11-04,TXN-00002721,8.38,2026-08-06 01:41:39.368897
2724,2722,Credit Card,Completed,2015-11-08,TXN-00002722,58.24,2026-08-06 01:41:39.368897
2725,2723,UPI,Pending,2017-04-14,TXN-00002723,81.2,2026-08-06 01:41:39.368897
2726,2724,Net Banking,Completed,2015-10-05,TXN-00002724,14.45,2026-08-06 01:41:39.368897
2727,2725,Debit Card,Completed,2015-10-05,TXN-00002725,95.65,2026-08-06 01:41:39.368897
2728,2726,Debit Card,Completed,2018-11-09,TXN-00002726,359.97,2026-08-06 01:41:39.368897
2729,2727,Debit Card,Completed,2018-11-11,TXN-00002727,350.35,2026-08-06 01:41:39.368897
2730,2728,Debit Card,Completed,2018-12-23,TXN-00002728,1.64,2026-08-06 01:41:39.368897
2731,2729,Debit Card,Completed,2018-12-24,TXN-00002729,629.96,2026-08-06 01:41:39.368897
2732,2730,UPI,Completed,2018-02-17,TXN-00002730,6.63,2026-08-06 01:41:39.368897
2733,2731,Cash,Completed,2018-02-17,TXN-00002731,799.96,2026-08-06 01:41:39.368897
2734,2732,Credit Card,Completed,2018-02-17,TXN-00002732,107.53,2026-08-06 01:41:39.368897
2735,2733,UPI,Completed,2015-07-05,TXN-00002733,73.98,2026-08-06 01:41:39.368897
2736,2734,Debit Card,Completed,2015-07-02,TXN-00002734,5.58,2026-08-06 01:41:39.368897
2737,2735,Net Banking,Completed,2016-02-22,TXN-00002735,49.12,2026-08-06 01:41:39.368897
2738,2736,Credit Card,Completed,2016-11-14,TXN-00002736,377.97,2026-08-06 01:41:39.368897
2739,2737,Wallet,Completed,2016-11-17,TXN-00002737,42.28,2026-08-06 01:41:39.368897
2740,2738,Wallet,Completed,2016-11-15,TXN-00002738,299.97,2026-08-06 01:41:39.368897
2741,2739,Credit Card,Completed,2016-11-17,TXN-00002739,89.98,2026-08-06 01:41:39.368897
2742,2740,Cash,Completed,2018-04-17,TXN-00002740,477.24,2026-08-06 01:41:39.368897
2743,2741,Net Banking,Completed,2018-04-19,TXN-00002741,25.98,2026-08-06 01:41:39.368897
2744,2742,Credit Card,Pending,2017-02-27,TXN-00002742,46.72,2026-08-06 01:41:39.368897
2745,2743,Cash,Completed,2015-11-05,TXN-00002743,35.34,2026-08-06 01:41:39.368897
2746,2744,Credit Card,Completed,2016-06-20,TXN-00002744,257.64,2026-08-06 01:41:39.368897
2747,2745,Cash,Completed,2016-06-20,TXN-00002745,125.98,2026-08-06 01:41:39.368897
2748,2746,UPI,Completed,2018-08-09,TXN-00002746,79.99,2026-08-06 01:41:39.368897
2749,2747,Net Banking,Completed,2015-05-14,TXN-00002747,700.06,2026-08-06 01:41:39.368897
2750,2748,Net Banking,Pending,2016-11-23,TXN-00002748,27.17,2026-08-06 01:41:39.368897
2751,2749,UPI,Completed,2016-12-06,TXN-00002749,8.23,2026-08-06 01:41:39.368897
2752,2750,Wallet,Completed,2015-06-10,TXN-00002750,585.55,2026-08-06 01:41:39.368897
2753,2751,Wallet,Completed,2015-08-08,TXN-00002751,423.28,2026-08-06 01:41:39.368897
2754,2752,Cash,Completed,2015-05-26,TXN-00002752,225.3,2026-08-06 01:41:39.368897
2755,2753,Cash,Completed,2016-04-20,TXN-00002753,5.56,2026-08-06 01:41:39.368897
2756,2754,Net Banking,Completed,2016-04-18,TXN-00002754,323.37,2026-08-06 01:41:39.368897
2757,2755,Debit Card,Completed,2016-04-17,TXN-00002755,783.96,2026-08-06 01:41:39.368897
2758,2756,UPI,Completed,2016-04-21,TXN-00002756,1447.65,2026-08-06 01:41:39.368897
2759,2757,Credit Card,Pending,2016-04-19,TXN-00002757,11.96,2026-08-06 01:41:39.368897
2760,2758,Cash,Completed,2017-06-15,TXN-00002758,239.97,2026-08-06 01:41:39.368897
2761,2759,Wallet,Completed,2017-03-12,TXN-00002759,76.92,2026-08-06 01:41:39.368897
2762,2760,Wallet,Completed,2017-03-11,TXN-00002760,481.32,2026-08-06 01:41:39.368897
2763,2761,Net Banking,Completed,2015-05-30,TXN-00002761,48.4,2026-08-06 01:41:39.368897
2764,2762,UPI,Completed,2018-10-13,TXN-00002762,0.99,2026-08-06 01:41:39.368897
2765,2763,Debit Card,Completed,2018-10-14,TXN-00002763,101.84,2026-08-06 01:41:39.368897
2766,2764,Wallet,Completed,2018-06-22,TXN-00002764,10.33,2026-08-06 01:41:39.368897
2767,2765,UPI,Completed,2018-06-26,TXN-00002765,31.16,2026-08-06 01:41:39.368897
2768,2766,UPI,Completed,2018-06-24,TXN-00002766,8.93,2026-08-06 01:41:39.368897
2769,2767,Debit Card,Completed,2018-01-19,TXN-00002767,34.38,2026-08-06 01:41:39.368897
2770,2768,UPI,Completed,2018-01-16,TXN-00002768,1924.16,2026-08-06 01:41:39.368897
2771,2769,Credit Card,Completed,2016-04-03,TXN-00002769,32.19,2026-08-06 01:41:39.368897
2772,2770,UPI,Completed,2016-04-02,TXN-00002770,50.12,2026-08-06 01:41:39.368897
2773,2771,Credit Card,Completed,2016-04-04,TXN-00002771,47.98,2026-08-06 01:41:39.368897
2774,2772,Debit Card,Completed,2017-09-05,TXN-00002772,54.5,2026-08-06 01:41:39.368897
2775,2773,Wallet,Completed,2018-12-11,TXN-00002773,19.1,2026-08-06 01:41:39.368897
2776,2774,Wallet,Completed,2017-11-26,TXN-00002774,49.44,2026-08-06 01:41:39.368897
2777,2775,Wallet,Completed,2018-11-11,TXN-00002775,10.37,2026-08-06 01:41:39.368897
2778,2776,Net Banking,Pending,2017-10-25,TXN-00002776,154.44,2026-08-06 01:41:39.368897
2779,2777,UPI,Completed,2016-12-21,TXN-00002777,60.98,2026-08-06 01:41:39.368897
2780,2778,Cash,Completed,2016-07-20,TXN-00002778,195.47,2026-08-06 01:41:39.368897
2781,2779,Wallet,Completed,2018-05-02,TXN-00002779,23.68,2026-08-06 01:41:39.368897
2782,2780,Credit Card,Completed,2018-05-01,TXN-00002780,2.38,2026-08-06 01:41:39.368897
2783,2781,Wallet,Completed,2018-05-06,TXN-00002781,59.2,2026-08-06 01:41:39.368897
2784,2782,UPI,Completed,2018-11-20,TXN-00002782,22.0,2026-08-06 01:41:39.368897
2785,2783,Debit Card,Pending,2017-11-15,TXN-00002783,257.98,2026-08-06 01:41:39.368897
2786,2784,Cash,Completed,2017-11-06,TXN-00002784,23.99,2026-08-06 01:41:39.368897
2787,2785,Debit Card,Completed,2017-10-10,TXN-00002785,23.98,2026-08-06 01:41:39.368897
2788,2786,Credit Card,Completed,2016-09-24,TXN-00002786,601.54,2026-08-06 01:41:39.368897
2789,2787,Net Banking,Completed,2016-09-24,TXN-00002787,7.9,2026-08-06 01:41:39.368897
2790,2788,UPI,Completed,2015-12-03,TXN-00002788,58.36,2026-08-06 01:41:39.368897
2791,2789,Debit Card,Completed,2015-12-02,TXN-00002789,16.46,2026-08-06 01:41:39.368897
2792,2790,UPI,Completed,2015-12-02,TXN-00002790,39.96,2026-08-06 01:41:39.368897
2793,2791,Cash,Completed,2015-09-21,TXN-00002791,25.96,2026-08-06 01:41:39.368897
2794,2792,Net Banking,Completed,2015-09-22,TXN-00002792,36.27,2026-08-06 01:41:39.368897
2795,2793,Net Banking,Completed,2015-09-24,TXN-00002793,6.48,2026-08-06 01:41:39.368897
2796,2794,Debit Card,Completed,2015-04-13,TXN-00002794,1075.09,2026-08-06 01:41:39.368897
2797,2795,Debit Card,Completed,2015-04-12,TXN-00002795,438.37,2026-08-06 01:41:39.368897
2798,2796,Cash,Completed,2015-04-15,TXN-00002796,18.09,2026-08-06 01:41:39.368897
2799,2797,Cash,Completed,2015-04-16,TXN-00002797,308.5,2026-08-06 01:41:39.368897
2800,2798,Debit Card,Completed,2018-10-21,TXN-00002798,13.36,2026-08-06 01:41:39.368897
2801,2799,Wallet,Completed,2018-10-20,TXN-00002799,39.96,2026-08-06 01:41:39.368897
2802,2800,UPI,Completed,2018-10-24,TXN-00002800,145.85,2026-08-06 01:41:39.368897
2803,2801,Credit Card,Completed,2017-10-28,TXN-00002801,783.96,2026-08-06 01:41:39.368897
2804,2802,Debit Card,Completed,2016-11-01,TXN-00002802,7.88,2026-08-06 01:41:39.368897
2805,2803,Credit Card,Completed,2018-11-06,TXN-00002803,41.37,2026-08-06 01:41:39.368897
2806,2804,Net Banking,Completed,2016-05-16,TXN-00002804,12.84,2026-08-06 01:41:39.368897
2807,2805,Cash,Completed,2016-05-13,TXN-00002805,25.68,2026-08-06 01:41:39.368897
2808,2806,Wallet,Completed,2016-09-08,TXN-00002806,47.52,2026-08-06 01:41:39.368897
2809,2807,Cash,Completed,2016-07-26,TXN-00002807,9.42,2026-08-06 01:41:39.368897
2810,2808,Net Banking,Completed,2016-07-26,TXN-00002808,12.96,2026-08-06 01:41:39.368897
2811,2809,UPI,Completed,2016-07-28,TXN-00002809,704.9,2026-08-06 01:41:39.368897
2812,2810,Wallet,Completed,2016-07-26,TXN-00002810,561.57,2026-08-06 01:41:39.368897
2813,2811,Credit Card,Completed,2016-11-16,TXN-00002811,179.82,2026-08-06 01:41:39.368897
2814,2812,UPI,Completed,2016-11-20,TXN-00002812,185.58,2026-08-06 01:41:39.368897
2815,2813,Net Banking,Completed,2016-11-20,TXN-00002813,214.11,2026-08-06 01:41:39.368897
2816,2814,Cash,Completed,2016-11-16,TXN-00002814,999.96,2026-08-06 01:41:39.368897
2817,2815,Wallet,Completed,2016-11-18,TXN-00002815,653.55,2026-08-06 01:41:39.368897
2818,2816,Debit Card,Completed,2016-09-04,TXN-00002816,114.6,2026-08-06 01:41:39.368897
2819,2817,Net Banking,Completed,2016-09-02,TXN-00002817,60.74,2026-08-06 01:41:39.368897
2820,2818,Cash,Completed,2016-09-01,TXN-00002818,124.36,2026-08-06 01:41:39.368897
2821,2819,Net Banking,Completed,2016-09-05,TXN-00002819,1088.76,2026-08-06 01:41:39.368897
2822,2820,Wallet,Completed,2017-05-06,TXN-00002820,6.72,2026-08-06 01:41:39.368897
2823,2821,Net Banking,Completed,2017-05-07,TXN-00002821,298.78,2026-08-06 01:41:39.368897
2824,2822,Cash,Completed,2018-01-03,TXN-00002822,302.38,2026-08-06 01:41:39.368897
2825,2823,Debit Card,Completed,2018-09-19,TXN-00002823,8.93,2026-08-06 01:41:39.368897
2826,2824,Cash,Completed,2018-09-18,TXN-00002824,47.58,2026-08-06 01:41:39.368897
2827,2825,Credit Card,Completed,2015-09-26,TXN-00002825,33.79,2026-08-06 01:41:39.368897
2828,2826,Wallet,Completed,2015-09-29,TXN-00002826,300.53,2026-08-06 01:41:39.368897
2829,2827,Cash,Completed,2015-09-25,TXN-00002827,2.72,2026-08-06 01:41:39.368897
2830,2828,Net Banking,Completed,2015-09-27,TXN-00002828,3.26,2026-08-06 01:41:39.368897
2831,2829,Wallet,Completed,2017-04-24,TXN-00002829,108.34,2026-08-06 01:41:39.368897
2832,2830,Debit Card,Completed,2017-04-25,TXN-00002830,55.92,2026-08-06 01:41:39.368897
2833,2831,Cash,Completed,2017-04-26,TXN-00002831,78.3,2026-08-06 01:41:39.368897
2834,2832,Credit Card,Completed,2015-11-01,TXN-00002832,443.92,2026-08-06 01:41:39.368897
2835,2833,Net Banking,Completed,2015-11-01,TXN-00002833,155.98,2026-08-06 01:41:39.368897
2836,2834,Net Banking,Completed,2018-01-27,TXN-00002834,15.47,2026-08-06 01:41:39.368897
2837,2835,Wallet,Completed,2018-01-30,TXN-00002835,7.16,2026-08-06 01:41:39.368897
2838,2836,Net Banking,Completed,2018-11-11,TXN-00002836,10.89,2026-08-06 01:41:39.368897
2839,2837,Wallet,Completed,2018-11-15,TXN-00002837,19.44,2026-08-06 01:41:39.368897
2840,2838,Credit Card,Completed,2018-11-13,TXN-00002838,121.6,2026-08-06 01:41:39.368897
2841,2839,Net Banking,Completed,2017-06-13,TXN-00002839,695.7,2026-08-06 01:41:39.368897
2842,2840,Cash,Completed,2016-09-05,TXN-00002840,120.33,2026-08-06 01:41:39.368897
2843,2841,Debit Card,Completed,2015-03-15,TXN-00002841,1139.92,2026-08-06 01:41:39.368897
2844,2842,Debit Card,Completed,2018-09-04,TXN-00002842,229.54,2026-08-06 01:41:39.368897
2845,2843,Debit Card,Completed,2018-03-24,TXN-00002843,143.73,2026-08-06 01:41:39.368897
2846,2844,Debit Card,Completed,2018-05-22,TXN-00002844,36.05,2026-08-06 01:41:39.368897
2847,2845,UPI,Completed,2017-12-31,TXN-00002845,845.49,2026-08-06 01:41:39.368897
2848,2846,UPI,Pending,2018-11-17,TXN-00002846,50.94,2026-08-06 01:41:39.368897
2849,2847,Credit Card,Completed,2018-09-12,TXN-00002847,762.59,2026-08-06 01:41:39.368897
2850,2848,Wallet,Completed,2018-04-12,TXN-00002848,56.28,2026-08-06 01:41:39.368897
2851,2849,Credit Card,Completed,2018-04-08,TXN-00002849,2690.97,2026-08-06 01:41:39.368897
2852,2850,Credit Card,Completed,2017-11-30,TXN-00002850,7.43,2026-08-06 01:41:39.368897
2853,2851,Wallet,Completed,2017-06-05,TXN-00002851,64.78,2026-08-06 01:41:39.368897
2854,2852,Credit Card,Completed,2018-12-17,TXN-00002852,28.16,2026-08-06 01:41:39.368897
2855,2853,UPI,Completed,2017-03-19,TXN-00002853,14.98,2026-08-06 01:41:39.368897
2856,2854,Cash,Completed,2017-03-23,TXN-00002854,20.32,2026-08-06 01:41:39.368897
2857,2855,Net Banking,Completed,2018-08-21,TXN-00002855,40.29,2026-08-06 01:41:39.368897
2858,2856,Net Banking,Completed,2018-07-29,TXN-00002856,20.23,2026-08-06 01:41:39.368897
2859,2857,Wallet,Completed,2017-08-26,TXN-00002857,1603.14,2026-08-06 01:41:39.368897
2860,2858,Credit Card,Completed,2017-08-15,TXN-00002858,225.3,2026-08-06 01:41:39.368897
2861,2859,Cash,Completed,2018-05-21,TXN-00002859,67.8,2026-08-06 01:41:39.368897
2862,2860,Cash,Completed,2018-05-19,TXN-00002860,377.97,2026-08-06 01:41:39.368897
2863,2861,Wallet,Completed,2018-05-22,TXN-00002861,1628.82,2026-08-06 01:41:39.368897
2864,2862,Net Banking,Completed,2018-05-23,TXN-00002862,286.93,2026-08-06 01:41:39.368897
2865,2863,Debit Card,Completed,2018-08-15,TXN-00002863,20.74,2026-08-06 01:41:39.368897
2866,2864,UPI,Completed,2018-08-16,TXN-00002864,31.44,2026-08-06 01:41:39.368897
2867,2865,Wallet,Completed,2018-08-14,TXN-00002865,83.79,2026-08-06 01:41:39.368897
2868,2866,Debit Card,Completed,2018-08-14,TXN-00002866,59.52,2026-08-06 01:41:39.368897
2869,2867,Credit Card,Completed,2018-08-16,TXN-00002867,31.92,2026-08-06 01:41:39.368897
2870,2868,Wallet,Completed,2017-11-10,TXN-00002868,14.72,2026-08-06 01:41:39.368897
2871,2869,Debit Card,Completed,2017-11-14,TXN-00002869,38.98,2026-08-06 01:41:39.368897
2872,2870,Cash,Completed,2018-06-16,TXN-00002870,17.09,2026-08-06 01:41:39.368897
2873,2871,UPI,Completed,2015-03-23,TXN-00002871,74.35,2026-08-06 01:41:39.368897
2874,2872,UPI,Completed,2015-03-25,TXN-00002872,314.35,2026-08-06 01:41:39.368897
2875,2873,Wallet,Completed,2018-06-16,TXN-00002873,4.26,2026-08-06 01:41:39.368897
2876,2874,Net Banking,Completed,2018-11-20,TXN-00002874,811.28,2026-08-06 01:41:39.368897
2877,2875,Credit Card,Completed,2019-01-01,TXN-00002875,6.03,2026-08-06 01:41:39.368897
2878,2876,Cash,Completed,2017-01-25,TXN-00002876,153.57,2026-08-06 01:41:39.368897
2879,2877,Cash,Completed,2017-01-23,TXN-00002877,1013.49,2026-08-06 01:41:39.368897
2880,2878,Cash,Completed,2017-01-17,TXN-00002878,52.34,2026-08-06 01:41:39.368897
2881,2879,Credit Card,Completed,2017-01-18,TXN-00002879,4.66,2026-08-06 01:41:39.368897
2882,2880,Credit Card,Completed,2017-01-18,TXN-00002880,254.97,2026-08-06 01:41:39.368897
2883,2881,Credit Card,Completed,2017-09-21,TXN-00002881,25.44,2026-08-06 01:41:39.368897
2884,2882,Cash,Completed,2017-09-21,TXN-00002882,27.93,2026-08-06 01:41:39.368897
2885,2883,Wallet,Completed,2015-02-24,TXN-00002883,8.85,2026-08-06 01:41:39.368897
2886,2884,Cash,Completed,2017-11-15,TXN-00002884,6.96,2026-08-06 01:41:39.368897
2887,2885,Cash,Completed,2017-02-03,TXN-00002885,17.46,2026-08-06 01:41:39.368897
2888,2886,Wallet,Completed,2017-10-22,TXN-00002886,307.92,2026-08-06 01:41:39.368897
2889,2887,Cash,Completed,2018-12-22,TXN-00002887,6.63,2026-08-06 01:41:39.368897
2890,2888,Cash,Completed,2018-12-21,TXN-00002888,12.96,2026-08-06 01:41:39.368897
2891,2889,Credit Card,Completed,2018-12-18,TXN-00002889,32.4,2026-08-06 01:41:39.368897
2892,2890,Debit Card,Completed,2018-11-02,TXN-00002890,23.85,2026-08-06 01:41:39.368897
2893,2891,Debit Card,Completed,2015-05-03,TXN-00002891,51.96,2026-08-06 01:41:39.368897
2894,2892,Debit Card,Completed,2015-05-01,TXN-00002892,17.94,2026-08-06 01:41:39.368897
2895,2893,Cash,Completed,2018-10-27,TXN-00002893,11.56,2026-08-06 01:41:39.368897
2896,2894,UPI,Completed,2018-10-23,TXN-00002894,26.4,2026-08-06 01:41:39.368897
2897,2895,Cash,Completed,2018-10-25,TXN-00002895,69.08,2026-08-06 01:41:39.368897
2898,2896,Wallet,Completed,2018-10-27,TXN-00002896,35.88,2026-08-06 01:41:39.368897
2899,2897,Wallet,Completed,2015-03-30,TXN-00002897,49.65,2026-08-06 01:41:39.368897
2900,2898,Credit Card,Completed,2017-01-06,TXN-00002898,959.97,2026-08-06 01:41:39.368897
2901,2899,Debit Card,Completed,2016-04-27,TXN-00002899,408.42,2026-08-06 01:41:39.368897
2902,2900,UPI,Completed,2016-09-16,TXN-00002900,479.98,2026-08-06 01:41:39.368897
2903,2901,Debit Card,Completed,2016-09-13,TXN-00002901,12.6,2026-08-06 01:41:39.368897
2904,2902,Credit Card,Completed,2018-09-11,TXN-00002902,184.66,2026-08-06 01:41:39.368897
2905,2903,Cash,Completed,2017-06-15,TXN-00002903,23.12,2026-08-06 01:41:39.368897
2906,2904,Cash,Completed,2017-06-29,TXN-00002904,37.46,2026-08-06 01:41:39.368897
2907,2905,Wallet,Completed,2017-06-30,TXN-00002905,539.66,2026-08-06 01:41:39.368897
2908,2906,Net Banking,Completed,2015-09-29,TXN-00002906,310.12,2026-08-06 01:41:39.368897
2909,2907,Cash,Completed,2018-11-04,TXN-00002907,8.56,2026-08-06 01:41:39.368897
2910,2908,Credit Card,Completed,2018-11-05,TXN-00002908,52.4,2026-08-06 01:41:39.368897
2911,2909,Credit Card,Completed,2018-11-04,TXN-00002909,14.94,2026-08-06 01:41:39.368897
2912,2910,Debit Card,Completed,2018-02-23,TXN-00002910,11.22,2026-08-06 01:41:39.368897
2913,2911,UPI,Completed,2016-11-09,TXN-00002911,387.14,2026-08-06 01:41:39.368897
2914,2912,Debit Card,Pending,2015-06-16,TXN-00002912,41.4,2026-08-06 01:41:39.368897
2915,2913,Debit Card,Completed,2015-06-18,TXN-00002913,35.0,2026-08-06 01:41:39.368897
2916,2914,Credit Card,Completed,2015-06-20,TXN-00002914,39.55,2026-08-06 01:41:39.368897
2917,2915,Cash,Completed,2016-10-13,TXN-00002915,135.72,2026-08-06 01:41:39.368897
2918,2916,Credit Card,Completed,2016-10-15,TXN-00002916,12.56,2026-08-06 01:41:39.368897
2919,2917,Cash,Completed,2016-10-12,TXN-00002917,263.96,2026-08-06 01:41:39.368897
2920,2918,Cash,Completed,2018-08-31,TXN-00002918,5.95,2026-08-06 01:41:39.368897
2921,2919,Debit Card,Completed,2017-11-27,TXN-00002919,15.8,2026-08-06 01:41:39.368897
2922,2920,Wallet,Completed,2017-11-27,TXN-00002920,14.37,2026-08-06 01:41:39.368897
2923,2921,Wallet,Completed,2017-11-25,TXN-00002921,70.45,2026-08-06 01:41:39.368897
2924,2922,Net Banking,Completed,2018-02-03,TXN-00002922,129.3,2026-08-06 01:41:39.368897
2925,2923,Credit Card,Completed,2016-12-04,TXN-00002923,3.88,2026-08-06 01:41:39.368897
2926,2924,Credit Card,Completed,2015-06-30,TXN-00002924,6.08,2026-08-06 01:41:39.368897
2927,2925,Debit Card,Completed,2015-09-05,TXN-00002925,19.9,2026-08-06 01:41:39.368897
2928,2926,Debit Card,Completed,2015-09-06,TXN-00002926,70.71,2026-08-06 01:41:39.368897
2929,2927,Wallet,Completed,2018-07-14,TXN-00002927,18.84,2026-08-06 01:41:39.368897
2930,2928,Wallet,Completed,2018-06-05,TXN-00002928,8.64,2026-08-06 01:41:39.368897
2931,2929,UPI,Completed,2018-10-20,TXN-00002929,1633.19,2026-08-06 01:41:39.368897
2932,2930,Debit Card,Completed,2018-11-18,TXN-00002930,19.76,2026-08-06 01:41:39.368897
2933,2931,UPI,Completed,2016-08-08,TXN-00002931,6.61,2026-08-06 01:41:39.368897
2934,2932,Debit Card,Completed,2016-08-10,TXN-00002932,7.28,2026-08-06 01:41:39.368897
2935,2933,Wallet,Completed,2016-08-10,TXN-00002933,144.78,2026-08-06 01:41:39.368897
2936,2934,Wallet,Completed,2017-12-09,TXN-00002934,156.79,2026-08-06 01:41:39.368897
2937,2935,Cash,Completed,2017-12-09,TXN-00002935,431.98,2026-08-06 01:41:39.368897
2938,2936,Cash,Completed,2017-12-08,TXN-00002936,35.89,2026-08-06 01:41:39.368897
2939,2937,Wallet,Completed,2017-12-06,TXN-00002937,47.21,2026-08-06 01:41:39.368897
2940,2938,Credit Card,Completed,2017-12-07,TXN-00002938,248.08,2026-08-06 01:41:39.368897
2941,2939,Net Banking,Completed,2017-12-08,TXN-00002939,189.7,2026-08-06 01:41:39.368897
2942,2940,UPI,Completed,2017-12-06,TXN-00002940,59.81,2026-08-06 01:41:39.368897
2943,2941,Wallet,Pending,2018-03-28,TXN-00002941,90.99,2026-08-06 01:41:39.368897
2944,2942,Wallet,Completed,2018-03-27,TXN-00002942,1526.56,2026-08-06 01:41:39.368897
2945,2943,Cash,Completed,2018-03-27,TXN-00002943,368.97,2026-08-06 01:41:39.368897
2946,2944,Wallet,Completed,2018-11-21,TXN-00002944,305.01,2026-08-06 01:41:39.368897
2947,2945,Debit Card,Completed,2018-11-23,TXN-00002945,18.7,2026-08-06 01:41:39.368897
2948,2946,Cash,Completed,2017-11-06,TXN-00002946,38.29,2026-08-06 01:41:39.368897
2949,2947,Wallet,Completed,2018-12-18,TXN-00002947,26.25,2026-08-06 01:41:39.368897
2950,2948,Credit Card,Completed,2018-12-17,TXN-00002948,64.96,2026-08-06 01:41:39.368897
2951,2949,Credit Card,Completed,2018-12-14,TXN-00002949,43.7,2026-08-06 01:41:39.368897
2952,2950,Debit Card,Completed,2018-11-16,TXN-00002950,41.6,2026-08-06 01:41:39.368897
2953,2951,UPI,Completed,2018-11-12,TXN-00002951,23.12,2026-08-06 01:41:39.368897
2954,2952,Wallet,Completed,2018-11-12,TXN-00002952,113.89,2026-08-06 01:41:39.368897
2955,2953,UPI,Completed,2018-11-15,TXN-00002953,113.57,2026-08-06 01:41:39.368897
2956,2954,Cash,Completed,2018-11-15,TXN-00002954,7.92,2026-08-06 01:41:39.368897
2957,2955,Credit Card,Completed,2018-11-13,TXN-00002955,671.98,2026-08-06 01:41:39.368897
2958,2956,Net Banking,Completed,2017-08-21,TXN-00002956,39.99,2026-08-06 01:41:39.368897
2959,2957,Cash,Completed,2018-06-30,TXN-00002957,191.65,2026-08-06 01:41:39.368897
2960,2958,UPI,Completed,2018-05-06,TXN-00002958,2.31,2026-08-06 01:41:39.368897
2961,2959,Wallet,Completed,2016-12-26,TXN-00002959,19.94,2026-08-06 01:41:39.368897
2962,2960,Debit Card,Completed,2016-12-26,TXN-00002960,45.92,2026-08-06 01:41:39.368897
2963,2961,Cash,Pending,2018-04-30,TXN-00002961,20.34,2026-08-06 01:41:39.368897
2964,2962,Credit Card,Completed,2018-04-30,TXN-00002962,39.28,2026-08-06 01:41:39.368897
2965,2963,Cash,Completed,2018-12-16,TXN-00002963,81.57,2026-08-06 01:41:39.368897
2966,2964,Cash,Completed,2018-12-20,TXN-00002964,97.18,2026-08-06 01:41:39.368897
2967,2965,Credit Card,Completed,2018-12-16,TXN-00002965,24.32,2026-08-06 01:41:39.368897
2968,2966,Debit Card,Completed,2018-12-19,TXN-00002966,18.96,2026-08-06 01:41:39.368897
2969,2967,Credit Card,Completed,2015-12-30,TXN-00002967,32.95,2026-08-06 01:41:39.368897
2970,2968,Cash,Completed,2015-12-31,TXN-00002968,30.02,2026-08-06 01:41:39.368897
2971,2969,Credit Card,Completed,2018-11-09,TXN-00002969,499.58,2026-08-06 01:41:39.368897
2972,2970,Credit Card,Completed,2018-11-07,TXN-00002970,31.1,2026-08-06 01:41:39.368897
2973,2971,Cash,Completed,2018-11-09,TXN-00002971,13.27,2026-08-06 01:41:39.368897
2974,2972,Debit Card,Completed,2018-11-09,TXN-00002972,28.27,2026-08-06 01:41:39.368897
2975,2973,Debit Card,Completed,2018-11-07,TXN-00002973,259.14,2026-08-06 01:41:39.368897
2976,2974,Debit Card,Completed,2018-12-19,TXN-00002974,10.8,2026-08-06 01:41:39.368897
2977,2975,Wallet,Completed,2016-05-10,TXN-00002975,244.01,2026-08-06 01:41:39.368897
2978,2976,Debit Card,Completed,2016-05-08,TXN-00002976,15.94,2026-08-06 01:41:39.368897
2979,2977,Credit Card,Completed,2018-12-06,TXN-00002977,188.55,2026-08-06 01:41:39.368897
2980,2978,Wallet,Completed,2018-10-04,TXN-00002978,22.58,2026-08-06 01:41:39.368897
2981,2979,UPI,Completed,2015-01-15,TXN-00002979,545.94,2026-08-06 01:41:39.368897
2982,2980,Net Banking,Completed,2016-06-15,TXN-00002980,20.74,2026-08-06 01:41:39.368897
2983,2981,Cash,Completed,2016-06-13,TXN-00002981,43.3,2026-08-06 01:41:39.368897
2984,2982,Cash,Completed,2015-07-13,TXN-00002982,123.14,2026-08-06 01:41:39.368897
2985,2983,Credit Card,Completed,2015-07-12,TXN-00002983,11.26,2026-08-06 01:41:39.368897
2986,2984,UPI,Completed,2015-12-06,TXN-00002984,53.42,2026-08-06 01:41:39.368897
2987,2985,UPI,Completed,2015-12-08,TXN-00002985,275.49,2026-08-06 01:41:39.368897
2988,2986,Net Banking,Completed,2017-05-26,TXN-00002986,24.96,2026-08-06 01:41:39.368897
2989,2987,Credit Card,Completed,2017-05-27,TXN-00002987,19.36,2026-08-06 01:41:39.368897
2990,2988,Credit Card,Completed,2017-05-26,TXN-00002988,1267.65,2026-08-06 01:41:39.368897
2991,2989,Wallet,Completed,2017-02-23,TXN-00002989,12.99,2026-08-06 01:41:39.368897
2992,2990,Credit Card,Completed,2017-02-21,TXN-00002990,18.56,2026-08-06 01:41:39.368897
2993,2991,Wallet,Completed,2017-02-25,TXN-00002991,449.15,2026-08-06 01:41:39.368897
2994,2992,Wallet,Completed,2017-02-24,TXN-00002992,31.25,2026-08-06 01:41:39.368897
2995,2993,Credit Card,Completed,2017-10-06,TXN-00002993,61.44,2026-08-06 01:41:39.368897
2996,2994,Cash,Completed,2018-03-13,TXN-00002994,895.92,2026-08-06 01:41:39.368897
2997,2995,Wallet,Completed,2017-09-12,TXN-00002995,55.36,2026-08-06 01:41:39.368897
2998,2996,Cash,Completed,2015-07-17,TXN-00002996,55.92,2026-08-06 01:41:39.368897
2999,2997,Debit Card,Completed,2015-06-24,TXN-00002997,24.9,2026-08-06 01:41:39.368897
3000,2998,Debit Card,Completed,2015-06-24,TXN-00002998,3.98,2026-08-06 01:41:39.368897
3001,2999,Wallet,Completed,2015-06-22,TXN-00002999,95.97,2026-08-06 01:41:39.368897
3002,3000,Debit Card,Completed,2015-06-25,TXN-00003000,206.99,2026-08-06 01:41:39.368897
3003,3001,Credit Card,Completed,2015-06-24,TXN-00003001,44.42,2026-08-06 01:41:39.368897
3004,3002,Credit Card,Completed,2015-06-25,TXN-00003002,9.01,2026-08-06 01:41:39.368897
3005,3003,Net Banking,Completed,2016-07-09,TXN-00003003,19.0,2026-08-06 01:41:39.368897
3006,3004,UPI,Completed,2018-12-17,TXN-00003004,33.38,2026-08-06 01:41:39.368897
3007,3005,UPI,Completed,2017-09-08,TXN-00003005,207.48,2026-08-06 01:41:39.368897
3008,3006,Net Banking,Completed,2015-05-17,TXN-00003006,91.68,2026-08-06 01:41:39.368897
3009,3007,Cash,Completed,2018-10-13,TXN-00003007,904.9,2026-08-06 01:41:39.368897
3010,3008,Credit Card,Completed,2015-10-24,TXN-00003008,34.27,2026-08-06 01:41:39.368897
3011,3009,Cash,Completed,2017-12-09,TXN-00003009,191.82,2026-08-06 01:41:39.368897
3012,3010,Wallet,Completed,2017-07-28,TXN-00003010,243.88,2026-08-06 01:41:39.368897
3013,3011,Wallet,Completed,2018-04-20,TXN-00003011,12.03,2026-08-06 01:41:39.368897
3014,3012,Wallet,Completed,2018-04-21,TXN-00003012,2549.99,2026-08-06 01:41:39.368897
3015,3013,Debit Card,Completed,2018-04-19,TXN-00003013,21.59,2026-08-06 01:41:39.368897
3016,3014,Cash,Completed,2018-04-20,TXN-00003014,8.96,2026-08-06 01:41:39.368897
3017,3015,UPI,Completed,2018-04-20,TXN-00003015,20.74,2026-08-06 01:41:39.368897
3018,3016,Net Banking,Completed,2016-09-21,TXN-00003016,344.22,2026-08-06 01:41:39.368897
3019,3017,Debit Card,Completed,2017-08-26,TXN-00003017,727.3,2026-08-06 01:41:39.368897
3020,3018,Wallet,Completed,2017-08-26,TXN-00003018,22.61,2026-08-06 01:41:39.368897
3021,3019,Net Banking,Completed,2017-08-25,TXN-00003019,666.4,2026-08-06 01:41:39.368897
3022,3020,Cash,Completed,2016-11-12,TXN-00003020,5.04,2026-08-06 01:41:39.368897
3023,3021,Credit Card,Completed,2016-11-09,TXN-00003021,92.94,2026-08-06 01:41:39.368897
3024,3022,Wallet,Completed,2016-11-12,TXN-00003022,66.69,2026-08-06 01:41:39.368897
3025,3023,Cash,Completed,2016-11-09,TXN-00003023,91.68,2026-08-06 01:41:39.368897
3026,3024,Credit Card,Completed,2018-11-21,TXN-00003024,327.73,2026-08-06 01:41:39.368897
3027,3025,UPI,Completed,2016-11-12,TXN-00003025,52.27,2026-08-06 01:41:39.368897
3028,3026,Wallet,Completed,2016-11-08,TXN-00003026,17.94,2026-08-06 01:41:39.368897
3029,3027,Net Banking,Completed,2018-04-23,TXN-00003027,254.35,2026-08-06 01:41:39.368897
3030,3028,Cash,Completed,2015-08-24,TXN-00003028,8.29,2026-08-06 01:41:39.368897
3031,3029,Net Banking,Completed,2018-12-21,TXN-00003029,504.9,2026-08-06 01:41:39.368897
3032,3030,Credit Card,Completed,2017-03-25,TXN-00003030,403.17,2026-08-06 01:41:39.368897
3033,3031,Net Banking,Completed,2016-09-24,TXN-00003031,194.32,2026-08-06 01:41:39.368897
3034,3032,Wallet,Completed,2016-09-25,TXN-00003032,25.99,2026-08-06 01:41:39.368897
3035,3033,Debit Card,Pending,2017-11-22,TXN-00003033,195.14,2026-08-06 01:41:39.368897
3036,3034,Debit Card,Completed,2018-09-16,TXN-00003034,20.74,2026-08-06 01:41:39.368897
3037,3035,Net Banking,Completed,2016-06-14,TXN-00003035,53.7,2026-08-06 01:41:39.368897
3038,3036,Net Banking,Completed,2016-06-14,TXN-00003036,36.26,2026-08-06 01:41:39.368897
3039,3037,Credit Card,Completed,2016-06-13,TXN-00003037,56.3,2026-08-06 01:41:39.368897
3040,3038,Credit Card,Pending,2016-06-12,TXN-00003038,32.4,2026-08-06 01:41:39.368897
3041,3039,Debit Card,Completed,2016-06-11,TXN-00003039,29.16,2026-08-06 01:41:39.368897
3042,3040,Wallet,Completed,2018-10-05,TXN-00003040,171.29,2026-08-06 01:41:39.368897
3043,3041,Credit Card,Completed,2017-05-08,TXN-00003041,16.72,2026-08-06 01:41:39.368897
3044,3042,Net Banking,Completed,2018-09-15,TXN-00003042,12.96,2026-08-06 01:41:39.368897
3045,3043,Debit Card,Completed,2018-09-12,TXN-00003043,22.18,2026-08-06 01:41:39.368897
3046,3044,Cash,Completed,2018-09-15,TXN-00003044,2054.27,2026-08-06 01:41:39.368897
3047,3045,Net Banking,Completed,2016-05-02,TXN-00003045,1022.97,2026-08-06 01:41:39.368897
3048,3046,Cash,Completed,2018-11-10,TXN-00003046,13.9,2026-08-06 01:41:39.368897
3049,3047,Net Banking,Completed,2018-11-07,TXN-00003047,26.38,2026-08-06 01:41:39.368897
3050,3048,Net Banking,Completed,2015-10-03,TXN-00003048,43.18,2026-08-06 01:41:39.368897
3051,3049,Net Banking,Completed,2018-04-03,TXN-00003049,411.8,2026-08-06 01:41:39.368897
3052,3050,UPI,Completed,2018-04-03,TXN-00003050,360.0,2026-08-06 01:41:39.368897
3053,3051,Net Banking,Completed,2018-10-10,TXN-00003051,41.96,2026-08-06 01:41:39.368897
3054,3052,Wallet,Completed,2018-10-07,TXN-00003052,227.84,2026-08-06 01:41:39.368897
3055,3053,Cash,Completed,2018-10-10,TXN-00003053,37.94,2026-08-06 01:41:39.368897
3056,3054,Cash,Completed,2017-04-12,TXN-00003054,517.9,2026-08-06 01:41:39.368897
3057,3055,Wallet,Completed,2017-04-13,TXN-00003055,5.28,2026-08-06 01:41:39.368897
3058,3056,Net Banking,Completed,2016-08-31,TXN-00003056,2799.96,2026-08-06 01:41:39.368897
3059,3057,Debit Card,Completed,2018-10-20,TXN-00003057,8.96,2026-08-06 01:41:39.368897
3060,3058,Net Banking,Completed,2018-10-20,TXN-00003058,31.5,2026-08-06 01:41:39.368897
3061,3059,Debit Card,Completed,2018-10-23,TXN-00003059,30.56,2026-08-06 01:41:39.368897
3062,3060,Debit Card,Completed,2018-10-19,TXN-00003060,24.37,2026-08-06 01:41:39.368897
3063,3061,UPI,Completed,2017-11-07,TXN-00003061,119.98,2026-08-06 01:41:39.368897
3064,3062,Cash,Completed,2018-03-05,TXN-00003062,26.88,2026-08-06 01:41:39.368897
3065,3063,UPI,Completed,2016-11-28,TXN-00003063,83.97,2026-08-06 01:41:39.368897
3066,3064,Net Banking,Completed,2016-11-29,TXN-00003064,104.97,2026-08-06 01:41:39.368897
3067,3065,Debit Card,Completed,2018-03-15,TXN-00003065,90.8,2026-08-06 01:41:39.368897
3068,3066,UPI,Completed,2018-03-13,TXN-00003066,140.74,2026-08-06 01:41:39.368897
3069,3067,Wallet,Pending,2018-03-13,TXN-00003067,214.95,2026-08-06 01:41:39.368897
3070,3068,Net Banking,Completed,2018-03-14,TXN-00003068,45.36,2026-08-06 01:41:39.368897
3071,3069,Credit Card,Completed,2018-03-13,TXN-00003069,288.24,2026-08-06 01:41:39.368897
3072,3070,Wallet,Completed,2018-12-02,TXN-00003070,663.94,2026-08-06 01:41:39.368897
3073,3071,Net Banking,Completed,2015-11-17,TXN-00003071,2934.33,2026-08-06 01:41:39.368897
3074,3072,Net Banking,Completed,2015-11-20,TXN-00003072,124.41,2026-08-06 01:41:39.368897
3075,3073,Cash,Pending,2015-11-20,TXN-00003073,57.75,2026-08-06 01:41:39.368897
3076,3074,Debit Card,Completed,2017-01-04,TXN-00003074,114.46,2026-08-06 01:41:39.368897
3077,3075,Wallet,Completed,2016-10-03,TXN-00003075,120.67,2026-08-06 01:41:39.368897
3078,3076,UPI,Completed,2015-07-23,TXN-00003076,342.86,2026-08-06 01:41:39.368897
3079,3077,Cash,Completed,2015-07-20,TXN-00003077,16.74,2026-08-06 01:41:39.368897
3080,3078,Cash,Pending,2015-07-24,TXN-00003078,981.37,2026-08-06 01:41:39.368897
3081,3079,Cash,Completed,2015-05-23,TXN-00003079,31.84,2026-08-06 01:41:39.368897
3082,3080,UPI,Completed,2018-09-05,TXN-00003080,12.96,2026-08-06 01:41:39.368897
3083,3081,Net Banking,Completed,2018-09-07,TXN-00003081,43.18,2026-08-06 01:41:39.368897
3084,3082,Credit Card,Completed,2018-05-31,TXN-00003082,58.34,2026-08-06 01:41:39.368897
3085,3083,Wallet,Completed,2018-05-30,TXN-00003083,539.97,2026-08-06 01:41:39.368897
3086,3084,UPI,Completed,2015-01-30,TXN-00003084,3.93,2026-08-06 01:41:39.368897
3087,3085,UPI,Completed,2018-02-10,TXN-00003085,252.78,2026-08-06 01:41:39.368897
3088,3086,Debit Card,Completed,2018-02-11,TXN-00003086,127.98,2026-08-06 01:41:39.368897
3089,3087,Wallet,Completed,2018-02-11,TXN-00003087,3.98,2026-08-06 01:41:39.368897
3090,3088,Credit Card,Completed,2018-02-09,TXN-00003088,12.99,2026-08-06 01:41:39.368897
3091,3089,Wallet,Completed,2018-04-02,TXN-00003089,61.0,2026-08-06 01:41:39.368897
3092,3090,Credit Card,Completed,2018-03-31,TXN-00003090,671.93,2026-08-06 01:41:39.368897
3093,3091,Net Banking,Completed,2017-03-07,TXN-00003091,447.86,2026-08-06 01:41:39.368897
3094,3092,Credit Card,Completed,2017-03-04,TXN-00003092,479.95,2026-08-06 01:41:39.368897
3095,3093,Wallet,Completed,2017-03-03,TXN-00003093,166.44,2026-08-06 01:41:39.368897
3096,3094,Debit Card,Completed,2016-08-23,TXN-00003094,31.68,2026-08-06 01:41:39.368897
3097,3095,Cash,Completed,2016-08-23,TXN-00003095,10.37,2026-08-06 01:41:39.368897
3098,3096,Credit Card,Completed,2016-08-24,TXN-00003096,12.03,2026-08-06 01:41:39.368897
3099,3097,Debit Card,Completed,2016-08-23,TXN-00003097,5.77,2026-08-06 01:41:39.368897
3100,3098,Cash,Completed,2018-05-01,TXN-00003098,33.12,2026-08-06 01:41:39.368897
3101,3099,Wallet,Completed,2018-04-27,TXN-00003099,220.27,2026-08-06 01:41:39.368897
3102,3100,Debit Card,Completed,2018-04-15,TXN-00003100,10.78,2026-08-06 01:41:39.368897
3103,3101,Debit Card,Completed,2018-04-18,TXN-00003101,242.35,2026-08-06 01:41:39.368897
3104,3102,Credit Card,Completed,2018-12-23,TXN-00003102,695.16,2026-08-06 01:41:39.368897
3105,3103,UPI,Completed,2018-12-22,TXN-00003103,220.98,2026-08-06 01:41:39.368897
3106,3104,Credit Card,Completed,2017-12-09,TXN-00003104,12.96,2026-08-06 01:41:39.368897
3107,3105,Cash,Completed,2018-03-24,TXN-00003105,25.68,2026-08-06 01:41:39.368897
3108,3106,UPI,Completed,2017-07-27,TXN-00003106,15.71,2026-08-06 01:41:39.368897
3109,3107,Net Banking,Completed,2018-07-12,TXN-00003107,298.46,2026-08-06 01:41:39.368897
3110,3108,Credit Card,Completed,2017-07-18,TXN-00003108,21.93,2026-08-06 01:41:39.368897
3111,3109,Credit Card,Completed,2017-07-19,TXN-00003109,242.94,2026-08-06 01:41:39.368897
3112,3110,Wallet,Completed,2017-07-20,TXN-00003110,7.64,2026-08-06 01:41:39.368897
3113,3111,Net Banking,Completed,2017-07-17,TXN-00003111,51.84,2026-08-06 01:41:39.368897
3114,3112,Cash,Completed,2017-07-19,TXN-00003112,265.17,2026-08-06 01:41:39.368897
3115,3113,Credit Card,Completed,2017-08-26,TXN-00003113,837.6,2026-08-06 01:41:39.368897
3116,3114,Debit Card,Completed,2017-08-25,TXN-00003114,135.9,2026-08-06 01:41:39.368897
3117,3115,Cash,Completed,2017-08-24,TXN-00003115,34.68,2026-08-06 01:41:39.368897
3118,3116,UPI,Completed,2017-08-27,TXN-00003116,532.7,2026-08-06 01:41:39.368897
3119,3117,Wallet,Completed,2017-08-24,TXN-00003117,43.1,2026-08-06 01:41:39.368897
3120,3118,Wallet,Completed,2017-08-25,TXN-00003118,15.88,2026-08-06 01:41:39.368897
3121,3119,Credit Card,Completed,2016-06-11,TXN-00003119,1123.92,2026-08-06 01:41:39.368897
3122,3120,Debit Card,Completed,2016-06-15,TXN-00003120,249.58,2026-08-06 01:41:39.368897
3123,3121,UPI,Completed,2016-06-12,TXN-00003121,48.67,2026-08-06 01:41:39.368897
3124,3122,Credit Card,Completed,2016-06-14,TXN-00003122,60.77,2026-08-06 01:41:39.368897
3125,3123,UPI,Completed,2016-06-13,TXN-00003123,78.6,2026-08-06 01:41:39.368897
3126,3124,Net Banking,Completed,2016-06-15,TXN-00003124,3.77,2026-08-06 01:41:39.368897
3127,3125,Wallet,Completed,2016-06-13,TXN-00003125,1036.62,2026-08-06 01:41:39.368897
3128,3126,Cash,Pending,2016-06-11,TXN-00003126,563.81,2026-08-06 01:41:39.368897
3129,3127,Debit Card,Completed,2018-09-12,TXN-00003127,258.53,2026-08-06 01:41:39.368897
3130,3128,Debit Card,Completed,2018-10-03,TXN-00003128,49.12,2026-08-06 01:41:39.368897
3131,3129,Cash,Pending,2015-12-17,TXN-00003129,44.46,2026-08-06 01:41:39.368897
3132,3130,Cash,Completed,2015-12-20,TXN-00003130,241.57,2026-08-06 01:41:39.368897
3133,3131,Net Banking,Completed,2015-12-20,TXN-00003131,395.0,2026-08-06 01:41:39.368897
3134,3132,Net Banking,Completed,2015-12-18,TXN-00003132,627.17,2026-08-06 01:41:39.368897
3135,3133,Wallet,Completed,2015-08-25,TXN-00003133,13.28,2026-08-06 01:41:39.368897
3136,3134,UPI,Completed,2015-08-28,TXN-00003134,12.67,2026-08-06 01:41:39.368897
3137,3135,UPI,Completed,2018-11-14,TXN-00003135,30.56,2026-08-06 01:41:39.368897
3138,3136,Debit Card,Completed,2018-11-14,TXN-00003136,77.95,2026-08-06 01:41:39.368897
3139,3137,Credit Card,Completed,2018-11-16,TXN-00003137,67.99,2026-08-06 01:41:39.368897
3140,3138,Wallet,Completed,2018-11-15,TXN-00003138,12.22,2026-08-06 01:41:39.368897
3141,3139,Net Banking,Completed,2018-11-13,TXN-00003139,44.78,2026-08-06 01:41:39.368897
3142,3140,Wallet,Completed,2018-11-16,TXN-00003140,22.85,2026-08-06 01:41:39.368897
3143,3141,Net Banking,Completed,2016-04-29,TXN-00003141,206.43,2026-08-06 01:41:39.368897
3144,3142,Debit Card,Completed,2015-12-13,TXN-00003142,210.39,2026-08-06 01:41:39.368897
3145,3143,Debit Card,Completed,2018-09-26,TXN-00003143,119.96,2026-08-06 01:41:39.368897
3146,3144,Net Banking,Completed,2018-09-26,TXN-00003144,10.61,2026-08-06 01:41:39.368897
3147,3145,Cash,Completed,2017-09-05,TXN-00003145,347.8,2026-08-06 01:41:39.368897
3148,3146,UPI,Pending,2018-02-11,TXN-00003146,963.14,2026-08-06 01:41:39.368897
3149,3147,Wallet,Completed,2018-02-14,TXN-00003147,88.78,2026-08-06 01:41:39.368897
3150,3148,UPI,Completed,2015-06-30,TXN-00003148,32.4,2026-08-06 01:41:39.368897
3151,3149,Debit Card,Completed,2017-06-10,TXN-00003149,32.4,2026-08-06 01:41:39.368897
3152,3150,Debit Card,Completed,2015-12-24,TXN-00003150,31.05,2026-08-06 01:41:39.368897
3153,3151,Debit Card,Completed,2016-12-19,TXN-00003151,2025.36,2026-08-06 01:41:39.368897
3154,3152,Debit Card,Completed,2016-12-18,TXN-00003152,1799.99,2026-08-06 01:41:39.368897
3155,3153,Credit Card,Completed,2016-12-16,TXN-00003153,101.99,2026-08-06 01:41:39.368897
3156,3154,Net Banking,Completed,2016-12-16,TXN-00003154,262.86,2026-08-06 01:41:39.368897
3157,3155,UPI,Completed,2018-07-23,TXN-00003155,735.98,2026-08-06 01:41:39.368897
3158,3156,Cash,Completed,2015-08-04,TXN-00003156,93.02,2026-08-06 01:41:39.368897
3159,3157,Credit Card,Completed,2016-08-24,TXN-00003157,284.36,2026-08-06 01:41:39.368897
3160,3158,Debit Card,Completed,2016-08-24,TXN-00003158,26.0,2026-08-06 01:41:39.368897
3161,3159,Debit Card,Completed,2017-03-29,TXN-00003159,67.64,2026-08-06 01:41:39.368897
3162,3160,Debit Card,Completed,2017-03-28,TXN-00003160,119.98,2026-08-06 01:41:39.368897
3163,3161,Debit Card,Completed,2015-09-16,TXN-00003161,5.18,2026-08-06 01:41:39.368897
3164,3162,UPI,Completed,2015-09-24,TXN-00003162,15.56,2026-08-06 01:41:39.368897
3165,3163,Cash,Completed,2015-09-21,TXN-00003163,78.35,2026-08-06 01:41:39.368897
3166,3164,Credit Card,Completed,2015-09-25,TXN-00003164,59.52,2026-08-06 01:41:39.368897
3167,3165,Cash,Completed,2015-09-25,TXN-00003165,38.52,2026-08-06 01:41:39.368897
3168,3166,UPI,Completed,2015-09-24,TXN-00003166,239.98,2026-08-06 01:41:39.368897
3169,3167,Wallet,Completed,2015-09-25,TXN-00003167,19.35,2026-08-06 01:41:39.368897
3170,3168,UPI,Completed,2017-10-31,TXN-00003168,67.0,2026-08-06 01:41:39.368897
3171,3169,Cash,Pending,2017-05-30,TXN-00003169,390.27,2026-08-06 01:41:39.368897
3172,3170,UPI,Completed,2017-05-29,TXN-00003170,62.19,2026-08-06 01:41:39.368897
3173,3171,Credit Card,Completed,2018-12-24,TXN-00003171,23.88,2026-08-06 01:41:39.368897
3174,3172,UPI,Completed,2017-03-25,TXN-00003172,3.17,2026-08-06 01:41:39.368897
3175,3173,Debit Card,Completed,2017-03-25,TXN-00003173,528.43,2026-08-06 01:41:39.368897
3176,3174,Wallet,Completed,2017-03-21,TXN-00003174,13.39,2026-08-06 01:41:39.368897
3177,3175,Credit Card,Completed,2018-11-14,TXN-00003175,181.86,2026-08-06 01:41:39.368897
3178,3176,Net Banking,Completed,2018-09-27,TXN-00003176,180.59,2026-08-06 01:41:39.368897
3179,3177,Net Banking,Completed,2018-09-23,TXN-00003177,47.98,2026-08-06 01:41:39.368897
3180,3178,Net Banking,Completed,2018-09-13,TXN-00003178,18.76,2026-08-06 01:41:39.368897
3181,3179,Wallet,Completed,2018-12-09,TXN-00003179,20.94,2026-08-06 01:41:39.368897
3182,3180,Credit Card,Completed,2018-12-06,TXN-00003180,58.68,2026-08-06 01:41:39.368897
3183,3181,Net Banking,Completed,2018-12-05,TXN-00003181,254.9,2026-08-06 01:41:39.368897
3184,3182,Wallet,Completed,2018-11-12,TXN-00003182,9.64,2026-08-06 01:41:39.368897
3185,3183,Credit Card,Completed,2018-11-09,TXN-00003183,826.62,2026-08-06 01:41:39.368897
3186,3184,Debit Card,Completed,2018-11-11,TXN-00003184,1633.14,2026-08-06 01:41:39.368897
3187,3185,Debit Card,Completed,2018-11-10,TXN-00003185,544.38,2026-08-06 01:41:39.368897
3188,3186,Cash,Completed,2015-11-07,TXN-00003186,26.05,2026-08-06 01:41:39.368897
3189,3187,Net Banking,Completed,2015-11-08,TXN-00003187,74.35,2026-08-06 01:41:39.368897
3190,3188,Net Banking,Completed,2018-03-16,TXN-00003188,69.93,2026-08-06 01:41:39.368897
3191,3189,Cash,Completed,2018-10-21,TXN-00003189,3.75,2026-08-06 01:41:39.368897
3192,3190,Credit Card,Completed,2018-10-20,TXN-00003190,20.93,2026-08-06 01:41:39.368897
3193,3191,Cash,Completed,2016-12-30,TXN-00003191,12.67,2026-08-06 01:41:39.368897
3194,3192,UPI,Pending,2018-10-05,TXN-00003192,65.99,2026-08-06 01:41:39.368897
3195,3193,UPI,Completed,2018-06-06,TXN-00003193,6.37,2026-08-06 01:41:39.368897
3196,3194,Cash,Completed,2015-09-02,TXN-00003194,3.65,2026-08-06 01:41:39.368897
3197,3195,Cash,Completed,2015-09-03,TXN-00003195,31.1,2026-08-06 01:41:39.368897
3198,3196,Credit Card,Completed,2017-08-10,TXN-00003196,23.34,2026-08-06 01:41:39.368897
3199,3197,UPI,Completed,2018-07-25,TXN-00003197,29.97,2026-08-06 01:41:39.368897
3200,3198,Debit Card,Completed,2016-07-14,TXN-00003198,3.37,2026-08-06 01:41:39.368897
3201,3199,UPI,Completed,2015-12-03,TXN-00003199,95.97,2026-08-06 01:41:39.368897
3202,3200,Debit Card,Completed,2018-12-18,TXN-00003200,18.7,2026-08-06 01:41:39.368897
3203,3201,Cash,Completed,2015-05-19,TXN-00003201,149.23,2026-08-06 01:41:39.368897
3204,3202,Debit Card,Completed,2015-05-20,TXN-00003202,15.94,2026-08-06 01:41:39.368897
3205,3203,Debit Card,Completed,2015-11-11,TXN-00003203,601.54,2026-08-06 01:41:39.368897
3206,3204,UPI,Completed,2015-11-13,TXN-00003204,10.99,2026-08-06 01:41:39.368897
3207,3205,Credit Card,Completed,2015-11-14,TXN-00003205,39.88,2026-08-06 01:41:39.368897
3208,3206,Net Banking,Completed,2015-11-10,TXN-00003206,62.24,2026-08-06 01:41:39.368897
3209,3207,Credit Card,Completed,2015-11-12,TXN-00003207,53.2,2026-08-06 01:41:39.368897
3210,3208,Debit Card,Completed,2015-11-12,TXN-00003208,39.84,2026-08-06 01:41:39.368897
3211,3209,UPI,Completed,2017-01-12,TXN-00003209,349.95,2026-08-06 01:41:39.368897
3212,3210,Cash,Completed,2017-01-11,TXN-00003210,377.93,2026-08-06 01:41:39.368897
3213,3211,UPI,Completed,2018-09-24,TXN-00003211,13.39,2026-08-06 01:41:39.368897
3214,3212,Debit Card,Completed,2018-09-24,TXN-00003212,11.23,2026-08-06 01:41:39.368897
3215,3213,Net Banking,Completed,2015-12-25,TXN-00003213,207.24,2026-08-06 01:41:39.368897
3216,3214,Wallet,Completed,2017-05-28,TXN-00003214,1.5,2026-08-06 01:41:39.368897
3217,3215,Credit Card,Completed,2017-05-26,TXN-00003215,34.85,2026-08-06 01:41:39.368897
3218,3216,Net Banking,Completed,2018-07-10,TXN-00003216,75.18,2026-08-06 01:41:39.368897
3219,3217,Wallet,Completed,2015-05-15,TXN-00003217,149.97,2026-08-06 01:41:39.368897
3220,3218,Debit Card,Completed,2018-11-14,TXN-00003218,931.18,2026-08-06 01:41:39.368897
3221,3219,UPI,Completed,2018-11-14,TXN-00003219,430.88,2026-08-06 01:41:39.368897
3222,3220,Wallet,Completed,2016-10-04,TXN-00003220,94.85,2026-08-06 01:41:39.368897
3223,3221,Debit Card,Pending,2016-10-02,TXN-00003221,51.12,2026-08-06 01:41:39.368897
3224,3222,Credit Card,Completed,2016-10-04,TXN-00003222,90.0,2026-08-06 01:41:39.368897
3225,3223,Net Banking,Completed,2015-10-06,TXN-00003223,9.41,2026-08-06 01:41:39.368897
3226,3224,Credit Card,Completed,2015-10-06,TXN-00003224,4.67,2026-08-06 01:41:39.368897
3227,3225,Cash,Completed,2015-10-04,TXN-00003225,318.4,2026-08-06 01:41:39.368897
3228,3226,Net Banking,Completed,2015-10-03,TXN-00003226,12.77,2026-08-06 01:41:39.368897
3229,3227,Debit Card,Completed,2015-10-06,TXN-00003227,15.36,2026-08-06 01:41:39.368897
3230,3228,Net Banking,Completed,2015-10-06,TXN-00003228,230.38,2026-08-06 01:41:39.368897
3231,3229,Cash,Completed,2015-10-02,TXN-00003229,7.16,2026-08-06 01:41:39.368897
3232,3230,Cash,Completed,2015-08-14,TXN-00003230,375.34,2026-08-06 01:41:39.368897
3233,3231,Credit Card,Pending,2018-09-02,TXN-00003231,114.9,2026-08-06 01:41:39.368897
3234,3232,Cash,Completed,2018-04-19,TXN-00003232,26.05,2026-08-06 01:41:39.368897
3235,3233,Cash,Completed,2018-04-20,TXN-00003233,2.9,2026-08-06 01:41:39.368897
3236,3234,Debit Card,Completed,2018-04-19,TXN-00003234,32.54,2026-08-06 01:41:39.368897
3237,3235,Credit Card,Completed,2017-04-24,TXN-00003235,3.98,2026-08-06 01:41:39.368897
3238,3236,Debit Card,Completed,2017-01-15,TXN-00003236,181.8,2026-08-06 01:41:39.368897
3239,3237,Net Banking,Completed,2017-05-06,TXN-00003237,44.94,2026-08-06 01:41:39.368897
3240,3238,Credit Card,Completed,2017-05-02,TXN-00003238,45.58,2026-08-06 01:41:39.368897
3241,3239,Cash,Completed,2017-11-21,TXN-00003239,318.43,2026-08-06 01:41:39.368897
3242,3240,Credit Card,Completed,2017-11-20,TXN-00003240,122.92,2026-08-06 01:41:39.368897
3243,3241,Wallet,Completed,2017-11-23,TXN-00003241,7.07,2026-08-06 01:41:39.368897
3244,3242,Wallet,Completed,2017-02-04,TXN-00003242,56.45,2026-08-06 01:41:39.368897
3245,3243,Net Banking,Completed,2018-04-02,TXN-00003243,13.47,2026-08-06 01:41:39.368897
3246,3244,UPI,Completed,2018-12-01,TXN-00003244,219.8,2026-08-06 01:41:39.368897
3247,3245,Debit Card,Completed,2018-12-01,TXN-00003245,317.06,2026-08-06 01:41:39.368897
3248,3246,Wallet,Completed,2018-12-11,TXN-00003246,49.08,2026-08-06 01:41:39.368897
3249,3247,Net Banking,Completed,2018-12-12,TXN-00003247,324.9,2026-08-06 01:41:39.368897
3250,3248,Wallet,Completed,2018-12-10,TXN-00003248,18.24,2026-08-06 01:41:39.368897
3251,3249,Cash,Completed,2017-09-18,TXN-00003249,113.89,2026-08-06 01:41:39.368897
3252,3250,Wallet,Completed,2017-09-20,TXN-00003250,105.58,2026-08-06 01:41:39.368897
3253,3251,Cash,Completed,2017-12-25,TXN-00003251,24.85,2026-08-06 01:41:39.368897
3254,3252,Wallet,Completed,2018-04-18,TXN-00003252,60.31,2026-08-06 01:41:39.368897
3255,3253,Cash,Completed,2018-10-29,TXN-00003253,7.06,2026-08-06 01:41:39.368897
3256,3254,Net Banking,Completed,2018-10-28,TXN-00003254,27.18,2026-08-06 01:41:39.368897
3257,3255,Net Banking,Completed,2017-07-10,TXN-00003255,107.98,2026-08-06 01:41:39.368897
3258,3256,Net Banking,Completed,2017-07-09,TXN-00003256,19.3,2026-08-06 01:41:39.368897
3259,3257,Cash,Completed,2016-08-12,TXN-00003257,4.61,2026-08-06 01:41:39.368897
3260,3258,UPI,Completed,2017-12-13,TXN-00003258,79.97,2026-08-06 01:41:39.368897
3261,3259,Net Banking,Completed,2017-12-12,TXN-00003259,2.95,2026-08-06 01:41:39.368897
3262,3260,Wallet,Completed,2017-11-17,TXN-00003260,3.14,2026-08-06 01:41:39.368897
3263,3261,Credit Card,Completed,2015-11-17,TXN-00003261,20.74,2026-08-06 01:41:39.368897
3264,3262,Credit Card,Completed,2015-11-18,TXN-00003262,99.98,2026-08-06 01:41:39.368897
3265,3263,Cash,Completed,2015-11-17,TXN-00003263,733.95,2026-08-06 01:41:39.368897
3266,3264,Debit Card,Completed,2015-11-21,TXN-00003264,241.44,2026-08-06 01:41:39.368897
3267,3265,Debit Card,Completed,2017-03-06,TXN-00003265,10.08,2026-08-06 01:41:39.368897
3268,3266,Cash,Completed,2015-10-13,TXN-00003266,281.9,2026-08-06 01:41:39.368897
3269,3267,Wallet,Pending,2015-10-15,TXN-00003267,201.43,2026-08-06 01:41:39.368897
3270,3268,Wallet,Completed,2015-05-22,TXN-00003268,135.98,2026-08-06 01:41:39.368897
3271,3269,UPI,Completed,2015-05-25,TXN-00003269,44.95,2026-08-06 01:41:39.368897
3272,3270,Credit Card,Completed,2015-07-18,TXN-00003270,2.97,2026-08-06 01:41:39.368897
3273,3271,Net Banking,Completed,2015-07-16,TXN-00003271,6.54,2026-08-06 01:41:39.368897
3274,3272,Wallet,Completed,2016-12-30,TXN-00003272,7.92,2026-08-06 01:41:39.368897
3275,3273,UPI,Completed,2016-02-12,TXN-00003273,203.92,2026-08-06 01:41:39.368897
3276,3274,Cash,Completed,2018-05-10,TXN-00003274,3359.95,2026-08-06 01:41:39.368897
3277,3275,Net Banking,Completed,2018-11-06,TXN-00003275,18.24,2026-08-06 01:41:39.368897
3278,3276,Cash,Completed,2018-11-05,TXN-00003276,27.78,2026-08-06 01:41:39.368897
3279,3277,UPI,Completed,2015-04-05,TXN-00003277,22.96,2026-08-06 01:41:39.368897
3280,3278,Debit Card,Completed,2015-04-09,TXN-00003278,28.99,2026-08-06 01:41:39.368897
3281,3279,Debit Card,Completed,2015-04-06,TXN-00003279,12.96,2026-08-06 01:41:39.368897
3282,3280,Debit Card,Completed,2015-04-09,TXN-00003280,22.96,2026-08-06 01:41:39.368897
3283,3281,UPI,Completed,2015-04-06,TXN-00003281,4164.05,2026-08-06 01:41:39.368897
3284,3282,Debit Card,Completed,2015-09-21,TXN-00003282,47.98,2026-08-06 01:41:39.368897
3285,3283,Debit Card,Completed,2015-09-19,TXN-00003283,4.62,2026-08-06 01:41:39.368897
3286,3284,Credit Card,Completed,2015-09-30,TXN-00003284,15.24,2026-08-06 01:41:39.368897
3287,3285,Debit Card,Completed,2015-09-13,TXN-00003285,63.92,2026-08-06 01:41:39.368897
3288,3286,Debit Card,Completed,2018-02-23,TXN-00003286,6.56,2026-08-06 01:41:39.368897
3289,3287,Credit Card,Completed,2018-02-22,TXN-00003287,13.11,2026-08-06 01:41:39.368897
3290,3288,Net Banking,Completed,2016-12-15,TXN-00003288,494.38,2026-08-06 01:41:39.368897
3291,3289,Cash,Completed,2016-12-17,TXN-00003289,29.2,2026-08-06 01:41:39.368897
3292,3290,Net Banking,Completed,2016-12-16,TXN-00003290,248.85,2026-08-06 01:41:39.368897
3293,3291,Debit Card,Completed,2016-12-14,TXN-00003291,36.24,2026-08-06 01:41:39.368897
3294,3292,Credit Card,Completed,2017-11-01,TXN-00003292,11.68,2026-08-06 01:41:39.368897
3295,3293,Cash,Completed,2015-12-28,TXN-00003293,11.91,2026-08-06 01:41:39.368897
3296,3294,Debit Card,Completed,2015-12-26,TXN-00003294,3.48,2026-08-06 01:41:39.368897
3297,3295,Debit Card,Completed,2015-08-19,TXN-00003295,30.96,2026-08-06 01:41:39.368897
3298,3296,Credit Card,Completed,2018-10-05,TXN-00003296,1704.89,2026-08-06 01:41:39.368897
3299,3297,UPI,Completed,2016-05-25,TXN-00003297,19.19,2026-08-06 01:41:39.368897
3300,3298,UPI,Completed,2016-05-25,TXN-00003298,121.79,2026-08-06 01:41:39.368897
3301,3299,Credit Card,Completed,2018-11-16,TXN-00003299,1919.98,2026-08-06 01:41:39.368897
3302,3300,Credit Card,Pending,2015-11-20,TXN-00003300,51.0,2026-08-06 01:41:39.368897
3303,3301,Wallet,Completed,2015-11-20,TXN-00003301,76.79,2026-08-06 01:41:39.368897
3304,3302,UPI,Completed,2015-11-21,TXN-00003302,539.96,2026-08-06 01:41:39.368897
3305,3303,Wallet,Completed,2015-11-19,TXN-00003303,60.31,2026-08-06 01:41:39.368897
3306,3304,Credit Card,Completed,2015-11-21,TXN-00003304,1.94,2026-08-06 01:41:39.368897
3307,3305,UPI,Completed,2015-12-30,TXN-00003305,12.98,2026-08-06 01:41:39.368897
3308,3306,Net Banking,Completed,2016-01-03,TXN-00003306,217.58,2026-08-06 01:41:39.368897
3309,3307,Wallet,Completed,2015-12-30,TXN-00003307,328.78,2026-08-06 01:41:39.368897
3310,3308,Credit Card,Completed,2015-12-30,TXN-00003308,2.29,2026-08-06 01:41:39.368897
3311,3309,Credit Card,Completed,2015-12-30,TXN-00003309,47.98,2026-08-06 01:41:39.368897
3312,3310,Net Banking,Completed,2016-11-07,TXN-00003310,25.34,2026-08-06 01:41:39.368897
3313,3311,Cash,Completed,2017-09-18,TXN-00003311,232.4,2026-08-06 01:41:39.368897
3314,3312,UPI,Completed,2017-03-20,TXN-00003312,86.45,2026-08-06 01:41:39.368897
3315,3313,Cash,Completed,2015-09-29,TXN-00003313,603.92,2026-08-06 01:41:39.368897
3316,3314,Wallet,Pending,2015-09-27,TXN-00003314,81.98,2026-08-06 01:41:39.368897
3317,3315,Cash,Completed,2018-12-26,TXN-00003315,271.76,2026-08-06 01:41:39.368897
3318,3316,UPI,Pending,2018-12-26,TXN-00003316,14.38,2026-08-06 01:41:39.368897
3319,3317,Debit Card,Completed,2018-11-14,TXN-00003317,341.96,2026-08-06 01:41:39.368897
3320,3318,Credit Card,Completed,2016-09-13,TXN-00003318,181.35,2026-08-06 01:41:39.368897
3321,3319,UPI,Completed,2016-09-14,TXN-00003319,8.64,2026-08-06 01:41:39.368897
3322,3320,Credit Card,Completed,2015-12-21,TXN-00003320,43.51,2026-08-06 01:41:39.368897
3323,3321,Cash,Completed,2015-12-22,TXN-00003321,662.88,2026-08-06 01:41:39.368897
3324,3322,Wallet,Completed,2015-12-22,TXN-00003322,25.92,2026-08-06 01:41:39.368897
3325,3323,Debit Card,Completed,2016-07-27,TXN-00003323,68.94,2026-08-06 01:41:39.368897
3326,3324,Wallet,Completed,2016-07-26,TXN-00003324,128.82,2026-08-06 01:41:39.368897
3327,3325,Credit Card,Completed,2015-11-11,TXN-00003325,896.99,2026-08-06 01:41:39.368897
3328,3326,Wallet,Completed,2015-11-11,TXN-00003326,1.23,2026-08-06 01:41:39.368897
3329,3327,Debit Card,Completed,2015-11-14,TXN-00003327,67.56,2026-08-06 01:41:39.368897
3330,3328,Debit Card,Completed,2015-11-15,TXN-00003328,21.72,2026-08-06 01:41:39.368897
3331,3329,Cash,Completed,2015-11-14,TXN-00003329,262.34,2026-08-06 01:41:39.368897
3332,3330,UPI,Completed,2015-11-11,TXN-00003330,148.48,2026-08-06 01:41:39.368897
3333,3331,Cash,Completed,2015-11-12,TXN-00003331,241.18,2026-08-06 01:41:39.368897
3334,3332,UPI,Completed,2018-12-17,TXN-00003332,227.98,2026-08-06 01:41:39.368897
3335,3333,Wallet,Completed,2018-12-17,TXN-00003333,52.68,2026-08-06 01:41:39.368897
3336,3334,Debit Card,Completed,2018-12-15,TXN-00003334,2.03,2026-08-06 01:41:39.368897
3337,3335,Wallet,Completed,2018-08-24,TXN-00003335,17.12,2026-08-06 01:41:39.368897
3338,3336,Debit Card,Completed,2018-08-22,TXN-00003336,431.97,2026-08-06 01:41:39.368897
3339,3337,Cash,Completed,2018-08-22,TXN-00003337,129.92,2026-08-06 01:41:39.368897
3340,3338,Wallet,Completed,2018-08-25,TXN-00003338,568.73,2026-08-06 01:41:39.368897
3341,3339,Wallet,Completed,2018-08-22,TXN-00003339,117.14,2026-08-06 01:41:39.368897
3342,3340,Net Banking,Completed,2018-08-22,TXN-00003340,203.52,2026-08-06 01:41:39.368897
3343,3341,Cash,Completed,2018-08-22,TXN-00003341,51.75,2026-08-06 01:41:39.368897
3344,3342,Credit Card,Completed,2017-08-27,TXN-00003342,122.97,2026-08-06 01:41:39.368897
3345,3343,Credit Card,Completed,2017-08-28,TXN-00003343,244.62,2026-08-06 01:41:39.368897
3346,3344,Wallet,Completed,2017-08-28,TXN-00003344,59.97,2026-08-06 01:41:39.368897
3347,3345,Net Banking,Completed,2017-08-29,TXN-00003345,81.54,2026-08-06 01:41:39.368897
3348,3346,Net Banking,Completed,2017-08-27,TXN-00003346,11.68,2026-08-06 01:41:39.368897
3349,3347,Debit Card,Completed,2017-08-27,TXN-00003347,29.0,2026-08-06 01:41:39.368897
3350,3348,Debit Card,Completed,2016-08-16,TXN-00003348,50.8,2026-08-06 01:41:39.368897
3351,3349,Cash,Completed,2018-11-08,TXN-00003349,16.03,2026-08-06 01:41:39.368897
3352,3350,Debit Card,Completed,2017-08-20,TXN-00003350,15.71,2026-08-06 01:41:39.368897
3353,3351,Net Banking,Completed,2017-12-29,TXN-00003351,89.97,2026-08-06 01:41:39.368897
3354,3352,UPI,Completed,2015-09-23,TXN-00003352,436.0,2026-08-06 01:41:39.368897
3355,3353,Credit Card,Completed,2015-09-26,TXN-00003353,83.98,2026-08-06 01:41:39.368897
3356,3354,Wallet,Completed,2015-07-19,TXN-00003354,359.98,2026-08-06 01:41:39.368897
3357,3355,UPI,Completed,2015-07-23,TXN-00003355,70.56,2026-08-06 01:41:39.368897
3358,3356,Cash,Completed,2015-07-21,TXN-00003356,20.88,2026-08-06 01:41:39.368897
3359,3357,UPI,Completed,2015-07-23,TXN-00003357,3.81,2026-08-06 01:41:39.368897
3360,3358,Net Banking,Completed,2018-09-07,TXN-00003358,73.01,2026-08-06 01:41:39.368897
3361,3359,Debit Card,Completed,2017-05-10,TXN-00003359,3.21,2026-08-06 01:41:39.368897
3362,3360,Debit Card,Completed,2017-05-08,TXN-00003360,26.18,2026-08-06 01:41:39.368897
3363,3361,UPI,Completed,2016-06-06,TXN-00003361,30.44,2026-08-06 01:41:39.368897
3364,3362,Cash,Completed,2016-06-04,TXN-00003362,35.28,2026-08-06 01:41:39.368897
3365,3363,Cash,Completed,2016-12-13,TXN-00003363,19.44,2026-08-06 01:41:39.368897
3366,3364,Credit Card,Completed,2016-12-13,TXN-00003364,37.88,2026-08-06 01:41:39.368897
3367,3365,Cash,Completed,2017-07-18,TXN-00003365,9.55,2026-08-06 01:41:39.368897
3368,3366,UPI,Completed,2015-02-03,TXN-00003366,290.67,2026-08-06 01:41:39.368897
3369,3367,UPI,Completed,2015-07-12,TXN-00003367,10.37,2026-08-06 01:41:39.368897
3370,3368,Debit Card,Completed,2015-07-09,TXN-00003368,14.35,2026-08-06 01:41:39.368897
3371,3369,Wallet,Completed,2016-11-22,TXN-00003369,141.96,2026-08-06 01:41:39.368897
3372,3370,Debit Card,Completed,2016-11-22,TXN-00003370,66.05,2026-08-06 01:41:39.368897
3373,3371,Net Banking,Completed,2017-03-25,TXN-00003371,1287.45,2026-08-06 01:41:39.368897
3374,3372,Wallet,Completed,2018-09-27,TXN-00003372,25.82,2026-08-06 01:41:39.368897
3375,3373,Net Banking,Completed,2018-09-24,TXN-00003373,160.96,2026-08-06 01:41:39.368897
3376,3374,Cash,Completed,2016-12-04,TXN-00003374,28.44,2026-08-06 01:41:39.368897
3377,3375,Net Banking,Completed,2016-12-06,TXN-00003375,364.41,2026-08-06 01:41:39.368897
3378,3376,Credit Card,Completed,2016-12-05,TXN-00003376,39.96,2026-08-06 01:41:39.368897
3379,3377,Credit Card,Pending,2016-12-06,TXN-00003377,361.76,2026-08-06 01:41:39.368897
3380,3378,Wallet,Pending,2017-11-03,TXN-00003378,111.67,2026-08-06 01:41:39.368897
3381,3379,Net Banking,Completed,2018-03-21,TXN-00003379,13.78,2026-08-06 01:41:39.368897
3382,3380,UPI,Completed,2018-03-18,TXN-00003380,10.27,2026-08-06 01:41:39.368897
3383,3381,Credit Card,Completed,2018-11-25,TXN-00003381,24.05,2026-08-06 01:41:39.368897
3384,3382,Net Banking,Completed,2018-08-29,TXN-00003382,2.9,2026-08-06 01:41:39.368897
3385,3383,Wallet,Completed,2016-12-04,TXN-00003383,17.94,2026-08-06 01:41:39.368897
3386,3384,Credit Card,Completed,2016-12-05,TXN-00003384,384.17,2026-08-06 01:41:39.368897
3387,3385,Credit Card,Completed,2016-12-05,TXN-00003385,1799.75,2026-08-06 01:41:39.368897
3388,3386,Wallet,Completed,2018-10-11,TXN-00003386,580.67,2026-08-06 01:41:39.368897
3389,3387,Debit Card,Completed,2018-10-07,TXN-00003387,18.94,2026-08-06 01:41:39.368897
3390,3388,UPI,Completed,2018-10-07,TXN-00003388,222.38,2026-08-06 01:41:39.368897
3391,3389,UPI,Completed,2018-10-10,TXN-00003389,50.45,2026-08-06 01:41:39.368897
3392,3390,Wallet,Completed,2018-10-09,TXN-00003390,154.76,2026-08-06 01:41:39.368897
3393,3391,Wallet,Completed,2018-03-25,TXN-00003391,6.85,2026-08-06 01:41:39.368897
3394,3392,Wallet,Completed,2015-08-10,TXN-00003392,1091.17,2026-08-06 01:41:39.368897
3395,3393,Credit Card,Completed,2015-08-11,TXN-00003393,219.17,2026-08-06 01:41:39.368897
3396,3394,Credit Card,Completed,2015-11-25,TXN-00003394,6.93,2026-08-06 01:41:39.368897
3397,3395,Debit Card,Completed,2018-06-12,TXN-00003395,40.03,2026-08-06 01:41:39.368897
3398,3396,Wallet,Completed,2018-07-05,TXN-00003396,443.92,2026-08-06 01:41:39.368897
3399,3397,Credit Card,Completed,2018-07-03,TXN-00003397,169.99,2026-08-06 01:41:39.368897
3400,3398,Net Banking,Completed,2018-07-04,TXN-00003398,25.92,2026-08-06 01:41:39.368897
3401,3399,Net Banking,Completed,2015-11-21,TXN-00003399,36.99,2026-08-06 01:41:39.368897
3402,3400,Net Banking,Completed,2015-11-24,TXN-00003400,629.1,2026-08-06 01:41:39.368897
3403,3401,Cash,Completed,2015-11-21,TXN-00003401,193.95,2026-08-06 01:41:39.368897
3404,3402,Wallet,Completed,2015-11-24,TXN-00003402,5.46,2026-08-06 01:41:39.368897
3405,3403,Wallet,Completed,2016-05-04,TXN-00003403,22.29,2026-08-06 01:41:39.368897
3406,3404,Cash,Completed,2018-05-31,TXN-00003404,65.42,2026-08-06 01:41:39.368897
3407,3405,Wallet,Completed,2016-10-18,TXN-00003405,77.88,2026-08-06 01:41:39.368897
3408,3406,Cash,Completed,2015-04-27,TXN-00003406,281.37,2026-08-06 01:41:39.368897
3409,3407,UPI,Completed,2015-04-24,TXN-00003407,281.37,2026-08-06 01:41:39.368897
3410,3408,UPI,Completed,2015-04-24,TXN-00003408,7.49,2026-08-06 01:41:39.368897
3411,3409,Credit Card,Completed,2015-04-25,TXN-00003409,22.34,2026-08-06 01:41:39.368897
3412,3410,Net Banking,Completed,2018-05-02,TXN-00003410,10.37,2026-08-06 01:41:39.368897
3413,3411,Credit Card,Completed,2017-09-24,TXN-00003411,65.79,2026-08-06 01:41:39.368897
3414,3412,Cash,Completed,2017-09-22,TXN-00003412,271.98,2026-08-06 01:41:39.368897
3415,3413,UPI,Completed,2017-09-20,TXN-00003413,11.76,2026-08-06 01:41:39.368897
3416,3414,Debit Card,Completed,2017-09-23,TXN-00003414,77.52,2026-08-06 01:41:39.368897
3417,3415,Debit Card,Completed,2017-09-23,TXN-00003415,48.64,2026-08-06 01:41:39.368897
3418,3416,Cash,Completed,2017-09-05,TXN-00003416,1.81,2026-08-06 01:41:39.368897
3419,3417,Cash,Completed,2017-09-04,TXN-00003417,8.26,2026-08-06 01:41:39.368897
3420,3418,Credit Card,Completed,2016-05-01,TXN-00003418,43.56,2026-08-06 01:41:39.368897
3421,3419,Wallet,Completed,2016-04-29,TXN-00003419,5.84,2026-08-06 01:41:39.368897
3422,3420,Net Banking,Completed,2016-09-07,TXN-00003420,271.76,2026-08-06 01:41:39.368897
3423,3421,Wallet,Pending,2017-05-31,TXN-00003421,262.24,2026-08-06 01:41:39.368897
3424,3422,Net Banking,Completed,2017-06-01,TXN-00003422,182.72,2026-08-06 01:41:39.368897
3425,3423,Net Banking,Completed,2017-05-28,TXN-00003423,131.6,2026-08-06 01:41:39.368897
3426,3424,Net Banking,Completed,2017-06-01,TXN-00003424,22.72,2026-08-06 01:41:39.368897
3427,3425,Wallet,Completed,2017-05-31,TXN-00003425,558.4,2026-08-06 01:41:39.368897
3428,3426,Credit Card,Pending,2016-09-28,TXN-00003426,15.24,2026-08-06 01:41:39.368897
3429,3427,Debit Card,Completed,2016-09-26,TXN-00003427,1408.1,2026-08-06 01:41:39.368897
3430,3428,Cash,Completed,2018-07-06,TXN-00003428,32.9,2026-08-06 01:41:39.368897
3431,3429,Debit Card,Completed,2018-07-05,TXN-00003429,215.15,2026-08-06 01:41:39.368897
3432,3430,Credit Card,Completed,2018-07-04,TXN-00003430,30.96,2026-08-06 01:41:39.368897
3433,3431,Debit Card,Completed,2018-12-11,TXN-00003431,29.79,2026-08-06 01:41:39.368897
3434,3432,UPI,Completed,2018-12-10,TXN-00003432,128.9,2026-08-06 01:41:39.368897
3435,3433,Debit Card,Pending,2018-12-10,TXN-00003433,60.12,2026-08-06 01:41:39.368897
3436,3434,Debit Card,Completed,2018-12-08,TXN-00003434,24.82,2026-08-06 01:41:39.368897
3437,3435,Net Banking,Completed,2018-12-06,TXN-00003435,14.98,2026-08-06 01:41:39.368897
3438,3436,Wallet,Completed,2016-09-29,TXN-00003436,15.08,2026-08-06 01:41:39.368897
3439,3437,UPI,Completed,2016-09-29,TXN-00003437,24.29,2026-08-06 01:41:39.368897
3440,3438,Net Banking,Completed,2018-11-03,TXN-00003438,16.19,2026-08-06 01:41:39.368897
3441,3439,Debit Card,Completed,2018-11-01,TXN-00003439,251.01,2026-08-06 01:41:39.368897
3442,3440,Credit Card,Completed,2018-10-31,TXN-00003440,54.19,2026-08-06 01:41:39.368897
3443,3441,Cash,Completed,2016-11-29,TXN-00003441,4.3,2026-08-06 01:41:39.368897
3444,3442,Cash,Completed,2015-03-15,TXN-00003442,108.92,2026-08-06 01:41:39.368897
3445,3443,Cash,Completed,2018-11-23,TXN-00003443,16.74,2026-08-06 01:41:39.368897
3446,3444,Net Banking,Completed,2018-11-21,TXN-00003444,2504.74,2026-08-06 01:41:39.368897
3447,3445,UPI,Completed,2017-07-31,TXN-00003445,84.78,2026-08-06 01:41:39.368897
3448,3446,Cash,Completed,2016-06-13,TXN-00003446,29.9,2026-08-06 01:41:39.368897
3449,3447,Wallet,Completed,2017-08-06,TXN-00003447,70.88,2026-08-06 01:41:39.368897
3450,3448,UPI,Completed,2018-06-14,TXN-00003448,3.76,2026-08-06 01:41:39.368897
3451,3449,Cash,Completed,2017-10-08,TXN-00003449,27.26,2026-08-06 01:41:39.368897
3452,3450,Net Banking,Completed,2015-09-11,TXN-00003450,56.65,2026-08-06 01:41:39.368897
3453,3451,Net Banking,Completed,2015-09-10,TXN-00003451,14.97,2026-08-06 01:41:39.368897
3454,3452,Wallet,Completed,2015-09-11,TXN-00003452,4.02,2026-08-06 01:41:39.368897
3455,3453,Credit Card,Completed,2015-03-18,TXN-00003453,471.92,2026-08-06 01:41:39.368897
3456,3454,Net Banking,Pending,2016-03-01,TXN-00003454,58.72,2026-08-06 01:41:39.368897
3457,3455,Cash,Completed,2016-07-11,TXN-00003455,5.16,2026-08-06 01:41:39.368897
3458,3456,Net Banking,Completed,2017-02-22,TXN-00003456,16.5,2026-08-06 01:41:39.368897
3459,3457,Cash,Completed,2018-09-18,TXN-00003457,71.98,2026-08-06 01:41:39.368897
3460,3458,Credit Card,Completed,2018-09-16,TXN-00003458,22.51,2026-08-06 01:41:39.368897
3461,3459,UPI,Completed,2018-09-16,TXN-00003459,3.44,2026-08-06 01:41:39.368897
3462,3460,Debit Card,Completed,2018-09-16,TXN-00003460,538.19,2026-08-06 01:41:39.368897
3463,3461,Credit Card,Completed,2018-09-17,TXN-00003461,47.98,2026-08-06 01:41:39.368897
3464,3462,Credit Card,Completed,2018-11-07,TXN-00003462,492.77,2026-08-06 01:41:39.368897
3465,3463,Credit Card,Completed,2016-02-24,TXN-00003463,286.79,2026-08-06 01:41:39.368897
3466,3464,Debit Card,Completed,2017-11-28,TXN-00003464,5.08,2026-08-06 01:41:39.368897
3467,3465,Cash,Completed,2018-12-03,TXN-00003465,47.99,2026-08-06 01:41:39.368897
3468,3466,Net Banking,Completed,2016-09-12,TXN-00003466,61.96,2026-08-06 01:41:39.368897
3469,3467,Debit Card,Completed,2016-09-13,TXN-00003467,361.96,2026-08-06 01:41:39.368897
3470,3468,Debit Card,Completed,2016-09-13,TXN-00003468,278.82,2026-08-06 01:41:39.368897
3471,3469,Cash,Completed,2017-12-17,TXN-00003469,133.38,2026-08-06 01:41:39.368897
3472,3470,Wallet,Completed,2016-04-06,TXN-00003470,47.95,2026-08-06 01:41:39.368897
3473,3471,Net Banking,Completed,2017-12-01,TXN-00003471,16.74,2026-08-06 01:41:39.368897
3474,3472,Cash,Completed,2018-11-14,TXN-00003472,10.85,2026-08-06 01:41:39.368897
3475,3473,Net Banking,Completed,2018-11-16,TXN-00003473,18.54,2026-08-06 01:41:39.368897
3476,3474,Cash,Completed,2018-03-07,TXN-00003474,180.98,2026-08-06 01:41:39.368897
3477,3475,UPI,Completed,2018-03-03,TXN-00003475,99.98,2026-08-06 01:41:39.368897
3478,3476,Net Banking,Completed,2017-11-29,TXN-00003476,34.95,2026-08-06 01:41:39.368897
3479,3477,UPI,Completed,2017-11-30,TXN-00003477,152.0,2026-08-06 01:41:39.368897
3480,3478,Net Banking,Completed,2015-09-02,TXN-00003478,92.52,2026-08-06 01:41:39.368897
3481,3479,Credit Card,Completed,2017-12-09,TXN-00003479,8.56,2026-08-06 01:41:39.368897
3482,3480,Net Banking,Completed,2017-12-12,TXN-00003480,45.36,2026-08-06 01:41:39.368897
3483,3481,Wallet,Completed,2017-12-08,TXN-00003481,1421.66,2026-08-06 01:41:39.368897
3484,3482,Credit Card,Completed,2015-04-09,TXN-00003482,8.96,2026-08-06 01:41:39.368897
3485,3483,Wallet,Completed,2015-08-30,TXN-00003483,579.95,2026-08-06 01:41:39.368897
3486,3484,Wallet,Completed,2015-08-29,TXN-00003484,29.12,2026-08-06 01:41:39.368897
3487,3485,Cash,Completed,2015-08-30,TXN-00003485,1202.94,2026-08-06 01:41:39.368897
3488,3486,Wallet,Completed,2017-10-22,TXN-00003486,7.92,2026-08-06 01:41:39.368897
3489,3487,UPI,Completed,2017-12-02,TXN-00003487,36.19,2026-08-06 01:41:39.368897
3490,3488,Wallet,Completed,2018-09-07,TXN-00003488,147.18,2026-08-06 01:41:39.368897
3491,3489,Credit Card,Completed,2016-07-03,TXN-00003489,408.42,2026-08-06 01:41:39.368897
3492,3490,Net Banking,Completed,2016-07-03,TXN-00003490,382.12,2026-08-06 01:41:39.368897
3493,3491,Cash,Completed,2016-07-06,TXN-00003491,68.6,2026-08-06 01:41:39.368897
3494,3492,Credit Card,Completed,2016-07-06,TXN-00003492,435.5,2026-08-06 01:41:39.368897
3495,3493,Net Banking,Completed,2016-07-04,TXN-00003493,11.17,2026-08-06 01:41:39.368897
3496,3494,Net Banking,Completed,2018-09-25,TXN-00003494,72.0,2026-08-06 01:41:39.368897
3497,3495,Net Banking,Completed,2018-09-25,TXN-00003495,655.9,2026-08-06 01:41:39.368897
3498,3496,Credit Card,Completed,2018-09-26,TXN-00003496,603.92,2026-08-06 01:41:39.368897
3499,3497,Credit Card,Completed,2017-08-10,TXN-00003497,513.02,2026-08-06 01:41:39.368897
3500,3498,Cash,Pending,2017-08-09,TXN-00003498,487.92,2026-08-06 01:41:39.368897
3501,3499,Wallet,Completed,2017-08-09,TXN-00003499,15.24,2026-08-06 01:41:39.368897
3502,3500,UPI,Completed,2017-09-30,TXN-00003500,209.97,2026-08-06 01:41:39.368897
3503,3501,Credit Card,Completed,2017-10-02,TXN-00003501,62.94,2026-08-06 01:41:39.368897
3504,3502,UPI,Completed,2017-10-01,TXN-00003502,25.92,2026-08-06 01:41:39.368897
3505,3503,UPI,Completed,2018-04-14,TXN-00003503,10.37,2026-08-06 01:41:39.368897
3506,3504,Debit Card,Pending,2018-04-13,TXN-00003504,95.74,2026-08-06 01:41:39.368897
3507,3505,Cash,Completed,2017-12-22,TXN-00003505,900.08,2026-08-06 01:41:39.368897
3508,3506,Debit Card,Completed,2015-06-24,TXN-00003506,201.58,2026-08-06 01:41:39.368897
3509,3507,Wallet,Completed,2015-06-23,TXN-00003507,3.39,2026-08-06 01:41:39.368897
3510,3508,Wallet,Completed,2015-06-22,TXN-00003508,193.07,2026-08-06 01:41:39.368897
3511,3509,Net Banking,Completed,2015-06-21,TXN-00003509,15.55,2026-08-06 01:41:39.368897
3512,3510,Debit Card,Completed,2015-06-24,TXN-00003510,11.65,2026-08-06 01:41:39.368897
3513,3511,Debit Card,Pending,2015-06-24,TXN-00003511,418.8,2026-08-06 01:41:39.368897
3514,3512,UPI,Completed,2015-06-20,TXN-00003512,509.49,2026-08-06 01:41:39.368897
3515,3513,Credit Card,Completed,2018-09-06,TXN-00003513,825.17,2026-08-06 01:41:39.368897
3516,3514,Credit Card,Completed,2018-09-06,TXN-00003514,17.76,2026-08-06 01:41:39.368897
3517,3515,Credit Card,Completed,2018-09-07,TXN-00003515,6.91,2026-08-06 01:41:39.368897
3518,3516,Credit Card,Completed,2017-12-20,TXN-00003516,66.3,2026-08-06 01:41:39.368897
3519,3517,Net Banking,Completed,2017-08-09,TXN-00003517,30.82,2026-08-06 01:41:39.368897
3520,3518,Net Banking,Completed,2017-08-09,TXN-00003518,44.78,2026-08-06 01:41:39.368897
3521,3519,Cash,Completed,2017-08-12,TXN-00003519,569.54,2026-08-06 01:41:39.368897
3522,3520,Net Banking,Completed,2016-06-26,TXN-00003520,796.43,2026-08-06 01:41:39.368897
3523,3521,Net Banking,Completed,2016-04-11,TXN-00003521,12.83,2026-08-06 01:41:39.368897
3524,3522,Credit Card,Completed,2017-11-21,TXN-00003522,40.46,2026-08-06 01:41:39.368897
3525,3523,Cash,Completed,2017-11-22,TXN-00003523,404.94,2026-08-06 01:41:39.368897
3526,3524,Net Banking,Completed,2017-09-05,TXN-00003524,116.0,2026-08-06 01:41:39.368897
3527,3525,Debit Card,Completed,2017-11-26,TXN-00003525,657.55,2026-08-06 01:41:39.368897
3528,3526,UPI,Completed,2018-12-12,TXN-00003526,599.97,2026-08-06 01:41:39.368897
3529,3527,Cash,Completed,2018-12-10,TXN-00003527,38.97,2026-08-06 01:41:39.368897
3530,3528,Debit Card,Completed,2018-12-10,TXN-00003528,45.84,2026-08-06 01:41:39.368897
3531,3529,UPI,Completed,2017-06-27,TXN-00003529,38.24,2026-08-06 01:41:39.368897
3532,3530,Debit Card,Pending,2016-09-19,TXN-00003530,87.17,2026-08-06 01:41:39.368897
3533,3531,Credit Card,Completed,2017-05-21,TXN-00003531,21.4,2026-08-06 01:41:39.368897
3534,3532,Cash,Completed,2017-05-28,TXN-00003532,54.9,2026-08-06 01:41:39.368897
3535,3533,Credit Card,Pending,2015-04-21,TXN-00003533,287.97,2026-08-06 01:41:39.368897
3536,3534,Net Banking,Completed,2015-04-22,TXN-00003534,13.12,2026-08-06 01:41:39.368897
3537,3535,Debit Card,Completed,2015-04-18,TXN-00003535,10.75,2026-08-06 01:41:39.368897
3538,3536,Wallet,Completed,2015-04-22,TXN-00003536,11.62,2026-08-06 01:41:39.368897
3539,3537,Net Banking,Completed,2017-06-18,TXN-00003537,40.74,2026-08-06 01:41:39.368897
3540,3538,Credit Card,Completed,2015-05-13,TXN-00003538,83.25,2026-08-06 01:41:39.368897
3541,3539,UPI,Completed,2015-05-11,TXN-00003539,9.45,2026-08-06 01:41:39.368897
3542,3540,Credit Card,Completed,2015-05-10,TXN-00003540,20.65,2026-08-06 01:41:39.368897
3543,3541,Credit Card,Completed,2015-05-11,TXN-00003541,45.36,2026-08-06 01:41:39.368897
3544,3542,Net Banking,Completed,2017-09-20,TXN-00003542,5.35,2026-08-06 01:41:39.368897
3545,3543,Debit Card,Completed,2017-09-22,TXN-00003543,99.37,2026-08-06 01:41:39.368897
3546,3544,UPI,Completed,2017-09-19,TXN-00003544,2.67,2026-08-06 01:41:39.368897
3547,3545,Net Banking,Completed,2018-12-26,TXN-00003545,28.67,2026-08-06 01:41:39.368897
3548,3546,Wallet,Completed,2018-12-25,TXN-00003546,29.31,2026-08-06 01:41:39.368897
3549,3547,Credit Card,Completed,2018-11-03,TXN-00003547,105.98,2026-08-06 01:41:39.368897
3550,3548,Debit Card,Completed,2018-10-31,TXN-00003548,35.06,2026-08-06 01:41:39.368897
3551,3549,Net Banking,Completed,2018-10-30,TXN-00003549,33.94,2026-08-06 01:41:39.368897
3552,3550,Net Banking,Completed,2018-11-01,TXN-00003550,30.0,2026-08-06 01:41:39.368897
3553,3551,Debit Card,Completed,2017-04-01,TXN-00003551,45.53,2026-08-06 01:41:39.368897
3554,3552,Credit Card,Pending,2017-03-31,TXN-00003552,844.12,2026-08-06 01:41:39.368897
3555,3553,Net Banking,Completed,2017-03-31,TXN-00003553,812.74,2026-08-06 01:41:39.368897
3556,3554,Credit Card,Completed,2018-11-25,TXN-00003554,7.48,2026-08-06 01:41:39.368897
3557,3555,Wallet,Completed,2015-03-26,TXN-00003555,330.4,2026-08-06 01:41:39.368897
3558,3556,Cash,Completed,2015-03-25,TXN-00003556,604.75,2026-08-06 01:41:39.368897
3559,3557,Wallet,Completed,2018-12-01,TXN-00003557,45.36,2026-08-06 01:41:39.368897
3560,3558,Debit Card,Completed,2018-12-05,TXN-00003558,10.13,2026-08-06 01:41:39.368897
3561,3559,Wallet,Completed,2018-11-10,TXN-00003559,21.79,2026-08-06 01:41:39.368897
3562,3560,Debit Card,Completed,2018-11-09,TXN-00003560,439.8,2026-08-06 01:41:39.368897
3563,3561,Credit Card,Completed,2018-09-04,TXN-00003561,8.26,2026-08-06 01:41:39.368897
3564,3562,Debit Card,Completed,2018-09-05,TXN-00003562,25.56,2026-08-06 01:41:39.368897
3565,3563,Wallet,Completed,2018-09-04,TXN-00003563,4.37,2026-08-06 01:41:39.368897
3566,3564,Credit Card,Pending,2018-09-07,TXN-00003564,11.52,2026-08-06 01:41:39.368897
3567,3565,Cash,Completed,2017-07-07,TXN-00003565,12.96,2026-08-06 01:41:39.368897
3568,3566,Debit Card,Completed,2017-07-06,TXN-00003566,3.96,2026-08-06 01:41:39.368897
3569,3567,Cash,Completed,2018-09-07,TXN-00003567,1577.94,2026-08-06 01:41:39.368897
3570,3568,Wallet,Completed,2017-09-09,TXN-00003568,15.01,2026-08-06 01:41:39.368897
3571,3569,Wallet,Completed,2018-07-03,TXN-00003569,59.98,2026-08-06 01:41:39.368897
3572,3570,Wallet,Completed,2018-07-05,TXN-00003570,2395.2,2026-08-06 01:41:39.368897
3573,3571,UPI,Completed,2018-07-07,TXN-00003571,1687.8,2026-08-06 01:41:39.368897
3574,3572,Wallet,Completed,2018-07-04,TXN-00003572,7.99,2026-08-06 01:41:39.368897
3575,3573,Debit Card,Completed,2018-06-30,TXN-00003573,5.18,2026-08-06 01:41:39.368897
3576,3574,Debit Card,Completed,2018-08-07,TXN-00003574,11.68,2026-08-06 01:41:39.368897
3577,3575,Debit Card,Completed,2018-08-07,TXN-00003575,104.8,2026-08-06 01:41:39.368897
3578,3576,Debit Card,Completed,2016-03-20,TXN-00003576,14.5,2026-08-06 01:41:39.368897
3579,3577,Credit Card,Completed,2017-06-09,TXN-00003577,4.78,2026-08-06 01:41:39.368897
3580,3578,UPI,Completed,2017-06-10,TXN-00003578,4.73,2026-08-06 01:41:39.368897
3581,3579,Debit Card,Completed,2017-07-25,TXN-00003579,7.89,2026-08-06 01:41:39.368897
3582,3580,Net Banking,Completed,2017-07-29,TXN-00003580,65.5,2026-08-06 01:41:39.368897
3583,3581,Credit Card,Completed,2017-07-26,TXN-00003581,2430.08,2026-08-06 01:41:39.368897
3584,3582,Debit Card,Completed,2018-10-05,TXN-00003582,104.85,2026-08-06 01:41:39.368897
3585,3583,UPI,Completed,2016-12-12,TXN-00003583,3.9,2026-08-06 01:41:39.368897
3586,3584,Wallet,Completed,2016-12-11,TXN-00003584,801.96,2026-08-06 01:41:39.368897
3587,3585,Credit Card,Completed,2016-12-14,TXN-00003585,191.96,2026-08-06 01:41:39.368897
3588,3586,Net Banking,Completed,2016-12-11,TXN-00003586,2.61,2026-08-06 01:41:39.368897
3589,3587,Debit Card,Completed,2018-09-07,TXN-00003587,5.96,2026-08-06 01:41:39.368897
3590,3588,UPI,Completed,2018-09-25,TXN-00003588,1169.69,2026-08-06 01:41:39.368897
3591,3589,Debit Card,Completed,2018-12-20,TXN-00003589,1665.62,2026-08-06 01:41:39.368897
3592,3590,Cash,Completed,2018-11-27,TXN-00003590,2.88,2026-08-06 01:41:39.368897
3593,3591,Wallet,Completed,2018-11-26,TXN-00003591,1443.96,2026-08-06 01:41:39.368897
3594,3592,Credit Card,Completed,2015-12-17,TXN-00003592,2.92,2026-08-06 01:41:39.368897
3595,3593,Net Banking,Completed,2017-12-09,TXN-00003593,465.18,2026-08-06 01:41:39.368897
3596,3594,Cash,Completed,2017-09-11,TXN-00003594,22.43,2026-08-06 01:41:39.368897
3597,3595,UPI,Completed,2017-09-14,TXN-00003595,37.52,2026-08-06 01:41:39.368897
3598,3596,Net Banking,Completed,2018-12-13,TXN-00003596,2.62,2026-08-06 01:41:39.368897
3599,3597,Credit Card,Completed,2015-09-13,TXN-00003597,15.55,2026-08-06 01:41:39.368897
3600,3598,Net Banking,Completed,2015-09-12,TXN-00003598,64.7,2026-08-06 01:41:39.368897
3601,3599,Wallet,Completed,2015-09-09,TXN-00003599,17.47,2026-08-06 01:41:39.368897
3602,3600,UPI,Completed,2015-09-12,TXN-00003600,135.52,2026-08-06 01:41:39.368897
3603,3601,UPI,Completed,2018-06-26,TXN-00003601,431.93,2026-08-06 01:41:39.368897
3604,3602,Net Banking,Completed,2015-11-19,TXN-00003602,12.45,2026-08-06 01:41:39.368897
3605,3603,Debit Card,Completed,2015-11-20,TXN-00003603,657.93,2026-08-06 01:41:39.368897
3606,3604,Net Banking,Completed,2018-08-21,TXN-00003604,277.4,2026-08-06 01:41:39.368897
3607,3605,Debit Card,Completed,2018-08-23,TXN-00003605,25.16,2026-08-06 01:41:39.368897
3608,3606,Credit Card,Completed,2018-08-23,TXN-00003606,91.92,2026-08-06 01:41:39.368897
3609,3607,Credit Card,Completed,2017-03-16,TXN-00003607,29.34,2026-08-06 01:41:39.368897
3610,3608,Debit Card,Completed,2015-09-25,TXN-00003608,139.44,2026-08-06 01:41:39.368897
3611,3609,Wallet,Pending,2015-04-28,TXN-00003609,6.91,2026-08-06 01:41:39.368897
3612,3610,Debit Card,Completed,2015-05-01,TXN-00003610,27.1,2026-08-06 01:41:39.368897
3613,3611,Credit Card,Completed,2015-04-29,TXN-00003611,177.57,2026-08-06 01:41:39.368897
3614,3612,UPI,Completed,2017-12-03,TXN-00003612,58.42,2026-08-06 01:41:39.368897
3615,3613,Debit Card,Completed,2016-12-04,TXN-00003613,16.45,2026-08-06 01:41:39.368897
3616,3614,Wallet,Pending,2016-12-03,TXN-00003614,36.78,2026-08-06 01:41:39.368897
3617,3615,Wallet,Completed,2018-11-21,TXN-00003615,718.12,2026-08-06 01:41:39.368897
3618,3616,Net Banking,Completed,2018-11-19,TXN-00003616,31.78,2026-08-06 01:41:39.368897
3619,3617,Debit Card,Completed,2017-09-06,TXN-00003617,9.56,2026-08-06 01:41:39.368897
3620,3618,Cash,Completed,2018-09-04,TXN-00003618,487.98,2026-08-06 01:41:39.368897
3621,3619,Credit Card,Completed,2018-09-05,TXN-00003619,5.56,2026-08-06 01:41:39.368897
3622,3620,Cash,Completed,2018-09-04,TXN-00003620,217.85,2026-08-06 01:41:39.368897
3623,3621,Debit Card,Completed,2017-09-26,TXN-00003621,40.78,2026-08-06 01:41:39.368897
3624,3622,Wallet,Pending,2017-09-24,TXN-00003622,63.94,2026-08-06 01:41:39.368897
3625,3623,Cash,Completed,2015-09-16,TXN-00003623,142.4,2026-08-06 01:41:39.368897
3626,3624,Debit Card,Completed,2015-09-15,TXN-00003624,7.16,2026-08-06 01:41:39.368897
3627,3625,Wallet,Completed,2018-05-22,TXN-00003625,681.41,2026-08-06 01:41:39.368897
3628,3626,Debit Card,Completed,2018-05-23,TXN-00003626,3.52,2026-08-06 01:41:39.368897
3629,3627,Wallet,Completed,2018-05-21,TXN-00003627,5.58,2026-08-06 01:41:39.368897
3630,3628,Cash,Completed,2018-05-19,TXN-00003628,36.32,2026-08-06 01:41:39.368897
3631,3629,UPI,Completed,2015-08-13,TXN-00003629,2060.74,2026-08-06 01:41:39.368897
3632,3630,Cash,Completed,2018-11-29,TXN-00003630,52.27,2026-08-06 01:41:39.368897
3633,3631,UPI,Completed,2018-11-28,TXN-00003631,213.14,2026-08-06 01:41:39.368897
3634,3632,Net Banking,Completed,2018-05-04,TXN-00003632,69.52,2026-08-06 01:41:39.368897
3635,3633,Credit Card,Completed,2018-05-04,TXN-00003633,763.44,2026-08-06 01:41:39.368897
3636,3634,Credit Card,Completed,2017-11-10,TXN-00003634,9.22,2026-08-06 01:41:39.368897
3637,3635,Debit Card,Completed,2017-11-14,TXN-00003635,41.96,2026-08-06 01:41:39.368897
3638,3636,Wallet,Completed,2017-11-13,TXN-00003636,89.57,2026-08-06 01:41:39.368897
3639,3637,Cash,Completed,2017-11-14,TXN-00003637,22.25,2026-08-06 01:41:39.368897
3640,3638,Wallet,Completed,2017-11-10,TXN-00003638,334.88,2026-08-06 01:41:39.368897
3641,3639,Net Banking,Completed,2017-11-10,TXN-00003639,148.29,2026-08-06 01:41:39.368897
3642,3640,Wallet,Completed,2017-11-11,TXN-00003640,4.62,2026-08-06 01:41:39.368897
3643,3641,Debit Card,Completed,2017-11-10,TXN-00003641,178.92,2026-08-06 01:41:39.368897
3644,3642,Debit Card,Completed,2017-11-13,TXN-00003642,69.89,2026-08-06 01:41:39.368897
3645,3643,Wallet,Completed,2015-12-23,TXN-00003643,487.98,2026-08-06 01:41:39.368897
3646,3644,Debit Card,Completed,2015-12-20,TXN-00003644,47.3,2026-08-06 01:41:39.368897
3647,3645,Net Banking,Completed,2015-12-23,TXN-00003645,4.13,2026-08-06 01:41:39.368897
3648,3646,Credit Card,Completed,2015-12-22,TXN-00003646,155.12,2026-08-06 01:41:39.368897
3649,3647,Wallet,Completed,2015-07-29,TXN-00003647,6.48,2026-08-06 01:41:39.368897
3650,3648,UPI,Completed,2015-07-29,TXN-00003648,15.52,2026-08-06 01:41:39.368897
3651,3649,Debit Card,Completed,2016-11-23,TXN-00003649,2.95,2026-08-06 01:41:39.368897
3652,3650,Wallet,Completed,2016-11-24,TXN-00003650,55.1,2026-08-06 01:41:39.368897
3653,3651,Debit Card,Completed,2018-12-10,TXN-00003651,104.88,2026-08-06 01:41:39.368897
3654,3652,UPI,Completed,2018-12-10,TXN-00003652,34.7,2026-08-06 01:41:39.368897
3655,3653,Wallet,Completed,2018-12-10,TXN-00003653,33.72,2026-08-06 01:41:39.368897
3656,3654,Wallet,Completed,2018-12-10,TXN-00003654,14.94,2026-08-06 01:41:39.368897
3657,3655,Credit Card,Completed,2018-09-02,TXN-00003655,638.73,2026-08-06 01:41:39.368897
3658,3656,Debit Card,Completed,2018-04-27,TXN-00003656,113.57,2026-08-06 01:41:39.368897
3659,3657,Net Banking,Completed,2018-09-11,TXN-00003657,9.1,2026-08-06 01:41:39.368897
3660,3658,Credit Card,Completed,2016-03-13,TXN-00003658,8.69,2026-08-06 01:41:39.368897
3661,3659,Wallet,Completed,2016-03-12,TXN-00003659,30.88,2026-08-06 01:41:39.368897
3662,3660,Credit Card,Completed,2016-03-14,TXN-00003660,6.41,2026-08-06 01:41:39.368897
3663,3661,Wallet,Completed,2017-07-18,TXN-00003661,33.8,2026-08-06 01:41:39.368897
3664,3662,Credit Card,Completed,2017-06-15,TXN-00003662,377.97,2026-08-06 01:41:39.368897
3665,3663,Net Banking,Completed,2018-07-03,TXN-00003663,258.9,2026-08-06 01:41:39.368897
3666,3664,Credit Card,Completed,2018-07-07,TXN-00003664,24.56,2026-08-06 01:41:39.368897
3667,3665,Debit Card,Completed,2015-12-08,TXN-00003665,27.89,2026-08-06 01:41:39.368897
3668,3666,Credit Card,Completed,2015-12-08,TXN-00003666,6.46,2026-08-06 01:41:39.368897
3669,3667,Cash,Completed,2015-12-12,TXN-00003667,52.68,2026-08-06 01:41:39.368897
3670,3668,Credit Card,Completed,2015-12-08,TXN-00003668,13.88,2026-08-06 01:41:39.368897
3671,3669,Net Banking,Pending,2015-12-08,TXN-00003669,103.92,2026-08-06 01:41:39.368897
3672,3670,Net Banking,Completed,2015-12-12,TXN-00003670,11.52,2026-08-06 01:41:39.368897
3673,3671,Debit Card,Completed,2015-12-09,TXN-00003671,10.37,2026-08-06 01:41:39.368897
3674,3672,Debit Card,Completed,2015-12-12,TXN-00003672,39.07,2026-08-06 01:41:39.368897
3675,3673,Wallet,Completed,2017-04-11,TXN-00003673,8.87,2026-08-06 01:41:39.368897
3676,3674,Debit Card,Completed,2017-04-09,TXN-00003674,121.1,2026-08-06 01:41:39.368897
3677,3675,Debit Card,Completed,2018-11-07,TXN-00003675,127.37,2026-08-06 01:41:39.368897
3678,3676,Debit Card,Completed,2018-11-06,TXN-00003676,47.95,2026-08-06 01:41:39.368897
3679,3677,Debit Card,Completed,2016-12-06,TXN-00003677,44.46,2026-08-06 01:41:39.368897
3680,3678,Cash,Completed,2016-07-13,TXN-00003678,15.8,2026-08-06 01:41:39.368897
3681,3679,Cash,Completed,2016-07-10,TXN-00003679,464.97,2026-08-06 01:41:39.368897
3682,3680,Net Banking,Completed,2016-07-10,TXN-00003680,181.96,2026-08-06 01:41:39.368897
3683,3681,Net Banking,Completed,2016-07-10,TXN-00003681,12.39,2026-08-06 01:41:39.368897
3684,3682,UPI,Completed,2016-07-09,TXN-00003682,84.09,2026-08-06 01:41:39.368897
3685,3683,Debit Card,Completed,2016-07-10,TXN-00003683,79.36,2026-08-06 01:41:39.368897
3686,3684,Wallet,Completed,2016-07-13,TXN-00003684,153.36,2026-08-06 01:41:39.368897
3687,3685,Credit Card,Completed,2016-07-12,TXN-00003685,43.68,2026-08-06 01:41:39.368897
3688,3686,Cash,Completed,2016-07-10,TXN-00003686,98.21,2026-08-06 01:41:39.368897
3689,3687,Debit Card,Completed,2017-12-17,TXN-00003687,9.84,2026-08-06 01:41:39.368897
3690,3688,Cash,Completed,2017-05-21,TXN-00003688,2.69,2026-08-06 01:41:39.368897
3691,3689,Wallet,Completed,2018-06-04,TXN-00003689,25.34,2026-08-06 01:41:39.368897
3692,3690,Wallet,Completed,2018-06-04,TXN-00003690,43.92,2026-08-06 01:41:39.368897
3693,3691,UPI,Completed,2016-10-31,TXN-00003691,59.99,2026-08-06 01:41:39.368897
3694,3692,Net Banking,Completed,2016-11-03,TXN-00003692,439.99,2026-08-06 01:41:39.368897
3695,3693,Credit Card,Completed,2016-10-31,TXN-00003693,87.96,2026-08-06 01:41:39.368897
3696,3694,Debit Card,Completed,2016-11-01,TXN-00003694,15.49,2026-08-06 01:41:39.368897
3697,3695,Cash,Completed,2017-10-18,TXN-00003695,232.96,2026-08-06 01:41:39.368897
3698,3696,Debit Card,Completed,2017-10-19,TXN-00003696,66.54,2026-08-06 01:41:39.368897
3699,3697,Credit Card,Completed,2017-10-19,TXN-00003697,43.26,2026-08-06 01:41:39.368897
3700,3698,Cash,Completed,2016-11-23,TXN-00003698,141.96,2026-08-06 01:41:39.368897
3701,3699,Wallet,Completed,2015-09-17,TXN-00003699,79.4,2026-08-06 01:41:39.368897
3702,3700,UPI,Completed,2018-11-16,TXN-00003700,163.96,2026-08-06 01:41:39.368897
3703,3701,Wallet,Completed,2018-12-27,TXN-00003701,37.93,2026-08-06 01:41:39.368897
3704,3702,UPI,Completed,2017-01-09,TXN-00003702,15.17,2026-08-06 01:41:39.368897
3705,3703,Credit Card,Completed,2016-06-14,TXN-00003703,24.78,2026-08-06 01:41:39.368897
3706,3704,Cash,Completed,2016-06-15,TXN-00003704,19.14,2026-08-06 01:41:39.368897
3707,3705,Debit Card,Completed,2016-06-13,TXN-00003705,899.97,2026-08-06 01:41:39.368897
3708,3706,Debit Card,Completed,2016-06-17,TXN-00003706,32.4,2026-08-06 01:41:39.368897
3709,3707,Debit Card,Completed,2018-03-19,TXN-00003707,23.83,2026-08-06 01:41:39.368897
3710,3708,Cash,Completed,2015-11-23,TXN-00003708,6.37,2026-08-06 01:41:39.368897
3711,3709,Cash,Completed,2015-11-23,TXN-00003709,34.18,2026-08-06 01:41:39.368897
3712,3710,Debit Card,Completed,2015-11-27,TXN-00003710,5.54,2026-08-06 01:41:39.368897
3713,3711,Credit Card,Completed,2018-10-17,TXN-00003711,510.24,2026-08-06 01:41:39.368897
3714,3712,Credit Card,Completed,2018-10-18,TXN-00003712,204.95,2026-08-06 01:41:39.368897
3715,3713,Wallet,Completed,2018-04-24,TXN-00003713,11.54,2026-08-06 01:41:39.368897
3716,3714,UPI,Completed,2018-04-25,TXN-00003714,162.6,2026-08-06 01:41:39.368897
3717,3715,UPI,Completed,2015-12-09,TXN-00003715,45.68,2026-08-06 01:41:39.368897
3718,3716,Credit Card,Completed,2015-12-11,TXN-00003716,603.92,2026-08-06 01:41:39.368897
3719,3717,Cash,Completed,2018-06-02,TXN-00003717,23.55,2026-08-06 01:41:39.368897
3720,3718,Credit Card,Completed,2017-09-23,TXN-00003718,5.04,2026-08-06 01:41:39.368897
3721,3719,Wallet,Completed,2017-09-21,TXN-00003719,249.95,2026-08-06 01:41:39.368897
3722,3720,Wallet,Completed,2017-09-21,TXN-00003720,33.4,2026-08-06 01:41:39.368897
3723,3721,Debit Card,Completed,2017-12-21,TXN-00003721,18.92,2026-08-06 01:41:39.368897
3724,3722,Net Banking,Pending,2017-12-21,TXN-00003722,15.42,2026-08-06 01:41:39.368897
3725,3723,UPI,Completed,2018-11-23,TXN-00003723,35.71,2026-08-06 01:41:39.368897
3726,3724,Cash,Completed,2015-12-30,TXN-00003724,551.99,2026-08-06 01:41:39.368897
3727,3725,Cash,Completed,2018-04-03,TXN-00003725,7.06,2026-08-06 01:41:39.368897
3728,3726,Debit Card,Completed,2017-12-26,TXN-00003726,18.72,2026-08-06 01:41:39.368897
3729,3727,Net Banking,Completed,2017-06-07,TXN-00003727,360.38,2026-08-06 01:41:39.368897
3730,3728,Debit Card,Completed,2017-06-06,TXN-00003728,11.16,2026-08-06 01:41:39.368897
3731,3729,Cash,Completed,2017-06-05,TXN-00003729,14.94,2026-08-06 01:41:39.368897
3732,3730,Credit Card,Completed,2016-09-21,TXN-00003730,41.96,2026-08-06 01:41:39.368897
3733,3731,Cash,Completed,2016-09-20,TXN-00003731,636.86,2026-08-06 01:41:39.368897
3734,3732,Cash,Completed,2016-09-20,TXN-00003732,499.99,2026-08-06 01:41:39.368897
3735,3733,Wallet,Completed,2016-09-21,TXN-00003733,1259.93,2026-08-06 01:41:39.368897
3736,3734,Wallet,Completed,2016-09-18,TXN-00003734,65.08,2026-08-06 01:41:39.368897
3737,3735,Debit Card,Completed,2018-03-10,TXN-00003735,26.38,2026-08-06 01:41:39.368897
3738,3736,Credit Card,Completed,2018-03-06,TXN-00003736,71.97,2026-08-06 01:41:39.368897
3739,3737,Cash,Completed,2017-03-18,TXN-00003737,129.98,2026-08-06 01:41:39.368897
3740,3738,Wallet,Pending,2017-03-17,TXN-00003738,32.54,2026-08-06 01:41:39.368897
3741,3739,Net Banking,Completed,2017-12-09,TXN-00003739,10.9,2026-08-06 01:41:39.368897
3742,3740,Wallet,Completed,2017-12-10,TXN-00003740,59.98,2026-08-06 01:41:39.368897
3743,3741,Wallet,Completed,2017-12-10,TXN-00003741,61.93,2026-08-06 01:41:39.368897
3744,3742,Wallet,Completed,2017-01-15,TXN-00003742,16.52,2026-08-06 01:41:39.368897
3745,3743,Wallet,Completed,2017-01-19,TXN-00003743,60.12,2026-08-06 01:41:39.368897
3746,3744,Net Banking,Completed,2017-01-17,TXN-00003744,49.54,2026-08-06 01:41:39.368897
3747,3745,Debit Card,Completed,2015-10-28,TXN-00003745,11.85,2026-08-06 01:41:39.368897
3748,3746,Cash,Completed,2017-09-25,TXN-00003746,118.25,2026-08-06 01:41:39.368897
3749,3747,UPI,Completed,2017-09-26,TXN-00003747,368.97,2026-08-06 01:41:39.368897
3750,3748,Net Banking,Completed,2018-08-28,TXN-00003748,198.46,2026-08-06 01:41:39.368897
3751,3749,Credit Card,Completed,2018-08-31,TXN-00003749,321.92,2026-08-06 01:41:39.368897
3752,3750,Wallet,Completed,2018-08-30,TXN-00003750,879.98,2026-08-06 01:41:39.368897
3753,3751,Net Banking,Completed,2018-08-30,TXN-00003751,28.4,2026-08-06 01:41:39.368897
3754,3752,Debit Card,Completed,2018-08-29,TXN-00003752,230.28,2026-08-06 01:41:39.368897
3755,3753,UPI,Completed,2018-08-28,TXN-00003753,116.28,2026-08-06 01:41:39.368897
3756,3754,Credit Card,Completed,2018-08-27,TXN-00003754,841.57,2026-08-06 01:41:39.368897
3757,3755,Wallet,Completed,2018-08-31,TXN-00003755,354.9,2026-08-06 01:41:39.368897
3758,3756,Wallet,Completed,2017-03-05,TXN-00003756,42.78,2026-08-06 01:41:39.368897
3759,3757,Cash,Completed,2017-03-07,TXN-00003757,563.43,2026-08-06 01:41:39.368897
3760,3758,UPI,Completed,2017-03-02,TXN-00003758,111.1,2026-08-06 01:41:39.368897
3761,3759,Net Banking,Completed,2016-09-22,TXN-00003759,11.68,2026-08-06 01:41:39.368897
3762,3760,Wallet,Completed,2016-09-18,TXN-00003760,16.9,2026-08-06 01:41:39.368897
3763,3761,Cash,Completed,2016-09-19,TXN-00003761,24.4,2026-08-06 01:41:39.368897
3764,3762,Net Banking,Completed,2018-05-14,TXN-00003762,87.6,2026-08-06 01:41:39.368897
3765,3763,Wallet,Completed,2017-08-14,TXN-00003763,241.96,2026-08-06 01:41:39.368897
3766,3764,Credit Card,Completed,2017-08-17,TXN-00003764,8.52,2026-08-06 01:41:39.368897
3767,3765,UPI,Completed,2018-02-27,TXN-00003765,1.79,2026-08-06 01:41:39.368897
3768,3766,Debit Card,Pending,2017-03-23,TXN-00003766,99.37,2026-08-06 01:41:39.368897
3769,3767,Cash,Completed,2017-03-22,TXN-00003767,1.34,2026-08-06 01:41:39.368897
3770,3768,Cash,Completed,2016-12-11,TXN-00003768,119.96,2026-08-06 01:41:39.368897
3771,3769,Debit Card,Completed,2015-12-17,TXN-00003769,1013.83,2026-08-06 01:41:39.368897
3772,3770,Credit Card,Completed,2015-12-18,TXN-00003770,1.98,2026-08-06 01:41:39.368897
3773,3771,Net Banking,Completed,2017-12-20,TXN-00003771,2003.52,2026-08-06 01:41:39.368897
3774,3772,Debit Card,Completed,2017-05-15,TXN-00003772,82.37,2026-08-06 01:41:39.368897
3775,3773,Net Banking,Completed,2015-08-10,TXN-00003773,62.91,2026-08-06 01:41:39.368897
3776,3774,UPI,Pending,2015-04-15,TXN-00003774,6.91,2026-08-06 01:41:39.368897
3777,3775,Net Banking,Pending,2015-04-11,TXN-00003775,383.98,2026-08-06 01:41:39.368897
3778,3776,Debit Card,Completed,2015-04-13,TXN-00003776,10.37,2026-08-06 01:41:39.368897
3779,3777,Cash,Completed,2015-04-13,TXN-00003777,335.94,2026-08-06 01:41:39.368897
3780,3778,UPI,Completed,2016-05-06,TXN-00003778,665.88,2026-08-06 01:41:39.368897
3781,3779,Debit Card,Completed,2018-12-03,TXN-00003779,71.98,2026-08-06 01:41:39.368897
3782,3780,Cash,Completed,2018-02-18,TXN-00003780,37.94,2026-08-06 01:41:39.368897
3783,3781,Net Banking,Completed,2015-11-17,TXN-00003781,273.96,2026-08-06 01:41:39.368897
3784,3782,Wallet,Completed,2016-07-09,TXN-00003782,269.98,2026-08-06 01:41:39.368897
3785,3783,Net Banking,Completed,2018-11-15,TXN-00003783,8.9,2026-08-06 01:41:39.368897
3786,3784,Cash,Completed,2018-11-16,TXN-00003784,720.06,2026-08-06 01:41:39.368897
3787,3785,Net Banking,Completed,2018-07-31,TXN-00003785,41.42,2026-08-06 01:41:39.368897
3788,3786,Credit Card,Completed,2018-12-29,TXN-00003786,3.13,2026-08-06 01:41:39.368897
3789,3787,UPI,Completed,2017-11-02,TXN-00003787,1085.42,2026-08-06 01:41:39.368897
3790,3788,UPI,Completed,2017-09-04,TXN-00003788,3.91,2026-08-06 01:41:39.368897
3791,3789,Credit Card,Completed,2017-09-05,TXN-00003789,62.38,2026-08-06 01:41:39.368897
3792,3790,Cash,Completed,2017-04-18,TXN-00003790,29.05,2026-08-06 01:41:39.368897
3793,3791,UPI,Completed,2015-07-06,TXN-00003791,180.96,2026-08-06 01:41:39.368897
3794,3792,UPI,Completed,2016-03-01,TXN-00003792,4.42,2026-08-06 01:41:39.368897
3795,3793,UPI,Completed,2016-02-27,TXN-00003793,16.03,2026-08-06 01:41:39.368897
3796,3794,Credit Card,Completed,2016-11-30,TXN-00003794,29.79,2026-08-06 01:41:39.368897
3797,3795,UPI,Completed,2015-01-27,TXN-00003795,57.23,2026-08-06 01:41:39.368897
3798,3796,Wallet,Completed,2015-01-28,TXN-00003796,333.0,2026-08-06 01:41:39.368897
3799,3797,Credit Card,Completed,2015-01-29,TXN-00003797,36.44,2026-08-06 01:41:39.368897
3800,3798,Net Banking,Completed,2018-09-24,TXN-00003798,251.64,2026-08-06 01:41:39.368897
3801,3799,Net Banking,Completed,2018-11-05,TXN-00003799,523.76,2026-08-06 01:41:39.368897
3802,3800,Credit Card,Completed,2018-11-07,TXN-00003800,1359.96,2026-08-06 01:41:39.368897
3803,3801,Debit Card,Refunded,2017-10-17,TXN-00003801,102.59,2026-08-06 01:41:39.368897
3804,3802,Net Banking,Completed,2017-10-18,TXN-00003802,22.7,2026-08-06 01:41:39.368897
3805,3803,Net Banking,Completed,2017-10-17,TXN-00003803,93.02,2026-08-06 01:41:39.368897
3806,3804,Cash,Completed,2017-10-15,TXN-00003804,12.77,2026-08-06 01:41:39.368897
3807,3805,Debit Card,Completed,2017-10-15,TXN-00003805,35.01,2026-08-06 01:41:39.368897
3808,3806,UPI,Completed,2017-10-16,TXN-00003806,39.15,2026-08-06 01:41:39.368897
3809,3807,UPI,Completed,2016-11-14,TXN-00003807,11.76,2026-08-06 01:41:39.368897
3810,3808,UPI,Completed,2016-11-12,TXN-00003808,5.24,2026-08-06 01:41:39.368897
3811,3809,Credit Card,Completed,2016-11-12,TXN-00003809,4.66,2026-08-06 01:41:39.368897
3812,3810,Wallet,Completed,2016-11-13,TXN-00003810,523.92,2026-08-06 01:41:39.368897
3813,3811,Net Banking,Completed,2016-11-16,TXN-00003811,100.79,2026-08-06 01:41:39.368897
3814,3812,Credit Card,Completed,2016-11-15,TXN-00003812,146.14,2026-08-06 01:41:39.368897
3815,3813,Wallet,Completed,2018-03-06,TXN-00003813,25.06,2026-08-06 01:41:39.368897
3816,3814,Debit Card,Completed,2016-11-08,TXN-00003814,19.82,2026-08-06 01:41:39.368897
3817,3815,Cash,Completed,2017-07-11,TXN-00003815,823.96,2026-08-06 01:41:39.368897
3818,3816,Net Banking,Completed,2017-07-11,TXN-00003816,15.98,2026-08-06 01:41:39.368897
3819,3817,Net Banking,Completed,2016-09-18,TXN-00003817,801.96,2026-08-06 01:41:39.368897
3820,3818,Credit Card,Completed,2016-09-17,TXN-00003818,59.97,2026-08-06 01:41:39.368897
3821,3819,Credit Card,Completed,2016-09-17,TXN-00003819,1056.86,2026-08-06 01:41:39.368897
3822,3820,Wallet,Completed,2018-10-11,TXN-00003820,12.82,2026-08-06 01:41:39.368897
3823,3821,Net Banking,Completed,2018-10-12,TXN-00003821,314.35,2026-08-06 01:41:39.368897
3824,3822,Credit Card,Completed,2018-10-10,TXN-00003822,18.98,2026-08-06 01:41:39.368897
3825,3823,Cash,Completed,2018-10-13,TXN-00003823,18.24,2026-08-06 01:41:39.368897
3826,3824,Credit Card,Completed,2016-09-18,TXN-00003824,991.2,2026-08-06 01:41:39.368897
3827,3825,Debit Card,Completed,2016-09-18,TXN-00003825,879.98,2026-08-06 01:41:39.368897
3828,3826,Wallet,Completed,2016-09-16,TXN-00003826,12.96,2026-08-06 01:41:39.368897
3829,3827,Cash,Completed,2015-10-11,TXN-00003827,107.44,2026-08-06 01:41:39.368897
3830,3828,Net Banking,Completed,2018-05-08,TXN-00003828,1458.65,2026-08-06 01:41:39.368897
3831,3829,Credit Card,Completed,2018-05-08,TXN-00003829,26.64,2026-08-06 01:41:39.368897
3832,3830,Net Banking,Completed,2018-05-11,TXN-00003830,476.8,2026-08-06 01:41:39.368897
3833,3831,Cash,Completed,2018-05-10,TXN-00003831,87.44,2026-08-06 01:41:39.368897
3834,3832,Net Banking,Completed,2016-11-17,TXN-00003832,76.14,2026-08-06 01:41:39.368897
3835,3833,Wallet,Completed,2016-11-16,TXN-00003833,19.96,2026-08-06 01:41:39.368897
3836,3834,Wallet,Completed,2015-11-24,TXN-00003834,1049.97,2026-08-06 01:41:39.368897
3837,3835,Net Banking,Completed,2015-11-24,TXN-00003835,611.06,2026-08-06 01:41:39.368897
3838,3836,Net Banking,Completed,2015-04-12,TXN-00003836,2.37,2026-08-06 01:41:39.368897
3839,3837,Debit Card,Completed,2015-04-12,TXN-00003837,19.01,2026-08-06 01:41:39.368897
3840,3838,Debit Card,Completed,2015-07-27,TXN-00003838,911.98,2026-08-06 01:41:39.368897
3841,3839,Wallet,Completed,2015-07-27,TXN-00003839,674.35,2026-08-06 01:41:39.368897
3842,3840,Net Banking,Completed,2015-07-27,TXN-00003840,134.01,2026-08-06 01:41:39.368897
3843,3841,Wallet,Completed,2015-07-28,TXN-00003841,170.97,2026-08-06 01:41:39.368897
3844,3842,Credit Card,Pending,2015-06-08,TXN-00003842,170.35,2026-08-06 01:41:39.368897
3845,3843,Cash,Completed,2015-10-31,TXN-00003843,7.18,2026-08-06 01:41:39.368897
3846,3844,Credit Card,Completed,2015-10-30,TXN-00003844,6.28,2026-08-06 01:41:39.368897
3847,3845,Net Banking,Completed,2015-10-31,TXN-00003845,480.74,2026-08-06 01:41:39.368897
3848,3846,Credit Card,Completed,2015-10-30,TXN-00003846,617.0,2026-08-06 01:41:39.368897
3849,3847,Wallet,Completed,2015-10-29,TXN-00003847,141.4,2026-08-06 01:41:39.368897
3850,3848,Debit Card,Completed,2018-11-25,TXN-00003848,501.81,2026-08-06 01:41:39.368897
3851,3849,Debit Card,Completed,2018-09-26,TXN-00003849,691.96,2026-08-06 01:41:39.368897
3852,3850,Net Banking,Completed,2018-09-25,TXN-00003850,34.95,2026-08-06 01:41:39.368897
3853,3851,Debit Card,Completed,2016-12-05,TXN-00003851,85.96,2026-08-06 01:41:39.368897
3854,3852,Cash,Completed,2016-09-23,TXN-00003852,85.3,2026-08-06 01:41:39.368897
3855,3853,Net Banking,Completed,2018-11-30,TXN-00003853,33.57,2026-08-06 01:41:39.368897
3856,3854,Net Banking,Completed,2018-06-09,TXN-00003854,4.95,2026-08-06 01:41:39.368897
3857,3855,Wallet,Completed,2018-06-10,TXN-00003855,26.4,2026-08-06 01:41:39.368897
3858,3856,Credit Card,Completed,2018-10-26,TXN-00003856,3.56,2026-08-06 01:41:39.368897
3859,3857,Debit Card,Completed,2018-10-23,TXN-00003857,823.96,2026-08-06 01:41:39.368897
3860,3858,Cash,Completed,2018-10-26,TXN-00003858,10.27,2026-08-06 01:41:39.368897
3861,3859,Wallet,Completed,2015-12-23,TXN-00003859,447.94,2026-08-06 01:41:39.368897
3862,3860,Net Banking,Completed,2018-02-20,TXN-00003860,480.96,2026-08-06 01:41:39.368897
3863,3861,Credit Card,Completed,2018-02-19,TXN-00003861,124.79,2026-08-06 01:41:39.368897
3864,3862,Wallet,Completed,2015-05-06,TXN-00003862,40.18,2026-08-06 01:41:39.368897
3865,3863,Debit Card,Completed,2015-05-04,TXN-00003863,10.9,2026-08-06 01:41:39.368897
3866,3864,Net Banking,Completed,2018-10-19,TXN-00003864,10.64,2026-08-06 01:41:39.368897
3867,3865,Net Banking,Completed,2016-12-02,TXN-00003865,151.96,2026-08-06 01:41:39.368897
3868,3866,Wallet,Completed,2015-07-31,TXN-00003866,238.0,2026-08-06 01:41:39.368897
3869,3867,Credit Card,Completed,2018-04-25,TXN-00003867,155.34,2026-08-06 01:41:39.368897
3870,3868,Debit Card,Completed,2016-10-23,TXN-00003868,148.32,2026-08-06 01:41:39.368897
3871,3869,UPI,Completed,2016-10-23,TXN-00003869,240.78,2026-08-06 01:41:39.368897
3872,3870,Credit Card,Completed,2016-10-27,TXN-00003870,191.97,2026-08-06 01:41:39.368897
3873,3871,UPI,Completed,2016-10-24,TXN-00003871,11.56,2026-08-06 01:41:39.368897
3874,3872,Cash,Completed,2016-10-27,TXN-00003872,11.8,2026-08-06 01:41:39.368897
3875,3873,Cash,Completed,2016-10-25,TXN-00003873,842.35,2026-08-06 01:41:39.368897
3876,3874,UPI,Completed,2017-09-07,TXN-00003874,23.47,2026-08-06 01:41:39.368897
3877,3875,Net Banking,Completed,2017-09-08,TXN-00003875,86.06,2026-08-06 01:41:39.368897
3878,3876,UPI,Completed,2017-09-09,TXN-00003876,108.78,2026-08-06 01:41:39.368897
3879,3877,Debit Card,Pending,2017-09-06,TXN-00003877,10.27,2026-08-06 01:41:39.368897
3880,3878,Net Banking,Completed,2017-10-30,TXN-00003878,38.19,2026-08-06 01:41:39.368897
3881,3879,Credit Card,Completed,2015-04-09,TXN-00003879,49.63,2026-08-06 01:41:39.368897
3882,3880,Credit Card,Completed,2015-04-07,TXN-00003880,52.1,2026-08-06 01:41:39.368897
3883,3881,Credit Card,Completed,2016-06-18,TXN-00003881,9.57,2026-08-06 01:41:39.368897
3884,3882,Cash,Completed,2016-06-19,TXN-00003882,82.37,2026-08-06 01:41:39.368897
3885,3883,Net Banking,Completed,2016-06-17,TXN-00003883,364.7,2026-08-06 01:41:39.368897
3886,3884,Credit Card,Completed,2016-06-17,TXN-00003884,40.26,2026-08-06 01:41:39.368897
3887,3885,Debit Card,Completed,2015-07-08,TXN-00003885,4.37,2026-08-06 01:41:39.368897
3888,3886,Cash,Completed,2018-01-30,TXN-00003886,12.13,2026-08-06 01:41:39.368897
3889,3887,Credit Card,Completed,2017-03-07,TXN-00003887,134.85,2026-08-06 01:41:39.368897
3890,3888,Debit Card,Completed,2015-06-06,TXN-00003888,8.56,2026-08-06 01:41:39.368897
3891,3889,Net Banking,Completed,2015-06-04,TXN-00003889,239.97,2026-08-06 01:41:39.368897
3892,3890,Cash,Completed,2015-06-03,TXN-00003890,356.94,2026-08-06 01:41:39.368897
3893,3891,Net Banking,Completed,2017-11-24,TXN-00003891,659.9,2026-08-06 01:41:39.368897
3894,3892,Debit Card,Completed,2017-11-25,TXN-00003892,1684.75,2026-08-06 01:41:39.368897
3895,3893,UPI,Completed,2017-11-26,TXN-00003893,559.92,2026-08-06 01:41:39.368897
3896,3894,Debit Card,Completed,2017-11-12,TXN-00003894,279.94,2026-08-06 01:41:39.368897
3897,3895,Wallet,Completed,2015-11-23,TXN-00003895,9.98,2026-08-06 01:41:39.368897
3898,3896,Credit Card,Completed,2018-05-02,TXN-00003896,48.9,2026-08-06 01:41:39.368897
3899,3897,Net Banking,Completed,2018-12-08,TXN-00003897,3.55,2026-08-06 01:41:39.368897
3900,3898,Net Banking,Pending,2018-12-09,TXN-00003898,15.55,2026-08-06 01:41:39.368897
3901,3899,Cash,Completed,2018-12-02,TXN-00003899,2.37,2026-08-06 01:41:39.368897
3902,3900,Credit Card,Completed,2018-12-09,TXN-00003900,127.98,2026-08-06 01:41:39.368897
3903,3901,Credit Card,Completed,2016-01-07,TXN-00003901,10.37,2026-08-06 01:41:39.368897
3904,3902,Net Banking,Completed,2016-11-14,TXN-00003902,47.98,2026-08-06 01:41:39.368897
3905,3903,Cash,Completed,2016-10-02,TXN-00003903,270.34,2026-08-06 01:41:39.368897
3906,3904,Cash,Completed,2016-04-08,TXN-00003904,98.11,2026-08-06 01:41:39.368897
3907,3905,Credit Card,Completed,2016-04-07,TXN-00003905,563.81,2026-08-06 01:41:39.368897
3908,3906,Net Banking,Completed,2016-04-05,TXN-00003906,10.43,2026-08-06 01:41:39.368897
3909,3907,Cash,Completed,2016-04-06,TXN-00003907,547.14,2026-08-06 01:41:39.368897
3910,3908,Wallet,Completed,2016-04-06,TXN-00003908,14.85,2026-08-06 01:41:39.368897
3911,3909,UPI,Completed,2016-04-07,TXN-00003909,41.99,2026-08-06 01:41:39.368897
3912,3910,Cash,Completed,2016-04-09,TXN-00003910,7.58,2026-08-06 01:41:39.368897
3913,3911,Credit Card,Completed,2016-04-06,TXN-00003911,352.45,2026-08-06 01:41:39.368897
3914,3912,Credit Card,Pending,2018-06-09,TXN-00003912,470.38,2026-08-06 01:41:39.368897
3915,3913,Cash,Completed,2018-09-21,TXN-00003913,19.44,2026-08-06 01:41:39.368897
3916,3914,Debit Card,Completed,2018-09-21,TXN-00003914,9.82,2026-08-06 01:41:39.368897
3917,3915,UPI,Completed,2018-07-18,TXN-00003915,801.6,2026-08-06 01:41:39.368897
3918,3916,Cash,Completed,2018-07-20,TXN-00003916,161.57,2026-08-06 01:41:39.368897
3919,3917,Credit Card,Completed,2018-07-18,TXN-00003917,16.1,2026-08-06 01:41:39.368897
3920,3918,UPI,Completed,2018-07-20,TXN-00003918,7.66,2026-08-06 01:41:39.368897
3921,3919,Cash,Pending,2018-07-18,TXN-00003919,311.98,2026-08-06 01:41:39.368897
3922,3920,Wallet,Completed,2016-12-04,TXN-00003920,61.68,2026-08-06 01:41:39.368897
3923,3921,Cash,Completed,2016-12-05,TXN-00003921,63.96,2026-08-06 01:41:39.368897
3924,3922,UPI,Completed,2017-06-30,TXN-00003922,359.98,2026-08-06 01:41:39.368897
3925,3923,Cash,Pending,2018-08-31,TXN-00003923,25.34,2026-08-06 01:41:39.368897
3926,3924,Wallet,Completed,2018-08-28,TXN-00003924,26.72,2026-08-06 01:41:39.368897
3927,3925,Debit Card,Completed,2015-09-18,TXN-00003925,30.28,2026-08-06 01:41:39.368897
3928,3926,Credit Card,Completed,2015-09-19,TXN-00003926,57.93,2026-08-06 01:41:39.368897
3929,3927,UPI,Completed,2015-09-19,TXN-00003927,35.34,2026-08-06 01:41:39.368897
3930,3928,Wallet,Completed,2015-09-21,TXN-00003928,137.24,2026-08-06 01:41:39.368897
3931,3929,Credit Card,Completed,2017-03-15,TXN-00003929,241.33,2026-08-06 01:41:39.368897
3932,3930,Net Banking,Completed,2017-03-17,TXN-00003930,5.18,2026-08-06 01:41:39.368897
3933,3931,UPI,Completed,2017-03-18,TXN-00003931,145.54,2026-08-06 01:41:39.368897
3934,3932,Credit Card,Completed,2017-08-30,TXN-00003932,5.47,2026-08-06 01:41:39.368897
3935,3933,Credit Card,Completed,2017-08-30,TXN-00003933,47.98,2026-08-06 01:41:39.368897
3936,3934,Debit Card,Completed,2018-09-03,TXN-00003934,9.4,2026-08-06 01:41:39.368897
3937,3935,Credit Card,Completed,2018-09-02,TXN-00003935,74.0,2026-08-06 01:41:39.368897
3938,3936,Wallet,Pending,2018-09-03,TXN-00003936,201.58,2026-08-06 01:41:39.368897
3939,3937,UPI,Completed,2016-06-16,TXN-00003937,28.75,2026-08-06 01:41:39.368897
3940,3938,Net Banking,Completed,2016-06-20,TXN-00003938,27.22,2026-08-06 01:41:39.368897
3941,3939,Net Banking,Pending,2016-06-17,TXN-00003939,197.37,2026-08-06 01:41:39.368897
3942,3940,Cash,Completed,2017-12-14,TXN-00003940,1424.9,2026-08-06 01:41:39.368897
3943,3941,Wallet,Completed,2018-05-20,TXN-00003941,14.56,2026-08-06 01:41:39.368897
3944,3942,Cash,Completed,2018-05-22,TXN-00003942,3.05,2026-08-06 01:41:39.368897
3945,3943,UPI,Completed,2018-05-29,TXN-00003943,25.92,2026-08-06 01:41:39.368897
3946,3944,UPI,Completed,2017-06-25,TXN-00003944,835.17,2026-08-06 01:41:39.368897
3947,3945,Cash,Completed,2017-05-19,TXN-00003945,17.34,2026-08-06 01:41:39.368897
3948,3946,Cash,Completed,2018-11-18,TXN-00003946,44.38,2026-08-06 01:41:39.368897
3949,3947,Wallet,Completed,2018-11-22,TXN-00003947,2.94,2026-08-06 01:41:39.368897
3950,3948,Cash,Pending,2017-11-18,TXN-00003948,6.37,2026-08-06 01:41:39.368897
3951,3949,Wallet,Completed,2017-11-21,TXN-00003949,48.85,2026-08-06 01:41:39.368897
3952,3950,Debit Card,Completed,2017-11-19,TXN-00003950,19.65,2026-08-06 01:41:39.368897
3953,3951,Cash,Completed,2017-11-22,TXN-00003951,255.11,2026-08-06 01:41:39.368897
3954,3952,Cash,Completed,2015-11-30,TXN-00003952,17.25,2026-08-06 01:41:39.368897
3955,3953,Wallet,Completed,2017-03-04,TXN-00003953,159.98,2026-08-06 01:41:39.368897
3956,3954,Net Banking,Completed,2018-01-18,TXN-00003954,12.7,2026-08-06 01:41:39.368897
3957,3955,UPI,Completed,2015-04-06,TXN-00003955,5.47,2026-08-06 01:41:39.368897
3958,3956,Net Banking,Completed,2015-04-05,TXN-00003956,79.36,2026-08-06 01:41:39.368897
3959,3957,Cash,Completed,2017-06-26,TXN-00003957,22.14,2026-08-06 01:41:39.368897
3960,3958,Net Banking,Completed,2017-05-29,TXN-00003958,11.28,2026-08-06 01:41:39.368897
3961,3959,Wallet,Completed,2017-05-29,TXN-00003959,4.45,2026-08-06 01:41:39.368897
3962,3960,UPI,Completed,2017-05-31,TXN-00003960,44.76,2026-08-06 01:41:39.368897
3963,3961,Debit Card,Completed,2016-10-21,TXN-00003961,38.28,2026-08-06 01:41:39.368897
3964,3962,Debit Card,Completed,2016-10-21,TXN-00003962,149.95,2026-08-06 01:41:39.368897
3965,3963,Wallet,Completed,2018-02-20,TXN-00003963,12.84,2026-08-06 01:41:39.368897
3966,3964,Cash,Completed,2018-02-23,TXN-00003964,44.67,2026-08-06 01:41:39.368897
3967,3965,Net Banking,Completed,2017-09-26,TXN-00003965,7.87,2026-08-06 01:41:39.368897
3968,3966,Cash,Completed,2015-11-16,TXN-00003966,7.87,2026-08-06 01:41:39.368897
3969,3967,Debit Card,Completed,2017-04-04,TXN-00003967,88.04,2026-08-06 01:41:39.368897
3970,3968,Net Banking,Completed,2017-05-23,TXN-00003968,40.64,2026-08-06 01:41:39.368897
3971,3969,Debit Card,Completed,2016-06-01,TXN-00003969,5.73,2026-08-06 01:41:39.368897
3972,3970,Net Banking,Completed,2016-06-05,TXN-00003970,42.24,2026-08-06 01:41:39.368897
3973,3971,Net Banking,Completed,2015-11-22,TXN-00003971,53.82,2026-08-06 01:41:39.368897
3974,3972,Net Banking,Completed,2016-02-23,TXN-00003972,79.36,2026-08-06 01:41:39.368897
3975,3973,Wallet,Completed,2017-04-02,TXN-00003973,13.48,2026-08-06 01:41:39.368897
3976,3974,Cash,Completed,2017-04-01,TXN-00003974,29.8,2026-08-06 01:41:39.368897
3977,3975,Cash,Completed,2017-04-01,TXN-00003975,414.0,2026-08-06 01:41:39.368897
3978,3976,Wallet,Completed,2017-03-29,TXN-00003976,41.33,2026-08-06 01:41:39.368897
3979,3977,Cash,Pending,2017-10-26,TXN-00003977,39.92,2026-08-06 01:41:39.368897
3980,3978,Wallet,Completed,2018-10-04,TXN-00003978,8.94,2026-08-06 01:41:39.368897
3981,3979,Cash,Completed,2018-10-06,TXN-00003979,84.78,2026-08-06 01:41:39.368897
3982,3980,Credit Card,Completed,2015-12-24,TXN-00003980,53.32,2026-08-06 01:41:39.368897
3983,3981,Credit Card,Completed,2015-12-26,TXN-00003981,56.52,2026-08-06 01:41:39.368897
3984,3982,Wallet,Completed,2018-12-16,TXN-00003982,22.77,2026-08-06 01:41:39.368897
3985,3983,Net Banking,Completed,2017-07-09,TXN-00003983,287.97,2026-08-06 01:41:39.368897
3986,3984,Debit Card,Completed,2017-07-07,TXN-00003984,2799.96,2026-08-06 01:41:39.368897
3987,3985,Credit Card,Completed,2017-07-07,TXN-00003985,48.94,2026-08-06 01:41:39.368897
3988,3986,Net Banking,Completed,2017-04-21,TXN-00003986,257.5,2026-08-06 01:41:39.368897
3989,3987,Cash,Completed,2018-04-12,TXN-00003987,2591.56,2026-08-06 01:41:39.368897
3990,3988,Credit Card,Completed,2018-04-08,TXN-00003988,41.95,2026-08-06 01:41:39.368897
3991,3989,UPI,Completed,2017-04-17,TXN-00003989,79.12,2026-08-06 01:41:39.368897
3992,3990,Cash,Completed,2015-11-26,TXN-00003990,52.96,2026-08-06 01:41:39.368897
3993,3991,Net Banking,Completed,2015-11-05,TXN-00003991,286.34,2026-08-06 01:41:39.368897
3994,3992,Cash,Completed,2016-05-02,TXN-00003992,63.55,2026-08-06 01:41:39.368897
3995,3993,Debit Card,Completed,2016-05-05,TXN-00003993,41.38,2026-08-06 01:41:39.368897
3996,3994,Cash,Completed,2016-05-02,TXN-00003994,172.7,2026-08-06 01:41:39.368897
3997,3995,UPI,Completed,2016-03-12,TXN-00003995,512.94,2026-08-06 01:41:39.368897
3998,3996,Debit Card,Completed,2016-03-10,TXN-00003996,860.93,2026-08-06 01:41:39.368897
3999,3997,Credit Card,Completed,2016-03-08,TXN-00003997,769.95,2026-08-06 01:41:39.368897
4000,3998,Cash,Completed,2016-03-10,TXN-00003998,14.98,2026-08-06 01:41:39.368897
4001,3999,Net Banking,Completed,2016-03-09,TXN-00003999,373.08,2026-08-06 01:41:39.368897
4002,4000,Credit Card,Completed,2016-07-20,TXN-00004000,231.92,2026-08-06 01:41:39.368897
4003,4001,Net Banking,Completed,2015-10-12,TXN-00004001,63.47,2026-08-06 01:41:39.368897
4004,4002,Wallet,Completed,2015-10-11,TXN-00004002,345.0,2026-08-06 01:41:39.368897
4005,4003,Cash,Completed,2017-03-05,TXN-00004003,637.9,2026-08-06 01:41:39.368897
4006,4004,Cash,Completed,2017-03-05,TXN-00004004,287.91,2026-08-06 01:41:39.368897
4007,4005,Credit Card,Completed,2017-03-05,TXN-00004005,36.6,2026-08-06 01:41:39.368897
4008,4006,Debit Card,Completed,2016-12-12,TXN-00004006,1.78,2026-08-06 01:41:39.368897
4009,4007,Credit Card,Completed,2016-12-14,TXN-00004007,25.92,2026-08-06 01:41:39.368897
4010,4008,Net Banking,Completed,2016-12-11,TXN-00004008,101.94,2026-08-06 01:41:39.368897
4011,4009,UPI,Completed,2016-12-19,TXN-00004009,6.85,2026-08-06 01:41:39.368897
4012,4010,Wallet,Completed,2018-01-03,TXN-00004010,474.43,2026-08-06 01:41:39.368897
4013,4011,Wallet,Completed,2018-11-25,TXN-00004011,8.45,2026-08-06 01:41:39.368897
4014,4012,Cash,Completed,2018-11-21,TXN-00004012,39.3,2026-08-06 01:41:39.368897
4015,4013,Debit Card,Completed,2016-12-24,TXN-00004013,17.12,2026-08-06 01:41:39.368897
4016,4014,Credit Card,Completed,2016-08-27,TXN-00004014,542.94,2026-08-06 01:41:39.368897
4017,4015,Wallet,Completed,2016-08-25,TXN-00004015,8.64,2026-08-06 01:41:39.368897
4018,4016,Credit Card,Completed,2016-08-25,TXN-00004016,193.8,2026-08-06 01:41:39.368897
4019,4017,Credit Card,Completed,2016-08-23,TXN-00004017,21.4,2026-08-06 01:41:39.368897
4020,4018,Wallet,Completed,2016-08-26,TXN-00004018,97.88,2026-08-06 01:41:39.368897
4021,4019,Debit Card,Completed,2016-08-27,TXN-00004019,251.91,2026-08-06 01:41:39.368897
4022,4020,UPI,Completed,2016-08-27,TXN-00004020,25.86,2026-08-06 01:41:39.368897
4023,4021,Debit Card,Completed,2015-06-26,TXN-00004021,170.06,2026-08-06 01:41:39.368897
4024,4022,Wallet,Completed,2015-06-25,TXN-00004022,82.78,2026-08-06 01:41:39.368897
4025,4023,Net Banking,Pending,2015-06-25,TXN-00004023,853.93,2026-08-06 01:41:39.368897
4026,4024,Debit Card,Completed,2018-10-30,TXN-00004024,556.67,2026-08-06 01:41:39.368897
4027,4025,Credit Card,Completed,2018-10-28,TXN-00004025,95.84,2026-08-06 01:41:39.368897
4028,4026,Cash,Completed,2018-08-14,TXN-00004026,29.66,2026-08-06 01:41:39.368897
4029,4027,Wallet,Completed,2018-08-13,TXN-00004027,9.18,2026-08-06 01:41:39.368897
4030,4028,Cash,Completed,2018-08-13,TXN-00004028,153.58,2026-08-06 01:41:39.368897
4031,4029,UPI,Completed,2018-08-15,TXN-00004029,12.86,2026-08-06 01:41:39.368897
4032,4030,Cash,Completed,2018-12-28,TXN-00004030,479.97,2026-08-06 01:41:39.368897
4033,4031,Debit Card,Completed,2018-12-24,TXN-00004031,232.88,2026-08-06 01:41:39.368897
4034,4032,Wallet,Completed,2017-09-27,TXN-00004032,236.88,2026-08-06 01:41:39.368897
4035,4033,Net Banking,Completed,2017-09-27,TXN-00004033,29.9,2026-08-06 01:41:39.368897
4036,4034,UPI,Completed,2017-09-28,TXN-00004034,100.0,2026-08-06 01:41:39.368897
4037,4035,Net Banking,Completed,2017-12-14,TXN-00004035,18.69,2026-08-06 01:41:39.368897
4038,4036,Cash,Completed,2017-12-14,TXN-00004036,383.95,2026-08-06 01:41:39.368897
4039,4037,Credit Card,Completed,2016-12-30,TXN-00004037,24.82,2026-08-06 01:41:39.368897
4040,4038,Cash,Completed,2016-01-01,TXN-00004038,24.9,2026-08-06 01:41:39.368897
4041,4039,UPI,Completed,2016-01-01,TXN-00004039,21.12,2026-08-06 01:41:39.368897
4042,4040,Net Banking,Completed,2015-12-30,TXN-00004040,767.95,2026-08-06 01:41:39.368897
4043,4041,UPI,Completed,2015-12-29,TXN-00004041,14.35,2026-08-06 01:41:39.368897
4044,4042,Cash,Completed,2015-12-31,TXN-00004042,191.98,2026-08-06 01:41:39.368897
4045,4043,Net Banking,Completed,2015-12-30,TXN-00004043,274.77,2026-08-06 01:41:39.368897
4046,4044,Cash,Completed,2015-12-31,TXN-00004044,70.56,2026-08-06 01:41:39.368897
4047,4045,Credit Card,Completed,2016-06-28,TXN-00004045,204.85,2026-08-06 01:41:39.368897
4048,4046,Wallet,Completed,2016-04-06,TXN-00004046,9.16,2026-08-06 01:41:39.368897
4049,4047,Cash,Completed,2018-10-24,TXN-00004047,23.99,2026-08-06 01:41:39.368897
4050,4048,UPI,Completed,2016-07-18,TXN-00004048,80.88,2026-08-06 01:41:39.368897
4051,4049,UPI,Completed,2016-07-20,TXN-00004049,599.9,2026-08-06 01:41:39.368897
4052,4050,Wallet,Completed,2018-06-25,TXN-00004050,276.69,2026-08-06 01:41:39.368897
4053,4051,Net Banking,Completed,2018-06-27,TXN-00004051,172.76,2026-08-06 01:41:39.368897
4054,4052,Debit Card,Completed,2015-09-29,TXN-00004052,4.22,2026-08-06 01:41:39.368897
4055,4053,Wallet,Pending,2015-09-30,TXN-00004053,409.27,2026-08-06 01:41:39.368897
4056,4054,Net Banking,Completed,2015-09-29,TXN-00004054,55.44,2026-08-06 01:41:39.368897
4057,4055,Net Banking,Completed,2015-10-03,TXN-00004055,20.93,2026-08-06 01:41:39.368897
4058,4056,Net Banking,Completed,2015-10-03,TXN-00004056,1801.63,2026-08-06 01:41:39.368897
4059,4057,UPI,Completed,2015-10-03,TXN-00004057,67.18,2026-08-06 01:41:39.368897
4060,4058,UPI,Completed,2015-11-25,TXN-00004058,646.2,2026-08-06 01:41:39.368897
4061,4059,Credit Card,Completed,2016-11-23,TXN-00004059,72.74,2026-08-06 01:41:39.368897
4062,4060,Debit Card,Completed,2016-11-23,TXN-00004060,572.16,2026-08-06 01:41:39.368897
4063,4061,Cash,Completed,2017-11-03,TXN-00004061,68.11,2026-08-06 01:41:39.368897
4064,4062,Wallet,Pending,2016-09-18,TXN-00004062,25.03,2026-08-06 01:41:39.368897
4065,4063,Net Banking,Completed,2017-03-14,TXN-00004063,39.99,2026-08-06 01:41:39.368897
4066,4064,Debit Card,Completed,2015-06-23,TXN-00004064,20.02,2026-08-06 01:41:39.368897
4067,4065,Wallet,Completed,2015-06-24,TXN-00004065,3.1,2026-08-06 01:41:39.368897
4068,4066,Cash,Completed,2015-11-03,TXN-00004066,7.52,2026-08-06 01:41:39.368897
4069,4067,Credit Card,Completed,2015-11-03,TXN-00004067,10.27,2026-08-06 01:41:39.368897
4070,4068,Cash,Completed,2015-11-03,TXN-00004068,47.81,2026-08-06 01:41:39.368897
4071,4069,Cash,Completed,2015-11-05,TXN-00004069,978.84,2026-08-06 01:41:39.368897
4072,4070,Debit Card,Completed,2017-08-29,TXN-00004070,13.14,2026-08-06 01:41:39.368897
4073,4071,Debit Card,Completed,2017-08-31,TXN-00004071,10.02,2026-08-06 01:41:39.368897
4074,4072,Net Banking,Pending,2017-08-31,TXN-00004072,156.37,2026-08-06 01:41:39.368897
4075,4073,UPI,Completed,2016-12-06,TXN-00004073,999.98,2026-08-06 01:41:39.368897
4076,4074,Wallet,Completed,2016-09-25,TXN-00004074,821.94,2026-08-06 01:41:39.368897
4077,4075,Debit Card,Completed,2018-11-18,TXN-00004075,220.06,2026-08-06 01:41:39.368897
4078,4076,Credit Card,Completed,2018-11-18,TXN-00004076,339.14,2026-08-06 01:41:39.368897
4079,4077,Cash,Completed,2016-12-22,TXN-00004077,7.04,2026-08-06 01:41:39.368897
4080,4078,Wallet,Completed,2016-12-23,TXN-00004078,5.04,2026-08-06 01:41:39.368897
4081,4079,Cash,Completed,2016-12-19,TXN-00004079,116.28,2026-08-06 01:41:39.368897
4082,4080,Net Banking,Completed,2016-12-21,TXN-00004080,47.98,2026-08-06 01:41:39.368897
4083,4081,UPI,Completed,2017-09-27,TXN-00004081,60.05,2026-08-06 01:41:39.368897
4084,4082,Net Banking,Completed,2017-09-26,TXN-00004082,5.02,2026-08-06 01:41:39.368897
4085,4083,Cash,Completed,2018-06-24,TXN-00004083,182.99,2026-08-06 01:41:39.368897
4086,4084,Credit Card,Completed,2018-06-26,TXN-00004084,10.27,2026-08-06 01:41:39.368897
4087,4085,Credit Card,Completed,2018-09-11,TXN-00004085,7.86,2026-08-06 01:41:39.368897
4088,4086,UPI,Completed,2017-08-06,TXN-00004086,302.38,2026-08-06 01:41:39.368897
4089,4087,UPI,Completed,2017-08-06,TXN-00004087,20.95,2026-08-06 01:41:39.368897
4090,4088,Net Banking,Completed,2017-08-05,TXN-00004088,11.78,2026-08-06 01:41:39.368897
4091,4089,Credit Card,Completed,2015-08-23,TXN-00004089,638.82,2026-08-06 01:41:39.368897
4092,4090,UPI,Completed,2017-04-03,TXN-00004090,20.7,2026-08-06 01:41:39.368897
4093,4091,Net Banking,Completed,2017-04-05,TXN-00004091,10.95,2026-08-06 01:41:39.368897
4094,4092,Wallet,Completed,2017-04-05,TXN-00004092,14.35,2026-08-06 01:41:39.368897
4095,4093,Credit Card,Completed,2018-05-17,TXN-00004093,221.02,2026-08-06 01:41:39.368897
4096,4094,Credit Card,Completed,2016-08-26,TXN-00004094,3080.0,2026-08-06 01:41:39.368897
4097,4095,Wallet,Completed,2016-08-25,TXN-00004095,79.96,2026-08-06 01:41:39.368897
4098,4096,Debit Card,Completed,2016-08-25,TXN-00004096,587.97,2026-08-06 01:41:39.368897
4099,4097,Net Banking,Completed,2015-09-24,TXN-00004097,32.4,2026-08-06 01:41:39.368897
4100,4098,Cash,Completed,2015-09-26,TXN-00004098,404.9,2026-08-06 01:41:39.368897
4101,4099,Wallet,Completed,2015-09-24,TXN-00004099,9449.95,2026-08-06 01:41:39.368897
4102,4100,Credit Card,Completed,2015-09-24,TXN-00004100,12.94,2026-08-06 01:41:39.368897
4103,4101,Cash,Completed,2018-06-23,TXN-00004101,2.26,2026-08-06 01:41:39.368897
4104,4102,Net Banking,Completed,2018-06-20,TXN-00004102,0.44,2026-08-06 01:41:39.368897
4105,4103,UPI,Completed,2018-06-21,TXN-00004103,146.18,2026-08-06 01:41:39.368897
4106,4104,Net Banking,Completed,2018-12-22,TXN-00004104,15.92,2026-08-06 01:41:39.368897
4107,4105,Credit Card,Completed,2018-08-11,TXN-00004105,159.96,2026-08-06 01:41:39.368897
4108,4106,Credit Card,Completed,2018-08-10,TXN-00004106,13.76,2026-08-06 01:41:39.368897
4109,4107,Debit Card,Completed,2017-08-23,TXN-00004107,4.31,2026-08-06 01:41:39.368897
4110,4108,Credit Card,Completed,2016-09-11,TXN-00004108,13.96,2026-08-06 01:41:39.368897
4111,4109,Debit Card,Completed,2016-09-11,TXN-00004109,27.41,2026-08-06 01:41:39.368897
4112,4110,Debit Card,Completed,2016-12-25,TXN-00004110,73.98,2026-08-06 01:41:39.368897
4113,4111,UPI,Completed,2016-12-27,TXN-00004111,160.98,2026-08-06 01:41:39.368897
4114,4112,Debit Card,Completed,2016-12-26,TXN-00004112,17.34,2026-08-06 01:41:39.368897
4115,4113,Cash,Completed,2016-12-28,TXN-00004113,3.28,2026-08-06 01:41:39.368897
4116,4114,Cash,Completed,2016-05-04,TXN-00004114,8.86,2026-08-06 01:41:39.368897
4117,4115,Debit Card,Completed,2016-05-02,TXN-00004115,158.38,2026-08-06 01:41:39.368897
4118,4116,Net Banking,Completed,2017-11-28,TXN-00004116,1219.96,2026-08-06 01:41:39.368897
4119,4117,Debit Card,Completed,2016-11-26,TXN-00004117,3.17,2026-08-06 01:41:39.368897
4120,4118,Debit Card,Completed,2016-11-27,TXN-00004118,19.44,2026-08-06 01:41:39.368897
4121,4119,Cash,Completed,2016-11-28,TXN-00004119,454.86,2026-08-06 01:41:39.368897
4122,4120,Debit Card,Completed,2016-11-26,TXN-00004120,91.39,2026-08-06 01:41:39.368897
4123,4121,Wallet,Pending,2018-09-04,TXN-00004121,19.04,2026-08-06 01:41:39.368897
4124,4122,Credit Card,Completed,2018-05-11,TXN-00004122,37.44,2026-08-06 01:41:39.368897
4125,4123,Wallet,Completed,2018-05-11,TXN-00004123,37.59,2026-08-06 01:41:39.368897
4126,4124,Credit Card,Completed,2018-05-11,TXN-00004124,26.03,2026-08-06 01:41:39.368897
4127,4125,Cash,Completed,2015-05-12,TXN-00004125,35.91,2026-08-06 01:41:39.368897
4128,4126,Net Banking,Completed,2018-07-27,TXN-00004126,91.03,2026-08-06 01:41:39.368897
4129,4127,Wallet,Completed,2018-05-09,TXN-00004127,54.66,2026-08-06 01:41:39.368897
4130,4128,UPI,Completed,2015-09-23,TXN-00004128,67.34,2026-08-06 01:41:39.368897
4131,4129,UPI,Completed,2015-09-23,TXN-00004129,2624.99,2026-08-06 01:41:39.368897
4132,4130,Credit Card,Completed,2016-03-29,TXN-00004130,73.28,2026-08-06 01:41:39.368897
4133,4131,Debit Card,Completed,2015-11-18,TXN-00004131,14.48,2026-08-06 01:41:39.368897
4134,4132,Credit Card,Completed,2016-07-02,TXN-00004132,11.95,2026-08-06 01:41:39.368897
4135,4133,UPI,Completed,2016-07-02,TXN-00004133,15.55,2026-08-06 01:41:39.368897
4136,4134,UPI,Completed,2015-09-09,TXN-00004134,45.0,2026-08-06 01:41:39.368897
4137,4135,Cash,Completed,2015-09-09,TXN-00004135,209.97,2026-08-06 01:41:39.368897
4138,4136,Credit Card,Completed,2018-10-06,TXN-00004136,112.12,2026-08-06 01:41:39.368897
4139,4137,Credit Card,Completed,2018-10-06,TXN-00004137,1575.14,2026-08-06 01:41:39.368897
4140,4138,Debit Card,Completed,2018-11-20,TXN-00004138,25.06,2026-08-06 01:41:39.368897
4141,4139,Net Banking,Completed,2018-01-02,TXN-00004139,6.92,2026-08-06 01:41:39.368897
4142,4140,Debit Card,Pending,2018-12-04,TXN-00004140,37.39,2026-08-06 01:41:39.368897
4143,4141,Net Banking,Completed,2018-12-02,TXN-00004141,79.12,2026-08-06 01:41:39.368897
4144,4142,Debit Card,Completed,2017-06-14,TXN-00004142,18.9,2026-08-06 01:41:39.368897
4145,4143,UPI,Pending,2015-05-22,TXN-00004143,57.42,2026-08-06 01:41:39.368897
4146,4144,Credit Card,Completed,2018-01-30,TXN-00004144,12.74,2026-08-06 01:41:39.368897
4147,4145,Credit Card,Completed,2018-02-02,TXN-00004145,8.82,2026-08-06 01:41:39.368897
4148,4146,UPI,Completed,2018-02-02,TXN-00004146,120.78,2026-08-06 01:41:39.368897
4149,4147,Wallet,Completed,2016-11-28,TXN-00004147,322.59,2026-08-06 01:41:39.368897
4150,4148,UPI,Completed,2018-10-27,TXN-00004148,9.76,2026-08-06 01:41:39.368897
4151,4149,Credit Card,Completed,2018-10-25,TXN-00004149,13.72,2026-08-06 01:41:39.368897
4152,4150,Debit Card,Completed,2018-10-27,TXN-00004150,55.2,2026-08-06 01:41:39.368897
4153,4151,Credit Card,Completed,2018-10-27,TXN-00004151,259.14,2026-08-06 01:41:39.368897
4154,4152,Credit Card,Completed,2018-09-07,TXN-00004152,29.24,2026-08-06 01:41:39.368897
4155,4153,Net Banking,Completed,2018-09-09,TXN-00004153,15.55,2026-08-06 01:41:39.368897
4156,4154,Credit Card,Completed,2018-09-08,TXN-00004154,4.9,2026-08-06 01:41:39.368897
4157,4155,Wallet,Completed,2017-12-30,TXN-00004155,38.09,2026-08-06 01:41:39.368897
4158,4156,Cash,Completed,2018-01-01,TXN-00004156,2.81,2026-08-06 01:41:39.368897
4159,4157,UPI,Pending,2016-12-08,TXN-00004157,47.98,2026-08-06 01:41:39.368897
4160,4158,UPI,Completed,2016-12-06,TXN-00004158,26.06,2026-08-06 01:41:39.368897
4161,4159,UPI,Pending,2015-11-04,TXN-00004159,15.7,2026-08-06 01:41:39.368897
4162,4160,Debit Card,Completed,2017-04-19,TXN-00004160,12.84,2026-08-06 01:41:39.368897
4163,4161,Debit Card,Completed,2018-05-18,TXN-00004161,539.97,2026-08-06 01:41:39.368897
4164,4162,Wallet,Completed,2018-05-14,TXN-00004162,22.58,2026-08-06 01:41:39.368897
4165,4163,Cash,Completed,2016-03-18,TXN-00004163,16.52,2026-08-06 01:41:39.368897
4166,4164,Debit Card,Completed,2016-03-17,TXN-00004164,671.94,2026-08-06 01:41:39.368897
4167,4165,Net Banking,Completed,2018-01-17,TXN-00004165,169.06,2026-08-06 01:41:39.368897
4168,4166,Cash,Completed,2018-01-15,TXN-00004166,168.62,2026-08-06 01:41:39.368897
4169,4167,Debit Card,Completed,2016-03-12,TXN-00004167,19.44,2026-08-06 01:41:39.368897
4170,4168,Credit Card,Completed,2015-10-12,TXN-00004168,31.92,2026-08-06 01:41:39.368897
4171,4169,UPI,Completed,2015-10-13,TXN-00004169,433.57,2026-08-06 01:41:39.368897
4172,4170,Wallet,Completed,2016-04-17,TXN-00004170,31.1,2026-08-06 01:41:39.368897
4173,4171,Credit Card,Completed,2016-04-16,TXN-00004171,54.82,2026-08-06 01:41:39.368897
4174,4172,Debit Card,Completed,2018-11-17,TXN-00004172,48.86,2026-08-06 01:41:39.368897
4175,4173,Cash,Completed,2017-07-01,TXN-00004173,14.2,2026-08-06 01:41:39.368897
4176,4174,Credit Card,Completed,2017-07-02,TXN-00004174,12.96,2026-08-06 01:41:39.368897
4177,4175,Credit Card,Completed,2017-07-02,TXN-00004175,58.34,2026-08-06 01:41:39.368897
4178,4176,Net Banking,Completed,2016-12-02,TXN-00004176,56.3,2026-08-06 01:41:39.368897
4179,4177,UPI,Completed,2015-04-07,TXN-00004177,629.95,2026-08-06 01:41:39.368897
4180,4178,Net Banking,Completed,2015-04-08,TXN-00004178,122.97,2026-08-06 01:41:39.368897
4181,4179,Wallet,Completed,2017-06-18,TXN-00004179,46.35,2026-08-06 01:41:39.368897
4182,4180,UPI,Completed,2018-03-07,TXN-00004180,14.98,2026-08-06 01:41:39.368897
4183,4181,Wallet,Completed,2018-10-10,TXN-00004181,4.24,2026-08-06 01:41:39.368897
4184,4182,Credit Card,Completed,2018-10-07,TXN-00004182,319.96,2026-08-06 01:41:39.368897
4185,4183,UPI,Completed,2018-10-09,TXN-00004183,17.04,2026-08-06 01:41:39.368897
4186,4184,UPI,Completed,2018-10-07,TXN-00004184,344.91,2026-08-06 01:41:39.368897
4187,4185,Credit Card,Completed,2017-12-08,TXN-00004185,81.94,2026-08-06 01:41:39.368897
4188,4186,Net Banking,Completed,2017-10-23,TXN-00004186,98.16,2026-08-06 01:41:39.368897
4189,4187,Debit Card,Completed,2018-05-22,TXN-00004187,6.87,2026-08-06 01:41:39.368897
4190,4188,Net Banking,Completed,2018-05-18,TXN-00004188,2.0,2026-08-06 01:41:39.368897
4191,4189,Wallet,Completed,2018-05-18,TXN-00004189,8.93,2026-08-06 01:41:39.368897
4192,4190,Credit Card,Completed,2017-09-29,TXN-00004190,9.99,2026-08-06 01:41:39.368897
4193,4191,Credit Card,Completed,2018-11-19,TXN-00004191,10499.97,2026-08-06 01:41:39.368897
4194,4192,UPI,Completed,2016-07-10,TXN-00004192,21.12,2026-08-06 01:41:39.368897
4195,4193,Wallet,Completed,2016-11-17,TXN-00004193,696.42,2026-08-06 01:41:39.368897
4196,4194,Credit Card,Completed,2016-11-19,TXN-00004194,304.78,2026-08-06 01:41:39.368897
4197,4195,Debit Card,Completed,2016-06-20,TXN-00004195,51.98,2026-08-06 01:41:39.368897
4198,4196,Debit Card,Completed,2017-04-11,TXN-00004196,24.7,2026-08-06 01:41:39.368897
4199,4197,Debit Card,Completed,2016-04-19,TXN-00004197,21.93,2026-08-06 01:41:39.368897
4200,4198,Debit Card,Completed,2017-12-07,TXN-00004198,394.82,2026-08-06 01:41:39.368897
4201,4199,UPI,Completed,2017-12-07,TXN-00004199,18.19,2026-08-06 01:41:39.368897
4202,4200,Cash,Completed,2016-12-13,TXN-00004200,7.31,2026-08-06 01:41:39.368897
4203,4201,Wallet,Completed,2016-12-11,TXN-00004201,799.98,2026-08-06 01:41:39.368897
4204,4202,Debit Card,Completed,2016-12-14,TXN-00004202,41.28,2026-08-06 01:41:39.368897
4205,4203,Net Banking,Completed,2016-12-13,TXN-00004203,184.66,2026-08-06 01:41:39.368897
4206,4204,Credit Card,Pending,2015-11-01,TXN-00004204,49.25,2026-08-06 01:41:39.368897
4207,4205,Credit Card,Completed,2015-11-01,TXN-00004205,10.16,2026-08-06 01:41:39.368897
4208,4206,UPI,Completed,2015-10-31,TXN-00004206,14.76,2026-08-06 01:41:39.368897
4209,4207,Credit Card,Completed,2015-11-03,TXN-00004207,34.08,2026-08-06 01:41:39.368897
4210,4208,Credit Card,Completed,2015-11-01,TXN-00004208,17.67,2026-08-06 01:41:39.368897
4211,4209,UPI,Completed,2015-11-04,TXN-00004209,1604.9,2026-08-06 01:41:39.368897
4212,4210,Net Banking,Completed,2015-11-01,TXN-00004210,385.69,2026-08-06 01:41:39.368897
4213,4211,Cash,Completed,2018-12-11,TXN-00004211,15.98,2026-08-06 01:41:39.368897
4214,4212,Wallet,Completed,2015-05-05,TXN-00004212,9.42,2026-08-06 01:41:39.368897
4215,4213,UPI,Completed,2015-05-08,TXN-00004213,6.56,2026-08-06 01:41:39.368897
4216,4214,UPI,Completed,2015-05-06,TXN-00004214,24.56,2026-08-06 01:41:39.368897
4217,4215,Credit Card,Completed,2017-03-08,TXN-00004215,128.4,2026-08-06 01:41:39.368897
4218,4216,Credit Card,Completed,2015-12-01,TXN-00004216,62.28,2026-08-06 01:41:39.368897
4219,4217,Cash,Pending,2016-02-21,TXN-00004217,9.24,2026-08-06 01:41:39.368897
4220,4218,Debit Card,Completed,2018-04-01,TXN-00004218,482.66,2026-08-06 01:41:39.368897
4221,4219,Cash,Completed,2018-04-03,TXN-00004219,4799.98,2026-08-06 01:41:39.368897
4222,4220,Wallet,Completed,2018-06-12,TXN-00004220,37.94,2026-08-06 01:41:39.368897
4223,4221,UPI,Completed,2018-06-13,TXN-00004221,18.29,2026-08-06 01:41:39.368897
4224,4222,Cash,Completed,2018-06-14,TXN-00004222,385.8,2026-08-06 01:41:39.368897
4225,4223,Wallet,Completed,2018-06-14,TXN-00004223,102.96,2026-08-06 01:41:39.368897
4226,4224,Credit Card,Completed,2018-06-11,TXN-00004224,174.42,2026-08-06 01:41:39.368897
4227,4225,Net Banking,Completed,2017-09-30,TXN-00004225,1.96,2026-08-06 01:41:39.368897
4228,4226,Debit Card,Completed,2015-12-15,TXN-00004226,94.43,2026-08-06 01:41:39.368897
4229,4227,Net Banking,Completed,2018-11-15,TXN-00004227,45.92,2026-08-06 01:41:39.368897
4230,4228,UPI,Completed,2016-01-05,TXN-00004228,61.58,2026-08-06 01:41:39.368897
4231,4229,UPI,Completed,2017-03-27,TXN-00004229,22.48,2026-08-06 01:41:39.368897
4232,4230,Debit Card,Completed,2018-07-08,TXN-00004230,332.03,2026-08-06 01:41:39.368897
4233,4231,Net Banking,Completed,2018-07-08,TXN-00004231,11.39,2026-08-06 01:41:39.368897
4234,4232,Wallet,Completed,2018-07-05,TXN-00004232,15.55,2026-08-06 01:41:39.368897
4235,4233,UPI,Completed,2018-07-09,TXN-00004233,31.1,2026-08-06 01:41:39.368897
4236,4234,Credit Card,Completed,2018-07-05,TXN-00004234,6.32,2026-08-06 01:41:39.368897
4237,4235,Credit Card,Completed,2015-09-24,TXN-00004235,11.35,2026-08-06 01:41:39.368897
4238,4236,Net Banking,Completed,2015-09-22,TXN-00004236,20.81,2026-08-06 01:41:39.368897
4239,4237,Debit Card,Completed,2017-07-27,TXN-00004237,11.42,2026-08-06 01:41:39.368897
4240,4238,Debit Card,Completed,2018-08-30,TXN-00004238,9.41,2026-08-06 01:41:39.368897
4241,4239,Wallet,Completed,2018-03-27,TXN-00004239,19.83,2026-08-06 01:41:39.368897
4242,4240,Cash,Completed,2018-12-29,TXN-00004240,209.7,2026-08-06 01:41:39.368897
4243,4241,Wallet,Completed,2015-09-22,TXN-00004241,43.92,2026-08-06 01:41:39.368897
4244,4242,Debit Card,Completed,2015-09-22,TXN-00004242,20.23,2026-08-06 01:41:39.368897
4245,4243,UPI,Completed,2017-04-08,TXN-00004243,149.97,2026-08-06 01:41:39.368897
4246,4244,Cash,Completed,2017-04-04,TXN-00004244,27.81,2026-08-06 01:41:39.368897
4247,4245,UPI,Completed,2015-03-29,TXN-00004245,66.3,2026-08-06 01:41:39.368897
4248,4246,Credit Card,Completed,2018-11-30,TXN-00004246,1.64,2026-08-06 01:41:39.368897
4249,4247,Cash,Completed,2018-11-30,TXN-00004247,1049.2,2026-08-06 01:41:39.368897
4250,4248,Net Banking,Completed,2018-11-29,TXN-00004248,20.9,2026-08-06 01:41:39.368897
4251,4249,Credit Card,Completed,2017-12-05,TXN-00004249,88.08,2026-08-06 01:41:39.368897
4252,4250,Wallet,Completed,2017-12-02,TXN-00004250,751.92,2026-08-06 01:41:39.368897
4253,4251,Cash,Completed,2015-09-19,TXN-00004251,887.1,2026-08-06 01:41:39.368897
4254,4252,Credit Card,Completed,2016-10-24,TXN-00004252,55.94,2026-08-06 01:41:39.368897
4255,4253,Net Banking,Completed,2016-10-23,TXN-00004253,10.69,2026-08-06 01:41:39.368897
4256,4254,Credit Card,Completed,2016-10-24,TXN-00004254,11.82,2026-08-06 01:41:39.368897
4257,4255,UPI,Completed,2018-10-13,TXN-00004255,63.31,2026-08-06 01:41:39.368897
4258,4256,Cash,Completed,2018-10-13,TXN-00004256,96.78,2026-08-06 01:41:39.368897
4259,4257,Cash,Pending,2018-10-17,TXN-00004257,10.48,2026-08-06 01:41:39.368897
4260,4258,Wallet,Completed,2016-09-07,TXN-00004258,9.76,2026-08-06 01:41:39.368897
4261,4259,Debit Card,Completed,2017-03-14,TXN-00004259,196.78,2026-08-06 01:41:39.368897
4262,4260,UPI,Pending,2018-10-31,TXN-00004260,47.98,2026-08-06 01:41:39.368897
4263,4261,Wallet,Completed,2018-10-18,TXN-00004261,13.05,2026-08-06 01:41:39.368897
4264,4262,Cash,Completed,2018-08-07,TXN-00004262,63.96,2026-08-06 01:41:39.368897
4265,4263,Wallet,Pending,2018-09-23,TXN-00004263,80.48,2026-08-06 01:41:39.368897
4266,4264,Wallet,Completed,2018-11-03,TXN-00004264,11.67,2026-08-06 01:41:39.368897
4267,4265,Credit Card,Completed,2017-11-09,TXN-00004265,863.13,2026-08-06 01:41:39.368897
4268,4266,Debit Card,Completed,2017-11-08,TXN-00004266,3.56,2026-08-06 01:41:39.368897
4269,4267,Debit Card,Completed,2017-11-07,TXN-00004267,956.66,2026-08-06 01:41:39.368897
4270,4268,Debit Card,Completed,2017-11-07,TXN-00004268,12.59,2026-08-06 01:41:39.368897
4271,4269,Credit Card,Completed,2017-11-05,TXN-00004269,171.96,2026-08-06 01:41:39.368897
4272,4270,Debit Card,Completed,2018-06-26,TXN-00004270,871.4,2026-08-06 01:41:39.368897
4273,4271,Wallet,Completed,2016-11-27,TXN-00004271,692.47,2026-08-06 01:41:39.368897
4274,4272,Debit Card,Completed,2017-11-26,TXN-00004272,207.76,2026-08-06 01:41:39.368897
4275,4273,Debit Card,Completed,2018-07-23,TXN-00004273,71.93,2026-08-06 01:41:39.368897
4276,4274,Credit Card,Completed,2018-07-25,TXN-00004274,25.99,2026-08-06 01:41:39.368897
4277,4275,Wallet,Completed,2016-10-25,TXN-00004275,3.59,2026-08-06 01:41:39.368897
4278,4276,Cash,Completed,2016-07-10,TXN-00004276,48.63,2026-08-06 01:41:39.368897
4279,4277,Cash,Completed,2018-08-19,TXN-00004277,323.1,2026-08-06 01:41:39.368897
4280,4278,Net Banking,Completed,2017-04-20,TXN-00004278,9099.93,2026-08-06 01:41:39.368897
4281,4279,Net Banking,Completed,2017-04-20,TXN-00004279,9.96,2026-08-06 01:41:39.368897
4282,4280,Credit Card,Completed,2017-04-16,TXN-00004280,25.3,2026-08-06 01:41:39.368897
4283,4281,Net Banking,Completed,2015-11-14,TXN-00004281,11.36,2026-08-06 01:41:39.368897
4284,4282,Wallet,Completed,2015-11-15,TXN-00004282,69.26,2026-08-06 01:41:39.368897
4285,4283,Credit Card,Completed,2015-12-24,TXN-00004283,3.69,2026-08-06 01:41:39.368897
4286,4284,Credit Card,Completed,2015-12-21,TXN-00004284,1103.97,2026-08-06 01:41:39.368897
4287,4285,Wallet,Completed,2016-11-24,TXN-00004285,246.13,2026-08-06 01:41:39.368897
4288,4286,Net Banking,Completed,2016-11-24,TXN-00004286,11.7,2026-08-06 01:41:39.368897
4289,4287,Wallet,Completed,2016-11-25,TXN-00004287,439.99,2026-08-06 01:41:39.368897
4290,4288,Net Banking,Completed,2018-12-28,TXN-00004288,64.78,2026-08-06 01:41:39.368897
4291,4289,Net Banking,Completed,2016-05-17,TXN-00004289,33.28,2026-08-06 01:41:39.368897
4292,4290,Cash,Completed,2016-05-19,TXN-00004290,14.09,2026-08-06 01:41:39.368897
4293,4291,Credit Card,Completed,2018-12-11,TXN-00004291,11.16,2026-08-06 01:41:39.368897
4294,4292,Net Banking,Completed,2018-12-09,TXN-00004292,896.33,2026-08-06 01:41:39.368897
4295,4293,Cash,Completed,2018-12-11,TXN-00004293,189.0,2026-08-06 01:41:39.368897
4296,4294,Debit Card,Completed,2018-03-10,TXN-00004294,53.98,2026-08-06 01:41:39.368897
4297,4295,Cash,Completed,2018-10-22,TXN-00004295,177.23,2026-08-06 01:41:39.368897
4298,4296,Cash,Completed,2018-07-07,TXN-00004296,129.39,2026-08-06 01:41:39.368897
4299,4297,Net Banking,Completed,2018-09-04,TXN-00004297,54.32,2026-08-06 01:41:39.368897
4300,4298,Credit Card,Completed,2018-08-26,TXN-00004298,4367.9,2026-08-06 01:41:39.368897
4301,4299,Net Banking,Completed,2018-08-26,TXN-00004299,49.57,2026-08-06 01:41:39.368897
4302,4300,Credit Card,Completed,2018-08-24,TXN-00004300,161.38,2026-08-06 01:41:39.368897
4303,4301,UPI,Completed,2018-08-24,TXN-00004301,2.78,2026-08-06 01:41:39.368897
4304,4302,Credit Card,Completed,2018-08-24,TXN-00004302,8.72,2026-08-06 01:41:39.368897
4305,4303,Net Banking,Completed,2015-08-25,TXN-00004303,3.91,2026-08-06 01:41:39.368897
4306,4304,Net Banking,Completed,2017-10-06,TXN-00004304,59.75,2026-08-06 01:41:39.368897
4307,4305,Debit Card,Completed,2015-10-30,TXN-00004305,63.92,2026-08-06 01:41:39.368897
4308,4306,Cash,Completed,2015-10-28,TXN-00004306,383.96,2026-08-06 01:41:39.368897
4309,4307,Debit Card,Completed,2017-07-02,TXN-00004307,7.75,2026-08-06 01:41:39.368897
4310,4308,Cash,Completed,2017-07-01,TXN-00004308,33.57,2026-08-06 01:41:39.368897
4311,4309,Credit Card,Completed,2015-11-04,TXN-00004309,666.34,2026-08-06 01:41:39.368897
4312,4310,UPI,Completed,2015-11-08,TXN-00004310,573.73,2026-08-06 01:41:39.368897
4313,4311,Net Banking,Completed,2015-11-08,TXN-00004311,21.94,2026-08-06 01:41:39.368897
4314,4312,Cash,Pending,2015-11-05,TXN-00004312,19.44,2026-08-06 01:41:39.368897
4315,4313,Net Banking,Completed,2015-11-05,TXN-00004313,447.97,2026-08-06 01:41:39.368897
4316,4314,Credit Card,Completed,2015-09-12,TXN-00004314,16.78,2026-08-06 01:41:39.368897
4317,4315,Debit Card,Completed,2016-06-27,TXN-00004315,20.96,2026-08-06 01:41:39.368897
4318,4316,Debit Card,Completed,2016-06-26,TXN-00004316,88.75,2026-08-06 01:41:39.368897
4319,4317,UPI,Completed,2016-06-28,TXN-00004317,304.23,2026-08-06 01:41:39.368897
4320,4318,UPI,Completed,2016-07-28,TXN-00004318,167.86,2026-08-06 01:41:39.368897
4321,4319,UPI,Completed,2018-12-09,TXN-00004319,82.38,2026-08-06 01:41:39.368897
4322,4320,Cash,Completed,2015-12-29,TXN-00004320,23.98,2026-08-06 01:41:39.368897
4323,4321,Cash,Completed,2015-12-29,TXN-00004321,33.29,2026-08-06 01:41:39.368897
4324,4322,Wallet,Completed,2016-02-16,TXN-00004322,14.95,2026-08-06 01:41:39.368897
4325,4323,Debit Card,Completed,2016-02-16,TXN-00004323,323.98,2026-08-06 01:41:39.368897
4326,4324,Debit Card,Completed,2016-02-18,TXN-00004324,2.29,2026-08-06 01:41:39.368897
4327,4325,Debit Card,Completed,2016-02-18,TXN-00004325,14.35,2026-08-06 01:41:39.368897
4328,4326,Credit Card,Completed,2016-02-16,TXN-00004326,71.98,2026-08-06 01:41:39.368897
4329,4327,Net Banking,Completed,2017-01-25,TXN-00004327,9.21,2026-08-06 01:41:39.368897
4330,4328,Cash,Completed,2017-01-26,TXN-00004328,18.0,2026-08-06 01:41:39.368897
4331,4329,Debit Card,Completed,2018-04-02,TXN-00004329,42.93,2026-08-06 01:41:39.368897
4332,4330,Debit Card,Completed,2018-10-05,TXN-00004330,15.55,2026-08-06 01:41:39.368897
4333,4331,Credit Card,Completed,2018-10-07,TXN-00004331,17.92,2026-08-06 01:41:39.368897
4334,4332,Credit Card,Completed,2018-09-04,TXN-00004332,19.99,2026-08-06 01:41:39.368897
4335,4333,Credit Card,Completed,2018-09-05,TXN-00004333,22.92,2026-08-06 01:41:39.368897
4336,4334,Cash,Completed,2016-12-23,TXN-00004334,50.88,2026-08-06 01:41:39.368897
4337,4335,Debit Card,Completed,2016-12-23,TXN-00004335,27.31,2026-08-06 01:41:39.368897
4338,4336,UPI,Completed,2016-12-24,TXN-00004336,7.92,2026-08-06 01:41:39.368897
4339,4337,Cash,Completed,2016-12-23,TXN-00004337,14.37,2026-08-06 01:41:39.368897
4340,4338,Net Banking,Completed,2016-11-29,TXN-00004338,107.97,2026-08-06 01:41:39.368897
4341,4339,Debit Card,Completed,2016-11-27,TXN-00004339,113.82,2026-08-06 01:41:39.368897
4342,4340,Net Banking,Completed,2018-08-28,TXN-00004340,5.18,2026-08-06 01:41:39.368897
4343,4341,Credit Card,Completed,2015-03-23,TXN-00004341,16.28,2026-08-06 01:41:39.368897
4344,4342,UPI,Completed,2018-12-20,TXN-00004342,544.38,2026-08-06 01:41:39.368897
4345,4343,Credit Card,Completed,2018-03-21,TXN-00004343,19.82,2026-08-06 01:41:39.368897
4346,4344,Debit Card,Completed,2018-03-22,TXN-00004344,657.5,2026-08-06 01:41:39.368897
4347,4345,Net Banking,Completed,2018-03-21,TXN-00004345,99.54,2026-08-06 01:41:39.368897
4348,4346,Net Banking,Completed,2018-03-23,TXN-00004346,199.96,2026-08-06 01:41:39.368897
4349,4347,Wallet,Completed,2017-09-21,TXN-00004347,631.78,2026-08-06 01:41:39.368897
4350,4348,UPI,Completed,2017-09-21,TXN-00004348,60.72,2026-08-06 01:41:39.368897
4351,4349,UPI,Completed,2018-11-25,TXN-00004349,20.72,2026-08-06 01:41:39.368897
4352,4350,Debit Card,Completed,2018-11-25,TXN-00004350,415.87,2026-08-06 01:41:39.368897
4353,4351,Debit Card,Completed,2018-04-15,TXN-00004351,16.77,2026-08-06 01:41:39.368897
4354,4352,Wallet,Completed,2018-04-13,TXN-00004352,27.12,2026-08-06 01:41:39.368897
4355,4353,Net Banking,Completed,2018-12-10,TXN-00004353,95.84,2026-08-06 01:41:39.368897
4356,4354,Credit Card,Completed,2018-12-11,TXN-00004354,12.96,2026-08-06 01:41:39.368897
4357,4355,Credit Card,Completed,2018-11-26,TXN-00004355,19.01,2026-08-06 01:41:39.368897
4358,4356,Credit Card,Completed,2016-12-05,TXN-00004356,1598.06,2026-08-06 01:41:39.368897
4359,4357,Cash,Completed,2016-12-04,TXN-00004357,36.96,2026-08-06 01:41:39.368897
4360,4358,Cash,Completed,2018-12-15,TXN-00004358,10.37,2026-08-06 01:41:39.368897
4361,4359,Debit Card,Pending,2018-12-13,TXN-00004359,77.72,2026-08-06 01:41:39.368897
4362,4360,Cash,Completed,2018-12-13,TXN-00004360,520.46,2026-08-06 01:41:39.368897
4363,4361,Wallet,Completed,2017-05-25,TXN-00004361,111.96,2026-08-06 01:41:39.368897
4364,4362,Credit Card,Completed,2018-02-17,TXN-00004362,29.16,2026-08-06 01:41:39.368897
4365,4363,Credit Card,Completed,2018-05-21,TXN-00004363,131.94,2026-08-06 01:41:39.368897
4366,4364,Wallet,Completed,2018-05-22,TXN-00004364,25.92,2026-08-06 01:41:39.368897
4367,4365,Net Banking,Completed,2018-05-20,TXN-00004365,704.76,2026-08-06 01:41:39.368897
4368,4366,Cash,Completed,2018-05-22,TXN-00004366,7.41,2026-08-06 01:41:39.368897
4369,4367,Cash,Completed,2018-05-21,TXN-00004367,21.5,2026-08-06 01:41:39.368897
4370,4368,UPI,Completed,2018-09-13,TXN-00004368,10.53,2026-08-06 01:41:39.368897
4371,4369,Debit Card,Completed,2018-09-14,TXN-00004369,20.54,2026-08-06 01:41:39.368897
4372,4370,Wallet,Completed,2017-11-07,TXN-00004370,104.9,2026-08-06 01:41:39.368897
4373,4371,Debit Card,Completed,2017-11-08,TXN-00004371,39.68,2026-08-06 01:41:39.368897
4374,4372,Debit Card,Completed,2017-11-07,TXN-00004372,51.75,2026-08-06 01:41:39.368897
4375,4373,Debit Card,Completed,2018-07-25,TXN-00004373,11.68,2026-08-06 01:41:39.368897
4376,4374,Debit Card,Completed,2018-07-23,TXN-00004374,159.75,2026-08-06 01:41:39.368897
4377,4375,Debit Card,Completed,2017-11-20,TXN-00004375,103.97,2026-08-06 01:41:39.368897
4378,4376,Debit Card,Completed,2015-04-27,TXN-00004376,303.25,2026-08-06 01:41:39.368897
4379,4377,Credit Card,Completed,2015-04-27,TXN-00004377,270.72,2026-08-06 01:41:39.368897
4380,4378,Net Banking,Completed,2015-04-27,TXN-00004378,1487.04,2026-08-06 01:41:39.368897
4381,4379,Cash,Completed,2016-11-30,TXN-00004379,17.48,2026-08-06 01:41:39.368897
4382,4380,UPI,Completed,2016-12-04,TXN-00004380,71.88,2026-08-06 01:41:39.368897
4383,4381,UPI,Completed,2016-10-25,TXN-00004381,60.45,2026-08-06 01:41:39.368897
4384,4382,Debit Card,Completed,2016-10-28,TXN-00004382,253.18,2026-08-06 01:41:39.368897
4385,4383,Cash,Completed,2016-07-22,TXN-00004383,2.88,2026-08-06 01:41:39.368897
4386,4384,Net Banking,Completed,2016-07-24,TXN-00004384,384.94,2026-08-06 01:41:39.368897
4387,4385,Debit Card,Completed,2016-07-23,TXN-00004385,153.58,2026-08-06 01:41:39.368897
4388,4386,Debit Card,Completed,2016-07-23,TXN-00004386,913.43,2026-08-06 01:41:39.368897
4389,4387,Debit Card,Completed,2017-10-29,TXN-00004387,43.92,2026-08-06 01:41:39.368897
4390,4388,UPI,Completed,2017-10-30,TXN-00004388,25.03,2026-08-06 01:41:39.368897
4391,4389,Net Banking,Completed,2018-11-21,TXN-00004389,46.76,2026-08-06 01:41:39.368897
4392,4390,Cash,Completed,2018-11-24,TXN-00004390,183.97,2026-08-06 01:41:39.368897
4393,4391,Cash,Completed,2018-11-21,TXN-00004391,1259.97,2026-08-06 01:41:39.368897
4394,4392,Cash,Completed,2018-11-24,TXN-00004392,68.97,2026-08-06 01:41:39.368897
4395,4393,Cash,Completed,2017-09-12,TXN-00004393,70.37,2026-08-06 01:41:39.368897
4396,4394,UPI,Completed,2017-09-08,TXN-00004394,59.96,2026-08-06 01:41:39.368897
4397,4395,Net Banking,Completed,2015-07-22,TXN-00004395,25.98,2026-08-06 01:41:39.368897
4398,4396,Credit Card,Completed,2015-07-21,TXN-00004396,27.36,2026-08-06 01:41:39.368897
4399,4397,UPI,Completed,2017-11-18,TXN-00004397,361.38,2026-08-06 01:41:39.368897
4400,4398,Net Banking,Completed,2015-07-07,TXN-00004398,172.19,2026-08-06 01:41:39.368897
4401,4399,Cash,Completed,2015-07-07,TXN-00004399,69.01,2026-08-06 01:41:39.368897
4402,4400,Net Banking,Pending,2017-03-19,TXN-00004400,199.9,2026-08-06 01:41:39.368897
4403,4401,Credit Card,Completed,2017-03-18,TXN-00004401,901.95,2026-08-06 01:41:39.368897
4404,4402,Debit Card,Completed,2017-03-21,TXN-00004402,971.5,2026-08-06 01:41:39.368897
4405,4403,Wallet,Completed,2017-12-29,TXN-00004403,11.33,2026-08-06 01:41:39.368897
4406,4404,Wallet,Completed,2015-09-06,TXN-00004404,21.24,2026-08-06 01:41:39.368897
4407,4405,Debit Card,Completed,2016-07-06,TXN-00004405,34.8,2026-08-06 01:41:39.368897
4408,4406,Net Banking,Completed,2016-07-06,TXN-00004406,38.98,2026-08-06 01:41:39.368897
4409,4407,Cash,Completed,2017-11-23,TXN-00004407,9.08,2026-08-06 01:41:39.368897
4410,4408,Wallet,Completed,2017-11-20,TXN-00004408,314.55,2026-08-06 01:41:39.368897
4411,4409,Net Banking,Completed,2017-11-22,TXN-00004409,4.91,2026-08-06 01:41:39.368897
4412,4410,Net Banking,Completed,2015-05-08,TXN-00004410,5.78,2026-08-06 01:41:39.368897
4413,4411,Cash,Completed,2015-05-10,TXN-00004411,107.94,2026-08-06 01:41:39.368897
4414,4412,Cash,Completed,2015-06-24,TXN-00004412,19.65,2026-08-06 01:41:39.368897
4415,4413,Debit Card,Completed,2015-06-25,TXN-00004413,617.97,2026-08-06 01:41:39.368897
4416,4414,Credit Card,Completed,2015-06-23,TXN-00004414,59.7,2026-08-06 01:41:39.368897
4417,4415,Debit Card,Pending,2018-08-22,TXN-00004415,387.99,2026-08-06 01:41:39.368897
4418,4416,Debit Card,Completed,2015-12-03,TXN-00004416,575.92,2026-08-06 01:41:39.368897
4419,4417,Debit Card,Completed,2015-11-29,TXN-00004417,30.4,2026-08-06 01:41:39.368897
4420,4418,Credit Card,Completed,2018-04-11,TXN-00004418,478.24,2026-08-06 01:41:39.368897
4421,4419,Debit Card,Completed,2015-12-21,TXN-00004419,190.85,2026-08-06 01:41:39.368897
4422,4420,Net Banking,Completed,2015-12-17,TXN-00004420,5.48,2026-08-06 01:41:39.368897
4423,4421,Credit Card,Completed,2016-11-18,TXN-00004421,40.92,2026-08-06 01:41:39.368897
4424,4422,Cash,Completed,2015-03-06,TXN-00004422,15.55,2026-08-06 01:41:39.368897
4425,4423,Debit Card,Completed,2018-05-20,TXN-00004423,17.24,2026-08-06 01:41:39.368897
4426,4424,Wallet,Completed,2018-05-21,TXN-00004424,302.94,2026-08-06 01:41:39.368897
4427,4425,Credit Card,Completed,2018-05-21,TXN-00004425,34.75,2026-08-06 01:41:39.368897
4428,4426,Net Banking,Completed,2018-05-18,TXN-00004426,113.94,2026-08-06 01:41:39.368897
4429,4427,Credit Card,Completed,2018-05-21,TXN-00004427,55.98,2026-08-06 01:41:39.368897
4430,4428,Debit Card,Completed,2018-09-26,TXN-00004428,27.18,2026-08-06 01:41:39.368897
4431,4429,Debit Card,Completed,2018-03-24,TXN-00004429,1805.88,2026-08-06 01:41:39.368897
4432,4430,Cash,Completed,2018-09-16,TXN-00004430,70.95,2026-08-06 01:41:39.368897
4433,4431,UPI,Completed,2017-11-07,TXN-00004431,20.0,2026-08-06 01:41:39.368897
4434,4432,Cash,Completed,2017-11-05,TXN-00004432,7.98,2026-08-06 01:41:39.368897
4435,4433,Wallet,Completed,2017-11-03,TXN-00004433,24.1,2026-08-06 01:41:39.368897
4436,4434,Credit Card,Completed,2017-11-03,TXN-00004434,8.75,2026-08-06 01:41:39.368897
4437,4435,Wallet,Completed,2017-11-03,TXN-00004435,842.94,2026-08-06 01:41:39.368897
4438,4436,Cash,Completed,2017-05-04,TXN-00004436,2.18,2026-08-06 01:41:39.368897
4439,4437,Debit Card,Completed,2017-05-03,TXN-00004437,27.38,2026-08-06 01:41:39.368897
4440,4438,Credit Card,Completed,2017-05-07,TXN-00004438,26.41,2026-08-06 01:41:39.368897
4441,4439,UPI,Completed,2017-12-27,TXN-00004439,10.37,2026-08-06 01:41:39.368897
4442,4440,Wallet,Completed,2017-12-30,TXN-00004440,23.68,2026-08-06 01:41:39.368897
4443,4441,UPI,Completed,2017-07-22,TXN-00004441,109.95,2026-08-06 01:41:39.368897
4444,4442,UPI,Completed,2017-07-22,TXN-00004442,965.85,2026-08-06 01:41:39.368897
4445,4443,Credit Card,Completed,2017-07-23,TXN-00004443,29.2,2026-08-06 01:41:39.368897
4446,4444,Credit Card,Completed,2017-07-25,TXN-00004444,32.4,2026-08-06 01:41:39.368897
4447,4445,Net Banking,Completed,2015-11-19,TXN-00004445,78.35,2026-08-06 01:41:39.368897
4448,4446,Net Banking,Completed,2015-11-18,TXN-00004446,31.68,2026-08-06 01:41:39.368897
4449,4447,Net Banking,Completed,2015-11-18,TXN-00004447,29.12,2026-08-06 01:41:39.368897
4450,4448,Net Banking,Completed,2015-11-19,TXN-00004448,169.45,2026-08-06 01:41:39.368897
4451,4449,Credit Card,Pending,2016-06-19,TXN-00004449,12.56,2026-08-06 01:41:39.368897
4452,4450,Debit Card,Completed,2016-06-22,TXN-00004450,6.48,2026-08-06 01:41:39.368897
4453,4451,UPI,Completed,2016-06-19,TXN-00004451,186.69,2026-08-06 01:41:39.368897
4454,4452,Wallet,Completed,2017-07-05,TXN-00004452,25.4,2026-08-06 01:41:39.368897
4455,4453,Cash,Completed,2017-07-08,TXN-00004453,43.96,2026-08-06 01:41:39.368897
4456,4454,Debit Card,Completed,2017-07-04,TXN-00004454,1279.17,2026-08-06 01:41:39.368897
4457,4455,Credit Card,Completed,2017-07-04,TXN-00004455,27.92,2026-08-06 01:41:39.368897
4458,4456,Cash,Completed,2016-09-03,TXN-00004456,129.57,2026-08-06 01:41:39.368897
4459,4457,Credit Card,Completed,2016-09-04,TXN-00004457,6.37,2026-08-06 01:41:39.368897
4460,4458,UPI,Completed,2018-08-09,TXN-00004458,244.55,2026-08-06 01:41:39.368897
4461,4459,Debit Card,Completed,2018-03-17,TXN-00004459,1332.5,2026-08-06 01:41:39.368897
4462,4460,Cash,Completed,2018-10-02,TXN-00004460,32.78,2026-08-06 01:41:39.368897
4463,4461,Wallet,Completed,2018-09-29,TXN-00004461,147.18,2026-08-06 01:41:39.368897
4464,4462,UPI,Completed,2018-10-01,TXN-00004462,54.38,2026-08-06 01:41:39.368897
4465,4463,Cash,Completed,2018-09-28,TXN-00004463,76.78,2026-08-06 01:41:39.368897
4466,4464,Debit Card,Completed,2018-09-30,TXN-00004464,14.35,2026-08-06 01:41:39.368897
4467,4465,UPI,Completed,2018-09-30,TXN-00004465,209.79,2026-08-06 01:41:39.368897
4468,4466,Net Banking,Completed,2016-08-10,TXN-00004466,3.3,2026-08-06 01:41:39.368897
4469,4467,Cash,Completed,2018-11-26,TXN-00004467,16.38,2026-08-06 01:41:39.368897
4470,4468,Wallet,Completed,2018-11-26,TXN-00004468,167.96,2026-08-06 01:41:39.368897
4471,4469,Cash,Completed,2018-11-27,TXN-00004469,321.57,2026-08-06 01:41:39.368897
4472,4470,Cash,Completed,2018-11-26,TXN-00004470,12.96,2026-08-06 01:41:39.368897
4473,4471,Net Banking,Completed,2018-05-09,TXN-00004471,128.06,2026-08-06 01:41:39.368897
4474,4472,Credit Card,Completed,2018-09-30,TXN-00004472,63.69,2026-08-06 01:41:39.368897
4475,4473,Net Banking,Completed,2018-10-01,TXN-00004473,239.98,2026-08-06 01:41:39.368897
4476,4474,UPI,Pending,2018-10-03,TXN-00004474,344.22,2026-08-06 01:41:39.368897
4477,4475,Cash,Completed,2018-10-01,TXN-00004475,15.55,2026-08-06 01:41:39.368897
4478,4476,Credit Card,Completed,2018-10-03,TXN-00004476,21.25,2026-08-06 01:41:39.368897
4479,4477,Debit Card,Completed,2018-09-29,TXN-00004477,8.45,2026-08-06 01:41:39.368897
4480,4478,Credit Card,Completed,2018-10-25,TXN-00004478,333.09,2026-08-06 01:41:39.368897
4481,4479,Credit Card,Completed,2018-10-26,TXN-00004479,248.98,2026-08-06 01:41:39.368897
4482,4480,Net Banking,Completed,2015-03-28,TXN-00004480,24.9,2026-08-06 01:41:39.368897
4483,4481,Credit Card,Pending,2017-11-07,TXN-00004481,15.26,2026-08-06 01:41:39.368897
4484,4482,Wallet,Completed,2017-11-03,TXN-00004482,43.32,2026-08-06 01:41:39.368897
4485,4483,Net Banking,Completed,2017-11-05,TXN-00004483,43.58,2026-08-06 01:41:39.368897
4486,4484,UPI,Completed,2017-11-06,TXN-00004484,116.28,2026-08-06 01:41:39.368897
4487,4485,UPI,Completed,2017-11-04,TXN-00004485,9.3,2026-08-06 01:41:39.368897
4488,4486,Wallet,Completed,2017-11-03,TXN-00004486,19.44,2026-08-06 01:41:39.368897
4489,4487,Credit Card,Completed,2017-11-06,TXN-00004487,314.55,2026-08-06 01:41:39.368897
4490,4488,Debit Card,Completed,2016-09-06,TXN-00004488,16.27,2026-08-06 01:41:39.368897
4491,4489,Credit Card,Completed,2016-09-09,TXN-00004489,69.12,2026-08-06 01:41:39.368897
4492,4490,UPI,Completed,2016-09-09,TXN-00004490,4.47,2026-08-06 01:41:39.368897
4493,4491,Net Banking,Completed,2018-08-16,TXN-00004491,418.3,2026-08-06 01:41:39.368897
4494,4492,Credit Card,Completed,2015-12-04,TXN-00004492,659.99,2026-08-06 01:41:39.368897
4495,4493,Credit Card,Completed,2015-12-01,TXN-00004493,8.13,2026-08-06 01:41:39.368897
4496,4494,Credit Card,Completed,2015-12-01,TXN-00004494,36.29,2026-08-06 01:41:39.368897
4497,4495,Wallet,Completed,2015-12-02,TXN-00004495,909.72,2026-08-06 01:41:39.368897
4498,4496,Wallet,Completed,2018-06-21,TXN-00004496,917.92,2026-08-06 01:41:39.368897
4499,4497,UPI,Completed,2018-06-21,TXN-00004497,38.88,2026-08-06 01:41:39.368897
4500,4498,UPI,Completed,2018-12-06,TXN-00004498,631.18,2026-08-06 01:41:39.368897
4501,4499,Debit Card,Completed,2015-11-25,TXN-00004499,12.96,2026-08-06 01:41:39.368897
4502,4500,Debit Card,Completed,2017-04-14,TXN-00004500,12.96,2026-08-06 01:41:39.368897
4503,4501,Net Banking,Completed,2017-04-14,TXN-00004501,23.2,2026-08-06 01:41:39.368897
4504,4502,Net Banking,Completed,2015-07-01,TXN-00004502,25.92,2026-08-06 01:41:39.368897
4505,4503,Cash,Completed,2015-07-04,TXN-00004503,21.31,2026-08-06 01:41:39.368897
4506,4504,UPI,Completed,2015-12-25,TXN-00004504,173.66,2026-08-06 01:41:39.368897
4507,4505,Debit Card,Completed,2015-12-26,TXN-00004505,361.96,2026-08-06 01:41:39.368897
4508,4506,Wallet,Completed,2015-12-27,TXN-00004506,62.85,2026-08-06 01:41:39.368897
4509,4507,Wallet,Completed,2015-12-28,TXN-00004507,818.38,2026-08-06 01:41:39.368897
4510,4508,Net Banking,Completed,2015-12-26,TXN-00004508,20.34,2026-08-06 01:41:39.368897
4511,4509,UPI,Completed,2015-12-24,TXN-00004509,23.99,2026-08-06 01:41:39.368897
4512,4510,Debit Card,Completed,2018-05-27,TXN-00004510,171.29,2026-08-06 01:41:39.368897
4513,4511,UPI,Completed,2017-11-11,TXN-00004511,37.3,2026-08-06 01:41:39.368897
4514,4512,Credit Card,Completed,2017-11-14,TXN-00004512,81.96,2026-08-06 01:41:39.368897
4515,4513,Debit Card,Completed,2017-10-05,TXN-00004513,54.79,2026-08-06 01:41:39.368897
4516,4514,Net Banking,Completed,2017-09-06,TXN-00004514,10.78,2026-08-06 01:41:39.368897
4517,4515,UPI,Completed,2017-10-30,TXN-00004515,290.98,2026-08-06 01:41:39.368897
4518,4516,Net Banking,Completed,2018-10-24,TXN-00004516,36.44,2026-08-06 01:41:39.368897
4519,4517,Credit Card,Completed,2017-09-17,TXN-00004517,21.4,2026-08-06 01:41:39.368897
4520,4518,Wallet,Completed,2017-09-18,TXN-00004518,48.66,2026-08-06 01:41:39.368897
4521,4519,Debit Card,Completed,2017-09-28,TXN-00004519,16.56,2026-08-06 01:41:39.368897
4522,4520,Net Banking,Completed,2018-06-10,TXN-00004520,1347.52,2026-08-06 01:41:39.368897
4523,4521,Credit Card,Completed,2015-02-23,TXN-00004521,62.31,2026-08-06 01:41:39.368897
4524,4522,UPI,Completed,2015-02-22,TXN-00004522,20.32,2026-08-06 01:41:39.368897
4525,4523,UPI,Pending,2018-02-20,TXN-00004523,9.43,2026-08-06 01:41:39.368897
4526,4524,UPI,Completed,2015-11-05,TXN-00004524,34.86,2026-08-06 01:41:39.368897
4527,4525,Debit Card,Pending,2015-11-04,TXN-00004525,89.34,2026-08-06 01:41:39.368897
4528,4526,Debit Card,Completed,2018-07-20,TXN-00004526,269.98,2026-08-06 01:41:39.368897
4529,4527,UPI,Completed,2018-07-19,TXN-00004527,99.9,2026-08-06 01:41:39.368897
4530,4528,Debit Card,Completed,2018-07-20,TXN-00004528,39.08,2026-08-06 01:41:39.368897
4531,4529,Wallet,Completed,2018-09-09,TXN-00004529,116.83,2026-08-06 01:41:39.368897
4532,4530,Cash,Completed,2017-11-17,TXN-00004530,2.3,2026-08-06 01:41:39.368897
4533,4531,Credit Card,Completed,2017-11-14,TXN-00004531,408.01,2026-08-06 01:41:39.368897
4534,4532,Debit Card,Completed,2017-11-18,TXN-00004532,40.44,2026-08-06 01:41:39.368897
4535,4533,Wallet,Completed,2015-10-14,TXN-00004533,122.35,2026-08-06 01:41:39.368897
4536,4534,Wallet,Completed,2015-10-10,TXN-00004534,15.28,2026-08-06 01:41:39.368897
4537,4535,Wallet,Completed,2016-03-21,TXN-00004535,11.96,2026-08-06 01:41:39.368897
4538,4536,Cash,Pending,2018-07-10,TXN-00004536,15.84,2026-08-06 01:41:39.368897
4539,4537,Debit Card,Completed,2018-07-08,TXN-00004537,86.38,2026-08-06 01:41:39.368897
4540,4538,Wallet,Completed,2018-07-09,TXN-00004538,18.24,2026-08-06 01:41:39.368897
4541,4539,Wallet,Completed,2018-07-12,TXN-00004539,13.12,2026-08-06 01:41:39.368897
4542,4540,Net Banking,Completed,2016-02-28,TXN-00004540,105.98,2026-08-06 01:41:39.368897
4543,4541,Cash,Completed,2016-02-27,TXN-00004541,493.92,2026-08-06 01:41:39.368897
4544,4542,Wallet,Completed,2018-06-16,TXN-00004542,5.94,2026-08-06 01:41:39.368897
4545,4543,Debit Card,Completed,2018-03-31,TXN-00004543,325.86,2026-08-06 01:41:39.368897
4546,4544,Debit Card,Completed,2016-07-16,TXN-00004544,383.61,2026-08-06 01:41:39.368897
4547,4545,Net Banking,Completed,2016-07-16,TXN-00004545,148.48,2026-08-06 01:41:39.368897
4548,4546,Net Banking,Completed,2016-07-12,TXN-00004546,537.54,2026-08-06 01:41:39.368897
4549,4547,Debit Card,Completed,2016-07-16,TXN-00004547,1.93,2026-08-06 01:41:39.368897
4550,4548,Cash,Completed,2016-07-14,TXN-00004548,6.91,2026-08-06 01:41:39.368897
4551,4549,Credit Card,Completed,2016-07-15,TXN-00004549,7.76,2026-08-06 01:41:39.368897
4552,4550,Wallet,Completed,2016-07-14,TXN-00004550,659.17,2026-08-06 01:41:39.368897
4553,4551,Wallet,Pending,2018-05-04,TXN-00004551,5.76,2026-08-06 01:41:39.368897
4554,4552,Net Banking,Completed,2015-07-17,TXN-00004552,351.22,2026-08-06 01:41:39.368897
4555,4553,Wallet,Completed,2015-12-31,TXN-00004553,230.28,2026-08-06 01:41:39.368897
4556,4554,Cash,Completed,2015-12-29,TXN-00004554,12.84,2026-08-06 01:41:39.368897
4557,4555,Credit Card,Completed,2017-03-02,TXN-00004555,56.82,2026-08-06 01:41:39.368897
4558,4556,Credit Card,Completed,2016-03-27,TXN-00004556,31.56,2026-08-06 01:41:39.368897
4559,4557,Net Banking,Completed,2016-03-26,TXN-00004557,27.92,2026-08-06 01:41:39.368897
4560,4558,Debit Card,Completed,2018-10-25,TXN-00004558,8.56,2026-08-06 01:41:39.368897
4561,4559,Credit Card,Completed,2016-01-02,TXN-00004559,49.57,2026-08-06 01:41:39.368897
4562,4560,Cash,Completed,2015-05-06,TXN-00004560,127.87,2026-08-06 01:41:39.368897
4563,4561,Credit Card,Completed,2016-12-08,TXN-00004561,271.44,2026-08-06 01:41:39.368897
4564,4562,Debit Card,Completed,2016-12-05,TXN-00004562,110.35,2026-08-06 01:41:39.368897
4565,4563,UPI,Completed,2016-12-07,TXN-00004563,36.4,2026-08-06 01:41:39.368897
4566,4564,Net Banking,Completed,2018-09-30,TXN-00004564,419.14,2026-08-06 01:41:39.368897
4567,4565,Debit Card,Completed,2015-12-09,TXN-00004565,100.7,2026-08-06 01:41:39.368897
4568,4566,Net Banking,Completed,2018-12-04,TXN-00004566,45.22,2026-08-06 01:41:39.368897
4569,4567,Wallet,Completed,2018-12-04,TXN-00004567,28.78,2026-08-06 01:41:39.368897
4570,4568,UPI,Completed,2018-12-07,TXN-00004568,24.45,2026-08-06 01:41:39.368897
4571,4569,Wallet,Completed,2016-11-10,TXN-00004569,10.48,2026-08-06 01:41:39.368897
4572,4570,Cash,Completed,2015-04-23,TXN-00004570,76.14,2026-08-06 01:41:39.368897
4573,4571,Cash,Completed,2016-05-28,TXN-00004571,21.24,2026-08-06 01:41:39.368897
4574,4572,Debit Card,Completed,2016-05-27,TXN-00004572,127.96,2026-08-06 01:41:39.368897
4575,4573,Wallet,Completed,2018-07-19,TXN-00004573,479.98,2026-08-06 01:41:39.368897
4576,4574,Debit Card,Completed,2017-12-16,TXN-00004574,657.93,2026-08-06 01:41:39.368897
4577,4575,Wallet,Completed,2017-12-13,TXN-00004575,33.48,2026-08-06 01:41:39.368897
4578,4576,UPI,Completed,2017-12-16,TXN-00004576,13.9,2026-08-06 01:41:39.368897
4579,4577,Debit Card,Completed,2017-12-12,TXN-00004577,26.86,2026-08-06 01:41:39.368897
4580,4578,Wallet,Completed,2015-04-14,TXN-00004578,9.58,2026-08-06 01:41:39.368897
4581,4579,Net Banking,Completed,2016-06-10,TXN-00004579,113.1,2026-08-06 01:41:39.368897
4582,4580,Credit Card,Completed,2015-07-30,TXN-00004580,65.78,2026-08-06 01:41:39.368897
4583,4581,Debit Card,Completed,2016-08-04,TXN-00004581,239.7,2026-08-06 01:41:39.368897
4584,4582,Net Banking,Completed,2017-09-20,TXN-00004582,25.63,2026-08-06 01:41:39.368897
4585,4583,UPI,Completed,2017-06-14,TXN-00004583,23.62,2026-08-06 01:41:39.368897
4586,4584,Wallet,Completed,2017-08-29,TXN-00004584,8.26,2026-08-06 01:41:39.368897
4587,4585,Credit Card,Completed,2018-11-03,TXN-00004585,76.58,2026-08-06 01:41:39.368897
4588,4586,Net Banking,Completed,2018-11-06,TXN-00004586,8.8,2026-08-06 01:41:39.368897
4589,4587,UPI,Completed,2018-11-05,TXN-00004587,590.35,2026-08-06 01:41:39.368897
4590,4588,Wallet,Completed,2018-11-04,TXN-00004588,5.58,2026-08-06 01:41:39.368897
4591,4589,UPI,Completed,2018-11-04,TXN-00004589,25.02,2026-08-06 01:41:39.368897
4592,4590,Credit Card,Completed,2018-11-05,TXN-00004590,452.55,2026-08-06 01:41:39.368897
4593,4591,Cash,Completed,2017-12-28,TXN-00004591,17.76,2026-08-06 01:41:39.368897
4594,4592,Credit Card,Completed,2017-12-29,TXN-00004592,302.38,2026-08-06 01:41:39.368897
4595,4593,Net Banking,Completed,2017-12-30,TXN-00004593,146.35,2026-08-06 01:41:39.368897
4596,4594,Wallet,Completed,2017-12-27,TXN-00004594,7.9,2026-08-06 01:41:39.368897
4597,4595,Credit Card,Completed,2017-12-30,TXN-00004595,902.71,2026-08-06 01:41:39.368897
4598,4596,Cash,Completed,2017-12-26,TXN-00004596,53.97,2026-08-06 01:41:39.368897
4599,4597,Debit Card,Completed,2017-12-08,TXN-00004597,33.92,2026-08-06 01:41:39.368897
4600,4598,Cash,Completed,2018-08-31,TXN-00004598,21.81,2026-08-06 01:41:39.368897
4601,4599,UPI,Completed,2018-08-30,TXN-00004599,91.6,2026-08-06 01:41:39.368897
4602,4601,Credit Card,Completed,2016-07-20,TXN-00004601,137.25,2026-08-06 01:41:39.368897
4603,4602,Debit Card,Completed,2016-07-17,TXN-00004602,11.52,2026-08-06 01:41:39.368897
4604,4603,Wallet,Completed,2016-05-30,TXN-00004603,18.27,2026-08-06 01:41:39.368897
4605,4604,Debit Card,Completed,2016-05-27,TXN-00004604,153.73,2026-08-06 01:41:39.368897
4606,4605,Cash,Completed,2016-05-30,TXN-00004605,12.22,2026-08-06 01:41:39.368897
4607,4606,UPI,Completed,2016-05-27,TXN-00004606,167.94,2026-08-06 01:41:39.368897
4608,4607,Cash,Completed,2016-05-30,TXN-00004607,45.99,2026-08-06 01:41:39.368897
4609,4608,Cash,Completed,2016-05-28,TXN-00004608,535.41,2026-08-06 01:41:39.368897
4610,4609,UPI,Pending,2016-05-31,TXN-00004609,6.1,2026-08-06 01:41:39.368897
4611,4610,Cash,Completed,2016-05-31,TXN-00004610,45.36,2026-08-06 01:41:39.368897
4612,4611,UPI,Completed,2018-11-13,TXN-00004611,47.12,2026-08-06 01:41:39.368897
4613,4612,Wallet,Completed,2017-01-27,TXN-00004612,31.36,2026-08-06 01:41:39.368897
4614,4613,UPI,Completed,2018-01-04,TXN-00004613,47.62,2026-08-06 01:41:39.368897
4615,4614,Debit Card,Completed,2018-01-03,TXN-00004614,23.48,2026-08-06 01:41:39.368897
4616,4615,Debit Card,Completed,2017-09-06,TXN-00004615,62.79,2026-08-06 01:41:39.368897
4617,4616,Cash,Completed,2017-09-09,TXN-00004616,28.44,2026-08-06 01:41:39.368897
4618,4617,Net Banking,Completed,2016-09-05,TXN-00004617,134.38,2026-08-06 01:41:39.368897
4619,4618,Wallet,Completed,2016-09-24,TXN-00004618,589.9,2026-08-06 01:41:39.368897
4620,4619,Credit Card,Completed,2016-09-22,TXN-00004619,542.94,2026-08-06 01:41:39.368897
4621,4620,Net Banking,Completed,2018-12-25,TXN-00004620,2879.95,2026-08-06 01:41:39.368897
4622,4621,Cash,Completed,2018-12-27,TXN-00004621,90.48,2026-08-06 01:41:39.368897
4623,4622,Debit Card,Completed,2016-10-07,TXN-00004622,77.55,2026-08-06 01:41:39.368897
4624,4623,Cash,Completed,2018-09-11,TXN-00004623,8.83,2026-08-06 01:41:39.368897
4625,4624,Wallet,Pending,2018-09-11,TXN-00004624,177.54,2026-08-06 01:41:39.368897
4626,4625,Debit Card,Completed,2018-09-10,TXN-00004625,258.48,2026-08-06 01:41:39.368897
4627,4626,Net Banking,Completed,2018-09-11,TXN-00004626,14.14,2026-08-06 01:41:39.368897
4628,4627,UPI,Completed,2017-11-14,TXN-00004627,77.55,2026-08-06 01:41:39.368897
4629,4628,Credit Card,Completed,2017-11-15,TXN-00004628,24.88,2026-08-06 01:41:39.368897
4630,4629,Cash,Completed,2017-11-16,TXN-00004629,140.75,2026-08-06 01:41:39.368897
4631,4630,Net Banking,Completed,2017-11-13,TXN-00004630,36.63,2026-08-06 01:41:39.368897
4632,4631,Cash,Completed,2016-10-15,TXN-00004631,17.14,2026-08-06 01:41:39.368897
4633,4632,UPI,Completed,2018-08-03,TXN-00004632,51.75,2026-08-06 01:41:39.368897
4634,4633,Net Banking,Completed,2018-08-04,TXN-00004633,123.96,2026-08-06 01:41:39.368897
4635,4634,Net Banking,Completed,2016-08-21,TXN-00004634,586.4,2026-08-06 01:41:39.368897
4636,4635,Net Banking,Completed,2016-08-25,TXN-00004635,80.98,2026-08-06 01:41:39.368897
4637,4636,Credit Card,Completed,2018-03-15,TXN-00004636,242.94,2026-08-06 01:41:39.368897
4638,4637,Credit Card,Completed,2018-05-01,TXN-00004637,123.92,2026-08-06 01:41:39.368897
4639,4638,Wallet,Completed,2018-05-01,TXN-00004638,12.39,2026-08-06 01:41:39.368897
4640,4639,Cash,Completed,2018-04-30,TXN-00004639,47.3,2026-08-06 01:41:39.368897
4641,4640,Cash,Completed,2017-09-13,TXN-00004640,1599.92,2026-08-06 01:41:39.368897
4642,4641,UPI,Completed,2017-09-12,TXN-00004641,11.09,2026-08-06 01:41:39.368897
4643,4642,Credit Card,Completed,2018-10-22,TXN-00004642,3.17,2026-08-06 01:41:39.368897
4644,4643,Wallet,Completed,2018-10-23,TXN-00004643,579.14,2026-08-06 01:41:39.368897
4645,4644,Wallet,Completed,2016-08-06,TXN-00004644,6.37,2026-08-06 01:41:39.368897
4646,4645,UPI,Completed,2016-08-05,TXN-00004645,558.4,2026-08-06 01:41:39.368897
4647,4646,Credit Card,Completed,2017-08-16,TXN-00004646,145.76,2026-08-06 01:41:39.368897
4648,4647,Net Banking,Completed,2015-06-02,TXN-00004647,13.62,2026-08-06 01:41:39.368897
4649,4648,Wallet,Completed,2017-04-28,TXN-00004648,434.65,2026-08-06 01:41:39.368897
4650,4649,Cash,Completed,2018-05-14,TXN-00004649,440.19,2026-08-06 01:41:39.368897
4651,4650,Net Banking,Pending,2018-05-17,TXN-00004650,64.4,2026-08-06 01:41:39.368897
4652,4651,Credit Card,Completed,2018-04-08,TXN-00004651,244.55,2026-08-06 01:41:39.368897
4653,4652,UPI,Completed,2018-04-12,TXN-00004652,195.76,2026-08-06 01:41:39.368897
4654,4653,Net Banking,Completed,2018-02-19,TXN-00004653,11.76,2026-08-06 01:41:39.368897
4655,4654,Debit Card,Completed,2018-02-17,TXN-00004654,166.45,2026-08-06 01:41:39.368897
4656,4655,Wallet,Completed,2018-06-27,TXN-00004655,2.88,2026-08-06 01:41:39.368897
4657,4656,Debit Card,Completed,2015-05-09,TXN-00004656,45.25,2026-08-06 01:41:39.368897
4658,4657,Cash,Completed,2016-05-05,TXN-00004657,59.9,2026-08-06 01:41:39.368897
4659,4658,Credit Card,Completed,2016-05-06,TXN-00004658,23.7,2026-08-06 01:41:39.368897
4660,4659,Debit Card,Completed,2016-05-07,TXN-00004659,7.97,2026-08-06 01:41:39.368897
4661,4660,UPI,Pending,2016-05-06,TXN-00004660,18.2,2026-08-06 01:41:39.368897
4662,4661,UPI,Completed,2016-05-04,TXN-00004661,27.55,2026-08-06 01:41:39.368897
4663,4662,Cash,Completed,2016-05-06,TXN-00004662,844.12,2026-08-06 01:41:39.368897
4664,4663,Debit Card,Completed,2016-05-03,TXN-00004663,76.75,2026-08-06 01:41:39.368897
4665,4664,Net Banking,Completed,2017-09-22,TXN-00004664,3.0,2026-08-06 01:41:39.368897
4666,4665,UPI,Completed,2017-09-25,TXN-00004665,7.51,2026-08-06 01:41:39.368897
4667,4666,Credit Card,Refunded,2017-09-24,TXN-00004666,16.56,2026-08-06 01:41:39.368897
4668,4667,Cash,Completed,2017-01-12,TXN-00004667,79.92,2026-08-06 01:41:39.368897
4669,4668,Net Banking,Completed,2017-01-14,TXN-00004668,69.98,2026-08-06 01:41:39.368897
4670,4669,Debit Card,Completed,2018-05-07,TXN-00004669,11.06,2026-08-06 01:41:39.368897
4671,4670,Wallet,Completed,2018-05-06,TXN-00004670,623.46,2026-08-06 01:41:39.368897
4672,4671,Net Banking,Pending,2018-05-08,TXN-00004671,772.68,2026-08-06 01:41:39.368897
4673,4672,Credit Card,Completed,2017-08-03,TXN-00004672,283.14,2026-08-06 01:41:39.368897
4674,4673,Net Banking,Completed,2017-08-01,TXN-00004673,635.96,2026-08-06 01:41:39.368897
4675,4674,Net Banking,Completed,2017-08-01,TXN-00004674,118.99,2026-08-06 01:41:39.368897
4676,4675,Credit Card,Completed,2017-08-02,TXN-00004675,272.94,2026-08-06 01:41:39.368897
4677,4676,Cash,Completed,2018-03-28,TXN-00004676,15.01,2026-08-06 01:41:39.368897
4678,4677,Debit Card,Completed,2015-03-14,TXN-00004677,33.09,2026-08-06 01:41:39.368897
4679,4678,Credit Card,Completed,2015-03-16,TXN-00004678,80.98,2026-08-06 01:41:39.368897
4680,4679,Cash,Completed,2015-03-14,TXN-00004679,82.8,2026-08-06 01:41:39.368897
4681,4680,Debit Card,Completed,2015-03-16,TXN-00004680,21.36,2026-08-06 01:41:39.368897
4682,4681,UPI,Completed,2015-03-18,TXN-00004681,62.05,2026-08-06 01:41:39.368897
4683,4682,UPI,Completed,2017-07-14,TXN-00004682,29.61,2026-08-06 01:41:39.368897
4684,4683,Cash,Completed,2017-12-01,TXN-00004683,863.93,2026-08-06 01:41:39.368897
4685,4684,Cash,Completed,2017-08-30,TXN-00004684,241.92,2026-08-06 01:41:39.368897
4686,4685,Wallet,Completed,2017-08-30,TXN-00004685,163.88,2026-08-06 01:41:39.368897
4687,4686,Wallet,Pending,2017-08-31,TXN-00004686,3.49,2026-08-06 01:41:39.368897
4688,4687,UPI,Completed,2017-09-01,TXN-00004687,10.58,2026-08-06 01:41:39.368897
4689,4688,Net Banking,Completed,2017-06-26,TXN-00004688,440.91,2026-08-06 01:41:39.368897
4690,4689,Debit Card,Completed,2018-04-03,TXN-00004689,5.72,2026-08-06 01:41:39.368897
4691,4690,Wallet,Completed,2015-12-24,TXN-00004690,51.97,2026-08-06 01:41:39.368897
4692,4691,UPI,Completed,2015-12-21,TXN-00004691,71.98,2026-08-06 01:41:39.368897
4693,4692,Cash,Completed,2015-12-21,TXN-00004692,242.35,2026-08-06 01:41:39.368897
4694,4693,Debit Card,Completed,2015-12-20,TXN-00004693,221.92,2026-08-06 01:41:39.368897
4695,4694,Cash,Completed,2015-12-20,TXN-00004694,8.45,2026-08-06 01:41:39.368897
4696,4695,UPI,Completed,2016-12-17,TXN-00004695,29.52,2026-08-06 01:41:39.368897
4697,4696,Credit Card,Completed,2016-12-19,TXN-00004696,302.94,2026-08-06 01:41:39.368897
4698,4697,Wallet,Completed,2016-12-18,TXN-00004697,142.36,2026-08-06 01:41:39.368897
4699,4698,Cash,Completed,2016-12-21,TXN-00004698,546.66,2026-08-06 01:41:39.368897
4700,4699,Net Banking,Completed,2016-12-21,TXN-00004699,212.13,2026-08-06 01:41:39.368897
4701,4700,Debit Card,Completed,2018-05-13,TXN-00004700,5.25,2026-08-06 01:41:39.368897
4702,4701,UPI,Completed,2018-05-13,TXN-00004701,74.42,2026-08-06 01:41:39.368897
4703,4702,Credit Card,Completed,2018-05-15,TXN-00004702,6.85,2026-08-06 01:41:39.368897
4704,4703,Credit Card,Completed,2018-05-15,TXN-00004703,8.0,2026-08-06 01:41:39.368897
4705,4704,UPI,Completed,2017-06-27,TXN-00004704,8.71,2026-08-06 01:41:39.368897
4706,4705,UPI,Completed,2017-05-21,TXN-00004705,65.17,2026-08-06 01:41:39.368897
4707,4706,Debit Card,Completed,2017-05-17,TXN-00004706,14.62,2026-08-06 01:41:39.368897
4708,4707,Wallet,Completed,2017-05-18,TXN-00004707,173.24,2026-08-06 01:41:39.368897
4709,4708,Credit Card,Completed,2018-07-03,TXN-00004708,895.92,2026-08-06 01:41:39.368897
4710,4709,Net Banking,Completed,2018-06-29,TXN-00004709,130.71,2026-08-06 01:41:39.368897
4711,4710,Net Banking,Completed,2018-07-03,TXN-00004710,11.68,2026-08-06 01:41:39.368897
4712,4711,Cash,Completed,2018-06-29,TXN-00004711,62.31,2026-08-06 01:41:39.368897
4713,4712,Debit Card,Completed,2015-04-03,TXN-00004712,0.85,2026-08-06 01:41:39.368897
4714,4713,Net Banking,Completed,2015-12-19,TXN-00004713,36.29,2026-08-06 01:41:39.368897
4715,4714,Wallet,Completed,2015-12-19,TXN-00004714,56.57,2026-08-06 01:41:39.368897
4716,4715,Credit Card,Completed,2018-05-20,TXN-00004715,344.7,2026-08-06 01:41:39.368897
4717,4716,Debit Card,Completed,2016-05-15,TXN-00004716,201.58,2026-08-06 01:41:39.368897
4718,4717,Cash,Completed,2018-12-06,TXN-00004717,521.96,2026-08-06 01:41:39.368897
4719,4718,Credit Card,Pending,2016-12-12,TXN-00004718,8.22,2026-08-06 01:41:39.368897
4720,4719,Credit Card,Pending,2016-10-10,TXN-00004719,45.36,2026-08-06 01:41:39.368897
4721,4720,UPI,Completed,2016-04-18,TXN-00004720,947.17,2026-08-06 01:41:39.368897
4722,4721,Wallet,Completed,2016-04-18,TXN-00004721,61.96,2026-08-06 01:41:39.368897
4723,4722,Credit Card,Pending,2015-06-07,TXN-00004722,268.94,2026-08-06 01:41:39.368897
4724,4723,Debit Card,Completed,2018-09-05,TXN-00004723,7.58,2026-08-06 01:41:39.368897
4725,4724,Cash,Completed,2017-05-24,TXN-00004724,14.73,2026-08-06 01:41:39.368897
4726,4725,Net Banking,Completed,2017-11-11,TXN-00004725,9.89,2026-08-06 01:41:39.368897
4727,4726,Net Banking,Pending,2017-11-11,TXN-00004726,671.54,2026-08-06 01:41:39.368897
4728,4727,Net Banking,Completed,2015-11-28,TXN-00004727,1117.92,2026-08-06 01:41:39.368897
4729,4728,Net Banking,Completed,2015-11-28,TXN-00004728,275.95,2026-08-06 01:41:39.368897
4730,4729,Wallet,Completed,2015-11-08,TXN-00004729,123.14,2026-08-06 01:41:39.368897
4731,4730,Net Banking,Completed,2017-07-18,TXN-00004730,15.58,2026-08-06 01:41:39.368897
4732,4731,Credit Card,Completed,2016-03-30,TXN-00004731,212.64,2026-08-06 01:41:39.368897
4733,4732,UPI,Completed,2016-03-31,TXN-00004732,9.87,2026-08-06 01:41:39.368897
4734,4733,Debit Card,Completed,2016-03-29,TXN-00004733,53.25,2026-08-06 01:41:39.368897
4735,4734,Credit Card,Completed,2016-03-29,TXN-00004734,19.92,2026-08-06 01:41:39.368897
4736,4735,UPI,Completed,2017-04-07,TXN-00004735,658.75,2026-08-06 01:41:39.368897
4737,4736,Debit Card,Completed,2016-06-15,TXN-00004736,8.26,2026-08-06 01:41:39.368897
4738,4737,Net Banking,Completed,2016-06-17,TXN-00004737,29.84,2026-08-06 01:41:39.368897
4739,4738,Cash,Completed,2016-06-13,TXN-00004738,67.98,2026-08-06 01:41:39.368897
4740,4739,UPI,Completed,2016-02-18,TXN-00004739,61.06,2026-08-06 01:41:39.368897
4741,4740,Cash,Completed,2016-02-19,TXN-00004740,35.54,2026-08-06 01:41:39.368897
4742,4741,Net Banking,Completed,2018-11-12,TXN-00004741,9.96,2026-08-06 01:41:39.368897
4743,4742,Debit Card,Completed,2018-11-13,TXN-00004742,9.21,2026-08-06 01:41:39.368897
4744,4743,Credit Card,Completed,2018-11-14,TXN-00004743,27.93,2026-08-06 01:41:39.368897
4745,4744,UPI,Completed,2018-03-08,TXN-00004744,7.9,2026-08-06 01:41:39.368897
4746,4745,Credit Card,Completed,2018-03-09,TXN-00004745,221.16,2026-08-06 01:41:39.368897
4747,4746,Debit Card,Completed,2018-03-09,TXN-00004746,127.96,2026-08-06 01:41:39.368897
4748,4747,Credit Card,Completed,2018-03-06,TXN-00004747,18.69,2026-08-06 01:41:39.368897
4749,4748,Debit Card,Completed,2017-03-03,TXN-00004748,25.35,2026-08-06 01:41:39.368897
4750,4749,Net Banking,Completed,2017-03-03,TXN-00004749,35.28,2026-08-06 01:41:39.368897
4751,4750,UPI,Completed,2017-12-24,TXN-00004750,33.4,2026-08-06 01:41:39.368897
4752,4751,Credit Card,Completed,2017-10-11,TXN-00004751,837.6,2026-08-06 01:41:39.368897
4753,4752,Cash,Completed,2017-12-13,TXN-00004752,40.68,2026-08-06 01:41:39.368897
4754,4753,Credit Card,Completed,2018-11-23,TXN-00004753,209.57,2026-08-06 01:41:39.368897
4755,4754,Cash,Completed,2016-12-12,TXN-00004754,22.37,2026-08-06 01:41:39.368897
4756,4755,Net Banking,Completed,2018-02-03,TXN-00004755,3.88,2026-08-06 01:41:39.368897
4757,4756,Net Banking,Completed,2018-02-07,TXN-00004756,115.3,2026-08-06 01:41:39.368897
4758,4757,Cash,Completed,2018-09-24,TXN-00004757,1.91,2026-08-06 01:41:39.368897
4759,4758,Credit Card,Completed,2018-05-03,TXN-00004758,43.37,2026-08-06 01:41:39.368897
4760,4759,Net Banking,Completed,2015-11-03,TXN-00004759,783.96,2026-08-06 01:41:39.368897
4761,4760,Wallet,Completed,2015-11-05,TXN-00004760,48.9,2026-08-06 01:41:39.368897
4762,4761,Debit Card,Completed,2015-11-03,TXN-00004761,7.86,2026-08-06 01:41:39.368897
4763,4762,Wallet,Completed,2017-12-30,TXN-00004762,5.9,2026-08-06 01:41:39.368897
4764,4763,Cash,Pending,2018-01-03,TXN-00004763,13.71,2026-08-06 01:41:39.368897
4765,4764,Cash,Completed,2015-09-19,TXN-00004764,182.94,2026-08-06 01:41:39.368897
4766,4765,Debit Card,Completed,2018-11-24,TXN-00004765,27.76,2026-08-06 01:41:39.368897
4767,4766,Wallet,Completed,2016-04-26,TXN-00004766,25.99,2026-08-06 01:41:39.368897
4768,4767,Cash,Completed,2016-03-13,TXN-00004767,113.52,2026-08-06 01:41:39.368897
4769,4768,Cash,Completed,2016-03-13,TXN-00004768,359.88,2026-08-06 01:41:39.368897
4770,4769,UPI,Completed,2018-06-04,TXN-00004769,25.34,2026-08-06 01:41:39.368897
4771,4770,UPI,Pending,2017-09-19,TXN-00004770,11.95,2026-08-06 01:41:39.368897
4772,4771,Net Banking,Completed,2017-09-20,TXN-00004771,6.24,2026-08-06 01:41:39.368897
4773,4772,Credit Card,Completed,2015-11-01,TXN-00004772,742.34,2026-08-06 01:41:39.368897
4774,4773,UPI,Completed,2018-11-26,TXN-00004773,6.46,2026-08-06 01:41:39.368897
4775,4774,Net Banking,Completed,2018-11-25,TXN-00004774,11.52,2026-08-06 01:41:39.368897
4776,4775,Credit Card,Completed,2018-11-26,TXN-00004775,222.38,2026-08-06 01:41:39.368897
4777,4776,Credit Card,Completed,2018-11-19,TXN-00004776,23.36,2026-08-06 01:41:39.368897
4778,4777,Cash,Completed,2017-02-21,TXN-00004777,8.67,2026-08-06 01:41:39.368897
4779,4778,Cash,Completed,2017-02-20,TXN-00004778,25.71,2026-08-06 01:41:39.368897
4780,4779,Wallet,Completed,2018-11-08,TXN-00004779,100.94,2026-08-06 01:41:39.368897
4781,4780,Cash,Completed,2015-07-11,TXN-00004780,63.88,2026-08-06 01:41:39.368897
4782,4781,Net Banking,Completed,2015-11-10,TXN-00004781,683.14,2026-08-06 01:41:39.368897
4783,4782,Wallet,Completed,2015-11-07,TXN-00004782,1.48,2026-08-06 01:41:39.368897
4784,4783,Credit Card,Completed,2015-11-07,TXN-00004783,40.71,2026-08-06 01:41:39.368897
4785,4784,Debit Card,Completed,2018-01-29,TXN-00004784,279.9,2026-08-06 01:41:39.368897
4786,4785,Cash,Completed,2016-12-13,TXN-00004785,13.12,2026-08-06 01:41:39.368897
4787,4786,Net Banking,Completed,2016-12-13,TXN-00004786,69.58,2026-08-06 01:41:39.368897
4788,4787,Debit Card,Completed,2016-12-13,TXN-00004787,4.22,2026-08-06 01:41:39.368897
4789,4788,Net Banking,Completed,2016-12-11,TXN-00004788,58.08,2026-08-06 01:41:39.368897
4790,4789,Debit Card,Completed,2016-12-14,TXN-00004789,52.42,2026-08-06 01:41:39.368897
4791,4790,UPI,Completed,2016-12-15,TXN-00004790,54.92,2026-08-06 01:41:39.368897
4792,4791,UPI,Completed,2016-12-13,TXN-00004791,364.95,2026-08-06 01:41:39.368897
4793,4792,Net Banking,Completed,2016-12-13,TXN-00004792,85.06,2026-08-06 01:41:39.368897
4794,4793,UPI,Completed,2016-12-11,TXN-00004793,27.7,2026-08-06 01:41:39.368897
4795,4794,Cash,Completed,2016-07-02,TXN-00004794,24.96,2026-08-06 01:41:39.368897
4796,4795,Debit Card,Completed,2016-03-19,TXN-00004795,43.13,2026-08-06 01:41:39.368897
4797,4796,Wallet,Pending,2016-08-15,TXN-00004796,5.64,2026-08-06 01:41:39.368897
4798,4797,UPI,Completed,2017-05-17,TXN-00004797,57.58,2026-08-06 01:41:39.368897
4799,4798,Debit Card,Completed,2017-05-16,TXN-00004798,31.1,2026-08-06 01:41:39.368897
4800,4799,UPI,Completed,2017-05-15,TXN-00004799,30.19,2026-08-06 01:41:39.368897
4801,4800,Net Banking,Completed,2017-05-15,TXN-00004800,43.6,2026-08-06 01:41:39.368897
4802,4801,Debit Card,Completed,2017-05-17,TXN-00004801,4.77,2026-08-06 01:41:39.368897
4803,4802,Credit Card,Completed,2017-05-18,TXN-00004802,10.38,2026-08-06 01:41:39.368897
4804,4803,Credit Card,Completed,2017-05-17,TXN-00004803,13.39,2026-08-06 01:41:39.368897
4805,4804,Wallet,Pending,2018-07-17,TXN-00004804,39.59,2026-08-06 01:41:39.368897
4806,4805,Wallet,Completed,2018-07-16,TXN-00004805,91.01,2026-08-06 01:41:39.368897
4807,4806,Cash,Completed,2016-11-23,TXN-00004806,37.94,2026-08-06 01:41:39.368897
4808,4807,Credit Card,Completed,2016-11-26,TXN-00004807,42.8,2026-08-06 01:41:39.368897
4809,4808,Debit Card,Completed,2016-11-26,TXN-00004808,33.63,2026-08-06 01:41:39.368897
4810,4809,Net Banking,Completed,2015-11-23,TXN-00004809,62.81,2026-08-06 01:41:39.368897
4811,4810,Wallet,Completed,2016-12-31,TXN-00004810,195.64,2026-08-06 01:41:39.368897
4812,4811,UPI,Completed,2016-12-30,TXN-00004811,239.9,2026-08-06 01:41:39.368897
4813,4812,Wallet,Completed,2017-11-16,TXN-00004812,380.06,2026-08-06 01:41:39.368897
4814,4813,Debit Card,Completed,2017-11-17,TXN-00004813,1199.98,2026-08-06 01:41:39.368897
4815,4814,Debit Card,Pending,2017-11-18,TXN-00004814,48.58,2026-08-06 01:41:39.368897
4816,4815,UPI,Completed,2017-05-09,TXN-00004815,17.94,2026-08-06 01:41:39.368897
4817,4816,Debit Card,Completed,2015-12-27,TXN-00004816,18.26,2026-08-06 01:41:39.368897
4818,4817,Wallet,Completed,2015-12-30,TXN-00004817,34.66,2026-08-06 01:41:39.368897
4819,4818,Wallet,Completed,2015-12-28,TXN-00004818,81.55,2026-08-06 01:41:39.368897
4820,4819,Debit Card,Completed,2015-12-29,TXN-00004819,227.14,2026-08-06 01:41:39.368897
4821,4820,Cash,Completed,2018-06-10,TXN-00004820,10.36,2026-08-06 01:41:39.368897
4822,4821,Net Banking,Completed,2016-04-07,TXN-00004821,463.25,2026-08-06 01:41:39.368897
4823,4822,UPI,Completed,2016-04-09,TXN-00004822,383.95,2026-08-06 01:41:39.368897
4824,4823,Debit Card,Completed,2017-07-14,TXN-00004823,44.86,2026-08-06 01:41:39.368897
4825,4824,Wallet,Completed,2017-11-23,TXN-00004824,30.35,2026-08-06 01:41:39.368897
4826,4825,Wallet,Pending,2017-11-25,TXN-00004825,127.55,2026-08-06 01:41:39.368897
4827,4826,Cash,Completed,2017-11-24,TXN-00004826,77.95,2026-08-06 01:41:39.368897
4828,4827,Net Banking,Completed,2018-11-12,TXN-00004827,14.02,2026-08-06 01:41:39.368897
4829,4828,Net Banking,Completed,2015-11-02,TXN-00004828,69.52,2026-08-06 01:41:39.368897
4830,4829,Net Banking,Completed,2015-11-03,TXN-00004829,5.64,2026-08-06 01:41:39.368897
4831,4830,Cash,Completed,2017-05-16,TXN-00004830,13.78,2026-08-06 01:41:39.368897
4832,4831,Debit Card,Completed,2015-11-09,TXN-00004831,245.88,2026-08-06 01:41:39.368897
4833,4832,Credit Card,Completed,2015-11-07,TXN-00004832,36.63,2026-08-06 01:41:39.368897
4834,4833,Cash,Completed,2015-11-10,TXN-00004833,22.58,2026-08-06 01:41:39.368897
4835,4834,Net Banking,Completed,2015-11-07,TXN-00004834,12.39,2026-08-06 01:41:39.368897
4836,4835,Cash,Completed,2018-10-06,TXN-00004835,39.92,2026-08-06 01:41:39.368897
4837,4836,Credit Card,Completed,2018-10-07,TXN-00004836,61.96,2026-08-06 01:41:39.368897
4838,4837,UPI,Completed,2018-10-05,TXN-00004837,19.94,2026-08-06 01:41:39.368897
4839,4838,Cash,Completed,2018-06-01,TXN-00004838,3.8,2026-08-06 01:41:39.368897
4840,4839,Net Banking,Completed,2018-06-01,TXN-00004839,27.74,2026-08-06 01:41:39.368897
4841,4840,Credit Card,Completed,2018-06-04,TXN-00004840,158.38,2026-08-06 01:41:39.368897
4842,4841,Wallet,Pending,2018-11-20,TXN-00004841,27.58,2026-08-06 01:41:39.368897
4843,4842,Net Banking,Completed,2017-12-24,TXN-00004842,5.55,2026-08-06 01:41:39.368897
4844,4843,Debit Card,Completed,2018-10-01,TXN-00004843,243.92,2026-08-06 01:41:39.368897
4845,4844,Net Banking,Completed,2017-11-10,TXN-00004844,14.96,2026-08-06 01:41:39.368897
4846,4845,Cash,Completed,2015-04-06,TXN-00004845,7.18,2026-08-06 01:41:39.368897
4847,4846,Credit Card,Completed,2016-07-24,TXN-00004846,10.51,2026-08-06 01:41:39.368897
4848,4847,Net Banking,Completed,2015-06-25,TXN-00004847,263.96,2026-08-06 01:41:39.368897
4849,4848,Debit Card,Completed,2015-06-28,TXN-00004848,71.63,2026-08-06 01:41:39.368897
4850,4849,UPI,Completed,2015-06-25,TXN-00004849,9.33,2026-08-06 01:41:39.368897
4851,4850,Net Banking,Completed,2015-09-12,TXN-00004850,5.88,2026-08-06 01:41:39.368897
4852,4851,Debit Card,Completed,2015-09-08,TXN-00004851,975.92,2026-08-06 01:41:39.368897
4853,4852,Wallet,Completed,2015-09-12,TXN-00004852,303.84,2026-08-06 01:41:39.368897
4854,4853,Wallet,Completed,2015-09-08,TXN-00004853,485.88,2026-08-06 01:41:39.368897
4855,4854,Wallet,Completed,2015-12-16,TXN-00004854,12.54,2026-08-06 01:41:39.368897
4856,4855,UPI,Completed,2015-12-16,TXN-00004855,8.94,2026-08-06 01:41:39.368897
4857,4856,Net Banking,Completed,2015-12-16,TXN-00004856,9.24,2026-08-06 01:41:39.368897
4858,4857,Net Banking,Completed,2016-01-13,TXN-00004857,70.01,2026-08-06 01:41:39.368897
4859,4858,Wallet,Completed,2016-01-15,TXN-00004858,77.6,2026-08-06 01:41:39.368897
4860,4859,Cash,Pending,2016-01-17,TXN-00004859,464.85,2026-08-06 01:41:39.368897
4861,4860,Cash,Completed,2018-12-17,TXN-00004860,10.19,2026-08-06 01:41:39.368897
4862,4861,Cash,Completed,2017-12-18,TXN-00004861,1793.98,2026-08-06 01:41:39.368897
4863,4862,Debit Card,Completed,2015-04-12,TXN-00004862,758.35,2026-08-06 01:41:39.368897
4864,4863,Cash,Completed,2017-11-11,TXN-00004863,20.37,2026-08-06 01:41:39.368897
4865,4864,Cash,Completed,2017-11-11,TXN-00004864,49.85,2026-08-06 01:41:39.368897
4866,4865,UPI,Completed,2018-06-29,TXN-00004865,239.97,2026-08-06 01:41:39.368897
4867,4866,Cash,Completed,2018-11-17,TXN-00004866,2404.7,2026-08-06 01:41:39.368897
4868,4867,UPI,Completed,2018-11-16,TXN-00004867,563.02,2026-08-06 01:41:39.368897
4869,4868,UPI,Completed,2018-11-16,TXN-00004868,344.91,2026-08-06 01:41:39.368897
4870,4869,UPI,Completed,2018-11-14,TXN-00004869,8.64,2026-08-06 01:41:39.368897
4871,4870,Wallet,Completed,2018-11-27,TXN-00004870,89.99,2026-08-06 01:41:39.368897
4872,4871,UPI,Completed,2018-11-27,TXN-00004871,229.54,2026-08-06 01:41:39.368897
4873,4872,UPI,Completed,2018-05-26,TXN-00004872,1.82,2026-08-06 01:41:39.368897
4874,4873,Credit Card,Completed,2018-05-27,TXN-00004873,18.32,2026-08-06 01:41:39.368897
4875,4874,Debit Card,Completed,2018-05-24,TXN-00004874,48.82,2026-08-06 01:41:39.368897
4876,4875,Cash,Completed,2018-05-25,TXN-00004875,1.19,2026-08-06 01:41:39.368897
4877,4876,Debit Card,Completed,2015-12-02,TXN-00004876,119.8,2026-08-06 01:41:39.368897
4878,4877,UPI,Completed,2015-10-05,TXN-00004877,61.57,2026-08-06 01:41:39.368897
4879,4878,Net Banking,Pending,2015-10-04,TXN-00004878,6.19,2026-08-06 01:41:39.368897
4880,4879,Cash,Completed,2017-07-30,TXN-00004879,2.21,2026-08-06 01:41:39.368897
4881,4880,UPI,Completed,2018-11-05,TXN-00004880,5.32,2026-08-06 01:41:39.368897
4882,4881,Credit Card,Completed,2018-11-02,TXN-00004881,975.92,2026-08-06 01:41:39.368897
4883,4882,Net Banking,Completed,2018-11-05,TXN-00004882,2249.91,2026-08-06 01:41:39.368897
4884,4883,Cash,Completed,2018-11-05,TXN-00004883,59.92,2026-08-06 01:41:39.368897
4885,4884,Wallet,Completed,2018-03-12,TXN-00004884,171.2,2026-08-06 01:41:39.368897
4886,4885,Credit Card,Completed,2018-03-08,TXN-00004885,3.36,2026-08-06 01:41:39.368897
4887,4886,UPI,Completed,2015-12-18,TXN-00004886,114.2,2026-08-06 01:41:39.368897
4888,4887,Wallet,Completed,2017-11-30,TXN-00004887,182.67,2026-08-06 01:41:39.368897
4889,4888,Cash,Completed,2017-12-02,TXN-00004888,101.7,2026-08-06 01:41:39.368897
4890,4889,Cash,Completed,2017-11-28,TXN-00004889,1126.02,2026-08-06 01:41:39.368897
4891,4890,UPI,Completed,2017-12-01,TXN-00004890,1263.3,2026-08-06 01:41:39.368897
4892,4891,UPI,Completed,2017-12-25,TXN-00004891,8.82,2026-08-06 01:41:39.368897
4893,4892,Cash,Completed,2017-12-23,TXN-00004892,37.94,2026-08-06 01:41:39.368897
4894,4893,Net Banking,Completed,2017-12-26,TXN-00004893,4.2,2026-08-06 01:41:39.368897
4895,4894,Net Banking,Completed,2017-12-26,TXN-00004894,227.28,2026-08-06 01:41:39.368897
4896,4895,Wallet,Completed,2017-12-27,TXN-00004895,47.9,2026-08-06 01:41:39.368897
4897,4896,Debit Card,Completed,2017-12-23,TXN-00004896,61.96,2026-08-06 01:41:39.368897
4898,4897,UPI,Completed,2017-12-26,TXN-00004897,1117.92,2026-08-06 01:41:39.368897
4899,4898,Net Banking,Completed,2015-10-16,TXN-00004898,183.37,2026-08-06 01:41:39.368897
4900,4899,Credit Card,Completed,2015-10-19,TXN-00004899,7.97,2026-08-06 01:41:39.368897
4901,4900,UPI,Completed,2017-08-26,TXN-00004900,26.35,2026-08-06 01:41:39.368897
4902,4901,Net Banking,Completed,2018-12-20,TXN-00004901,481.32,2026-08-06 01:41:39.368897
4903,4902,Wallet,Completed,2018-12-19,TXN-00004902,13.98,2026-08-06 01:41:39.368897
4904,4903,Credit Card,Completed,2018-03-11,TXN-00004903,25.92,2026-08-06 01:41:39.368897
4905,4904,Credit Card,Completed,2018-03-07,TXN-00004904,91.59,2026-08-06 01:41:39.368897
4906,4905,Net Banking,Completed,2015-12-01,TXN-00004905,674.06,2026-08-06 01:41:39.368897
4907,4906,Net Banking,Completed,2015-10-17,TXN-00004906,22.92,2026-08-06 01:41:39.368897
4908,4907,Debit Card,Completed,2015-10-14,TXN-00004907,269.9,2026-08-06 01:41:39.368897
4909,4908,UPI,Completed,2015-11-19,TXN-00004908,11.81,2026-08-06 01:41:39.368897
4910,4909,Wallet,Completed,2015-11-18,TXN-00004909,9.59,2026-08-06 01:41:39.368897
4911,4910,Cash,Completed,2018-01-14,TXN-00004910,18.34,2026-08-06 01:41:39.368897
4912,4911,Wallet,Completed,2018-01-16,TXN-00004911,36.29,2026-08-06 01:41:39.368897
4913,4912,Debit Card,Completed,2018-01-15,TXN-00004912,111.98,2026-08-06 01:41:39.368897
4914,4913,Wallet,Completed,2018-01-14,TXN-00004913,5.97,2026-08-06 01:41:39.368897
4915,4914,Debit Card,Completed,2018-01-18,TXN-00004914,2.51,2026-08-06 01:41:39.368897
4916,4915,UPI,Completed,2016-09-24,TXN-00004915,35.96,2026-08-06 01:41:39.368897
4917,4916,Credit Card,Pending,2016-09-27,TXN-00004916,14.95,2026-08-06 01:41:39.368897
4918,4917,Debit Card,Completed,2018-10-13,TXN-00004917,67.14,2026-08-06 01:41:39.368897
4919,4918,Cash,Completed,2018-10-12,TXN-00004918,254.06,2026-08-06 01:41:39.368897
4920,4919,Net Banking,Completed,2017-01-03,TXN-00004919,173.94,2026-08-06 01:41:39.368897
4921,4920,Credit Card,Completed,2017-01-04,TXN-00004920,231.98,2026-08-06 01:41:39.368897
4922,4921,Wallet,Completed,2018-08-20,TXN-00004921,2.3,2026-08-06 01:41:39.368897
4923,4922,UPI,Completed,2018-12-27,TXN-00004922,96.08,2026-08-06 01:41:39.368897
4924,4923,Credit Card,Completed,2018-12-25,TXN-00004923,3.62,2026-08-06 01:41:39.368897
4925,4924,UPI,Completed,2018-12-26,TXN-00004924,629.1,2026-08-06 01:41:39.368897
4926,4925,Debit Card,Completed,2018-12-29,TXN-00004925,90.48,2026-08-06 01:41:39.368897
4927,4926,Debit Card,Completed,2018-09-13,TXN-00004926,14.88,2026-08-06 01:41:39.368897
4928,4927,Credit Card,Completed,2018-10-20,TXN-00004927,91.28,2026-08-06 01:41:39.368897
4929,4928,Credit Card,Completed,2018-12-02,TXN-00004928,19.44,2026-08-06 01:41:39.368897
4930,4929,Credit Card,Completed,2018-12-01,TXN-00004929,897.15,2026-08-06 01:41:39.368897
4931,4930,UPI,Completed,2015-09-04,TXN-00004930,57.75,2026-08-06 01:41:39.368897
4932,4931,UPI,Completed,2015-09-03,TXN-00004931,14.94,2026-08-06 01:41:39.368897
4933,4932,Net Banking,Completed,2018-03-28,TXN-00004932,23.1,2026-08-06 01:41:39.368897
4934,4933,Net Banking,Completed,2016-09-29,TXN-00004933,12.54,2026-08-06 01:41:39.368897
4935,4934,UPI,Completed,2016-10-01,TXN-00004934,1.08,2026-08-06 01:41:39.368897
4936,4935,UPI,Completed,2016-10-02,TXN-00004935,4.51,2026-08-06 01:41:39.368897
4937,4936,Debit Card,Completed,2016-03-15,TXN-00004936,16.78,2026-08-06 01:41:39.368897
4938,4937,Cash,Completed,2018-01-08,TXN-00004937,33.74,2026-08-06 01:41:39.368897
4939,4938,Credit Card,Completed,2015-01-14,TXN-00004938,1325.85,2026-08-06 01:41:39.368897
4940,4939,Wallet,Completed,2015-01-14,TXN-00004939,334.0,2026-08-06 01:41:39.368897
4941,4940,Credit Card,Completed,2015-01-15,TXN-00004940,19.9,2026-08-06 01:41:39.368897
4942,4941,UPI,Completed,2016-02-10,TXN-00004941,1268.82,2026-08-06 01:41:39.368897
4943,4942,Debit Card,Completed,2016-02-07,TXN-00004942,283.92,2026-08-06 01:41:39.368897
4944,4943,UPI,Completed,2016-02-09,TXN-00004943,5.68,2026-08-06 01:41:39.368897
4945,4944,Cash,Completed,2018-12-23,TXN-00004944,375.34,2026-08-06 01:41:39.368897
4946,4945,Debit Card,Completed,2017-09-08,TXN-00004945,96.08,2026-08-06 01:41:39.368897
4947,4946,Credit Card,Completed,2017-09-06,TXN-00004946,11.68,2026-08-06 01:41:39.368897
4948,4947,Net Banking,Completed,2017-09-07,TXN-00004947,4.36,2026-08-06 01:41:39.368897
4949,4948,Debit Card,Completed,2015-10-08,TXN-00004948,29.24,2026-08-06 01:41:39.368897
4950,4949,Wallet,Completed,2018-11-30,TXN-00004949,117.49,2026-08-06 01:41:39.368897
4951,4950,Wallet,Completed,2018-11-30,TXN-00004950,18.84,2026-08-06 01:41:39.368897
4952,4951,Credit Card,Completed,2017-10-29,TXN-00004951,12.42,2026-08-06 01:41:39.368897
4953,4952,Wallet,Completed,2016-06-12,TXN-00004952,12.96,2026-08-06 01:41:39.368897
4954,4953,UPI,Completed,2018-12-09,TXN-00004953,69.48,2026-08-06 01:41:39.368897
4955,4954,Debit Card,Completed,2016-03-17,TXN-00004954,85.9,2026-08-06 01:41:39.368897
4956,4955,Debit Card,Completed,2015-06-09,TXN-00004955,18.06,2026-08-06 01:41:39.368897
4957,4956,Net Banking,Completed,2015-06-13,TXN-00004956,79.14,2026-08-06 01:41:39.368897
4958,4957,Debit Card,Completed,2015-06-09,TXN-00004957,37.4,2026-08-06 01:41:39.368897
4959,4958,Debit Card,Completed,2016-03-24,TXN-00004958,2.51,2026-08-06 01:41:39.368897
4960,4959,UPI,Completed,2016-03-20,TXN-00004959,18.86,2026-08-06 01:41:39.368897
4961,4960,UPI,Completed,2017-11-22,TXN-00004960,61.19,2026-08-06 01:41:39.368897
4962,4961,Debit Card,Completed,2017-11-22,TXN-00004961,67.84,2026-08-06 01:41:39.368897
4963,4962,Wallet,Completed,2015-03-09,TXN-00004962,48.71,2026-08-06 01:41:39.368897
4964,4963,Wallet,Completed,2015-03-09,TXN-00004963,17.94,2026-08-06 01:41:39.368897
4965,4964,Wallet,Pending,2015-03-11,TXN-00004964,242.94,2026-08-06 01:41:39.368897
4966,4965,Net Banking,Completed,2017-05-18,TXN-00004965,7.76,2026-08-06 01:41:39.368897
4967,4966,Credit Card,Completed,2016-05-26,TXN-00004966,467.04,2026-08-06 01:41:39.368897
4968,4967,Debit Card,Completed,2016-08-02,TXN-00004967,128.85,2026-08-06 01:41:39.368897
4969,4968,Debit Card,Completed,2016-08-04,TXN-00004968,8.4,2026-08-06 01:41:39.368897
4970,4969,UPI,Completed,2016-08-02,TXN-00004969,199.98,2026-08-06 01:41:39.368897
4971,4970,Cash,Completed,2016-08-04,TXN-00004970,110.98,2026-08-06 01:41:39.368897
4972,4971,Wallet,Completed,2017-11-06,TXN-00004971,207.98,2026-08-06 01:41:39.368897
4973,4972,Credit Card,Pending,2017-11-08,TXN-00004972,36.11,2026-08-06 01:41:39.368897
4974,4973,Cash,Completed,2017-11-07,TXN-00004973,35.57,2026-08-06 01:41:39.368897
4975,4974,Credit Card,Completed,2017-11-10,TXN-00004974,88.77,2026-08-06 01:41:39.368897
4976,4975,UPI,Pending,2017-11-07,TXN-00004975,12.9,2026-08-06 01:41:39.368897
4977,4976,Wallet,Completed,2016-09-18,TXN-00004976,717.12,2026-08-06 01:41:39.368897
4978,4977,UPI,Completed,2016-12-10,TXN-00004977,21.36,2026-08-06 01:41:39.368897
4979,4978,Wallet,Completed,2016-12-10,TXN-00004978,6.69,2026-08-06 01:41:39.368897
4980,4979,Wallet,Completed,2016-12-08,TXN-00004979,773.94,2026-08-06 01:41:39.368897
4981,4980,Debit Card,Completed,2017-12-13,TXN-00004980,20.57,2026-08-06 01:41:39.368897
4982,4981,Net Banking,Completed,2017-12-12,TXN-00004981,4.36,2026-08-06 01:41:39.368897
4983,4982,Cash,Completed,2017-12-11,TXN-00004982,19.04,2026-08-06 01:41:39.368897
4984,4983,Cash,Completed,2015-11-16,TXN-00004983,5.22,2026-08-06 01:41:39.368897
4985,4984,Net Banking,Completed,2017-11-06,TXN-00004984,84.84,2026-08-06 01:41:39.368897
4986,4985,Net Banking,Pending,2016-09-10,TXN-00004985,7.24,2026-08-06 01:41:39.368897
4987,4986,Wallet,Completed,2015-09-05,TXN-00004986,14.4,2026-08-06 01:41:39.368897
4988,4987,UPI,Completed,2017-04-26,TXN-00004987,15.55,2026-08-06 01:41:39.368897
4989,4988,UPI,Completed,2017-04-25,TXN-00004988,1325.76,2026-08-06 01:41:39.368897
4990,4989,Net Banking,Completed,2017-04-27,TXN-00004989,3.11,2026-08-06 01:41:39.368897
4991,4990,Wallet,Completed,2018-09-03,TXN-00004990,6.67,2026-08-06 01:41:39.368897
4992,4991,Wallet,Completed,2018-09-03,TXN-00004991,689.41,2026-08-06 01:41:39.368897
4993,4992,Cash,Completed,2018-12-07,TXN-00004992,1889.99,2026-08-06 01:41:39.368897
4994,4993,Debit Card,Completed,2016-12-22,TXN-00004993,55.94,2026-08-06 01:41:39.368897
4995,4994,Cash,Completed,2016-12-22,TXN-00004994,18.43,2026-08-06 01:41:39.368897
4996,4995,Debit Card,Completed,2016-12-18,TXN-00004995,20.32,2026-08-06 01:41:39.368897
4997,4996,Wallet,Completed,2015-11-06,TXN-00004996,52.06,2026-08-06 01:41:39.368897
4998,4997,Credit Card,Completed,2018-03-14,TXN-00004997,48.78,2026-08-06 01:41:39.368897
4999,4998,Cash,Completed,2018-03-10,TXN-00004998,13.09,2026-08-06 01:41:39.368897
5000,4999,Cash,Pending,2017-02-04,TXN-00004999,109.59,2026-08-06 01:41:39.368897
5001,5000,Wallet,Completed,2017-02-02,TXN-00005000,56.7,2026-08-06 01:41:39.368897
5002,5001,Net Banking,Completed,2018-05-07,TXN-00005001,79.99,2026-08-06 01:41:39.368897
5003,5002,Debit Card,Completed,2017-05-25,TXN-00005002,69.5,2026-08-06 01:41:39.368897
5004,5003,Debit Card,Completed,2017-05-26,TXN-00005003,191.6,2026-08-06 01:41:39.368897
5005,5004,Cash,Completed,2017-10-08,TXN-00005004,10.56,2026-08-06 01:41:39.368897
5006,5005,Cash,Completed,2015-05-02,TXN-00005005,47.79,2026-08-06 01:41:39.368897
5007,5006,Wallet,Completed,2016-11-12,TXN-00005006,714.3,2026-08-06 01:41:39.368897
5008,5007,Debit Card,Pending,2016-11-12,TXN-00005007,2321.9,2026-08-06 01:41:39.368897
5009,5008,UPI,Completed,2016-11-13,TXN-00005008,17.94,2026-08-06 01:41:39.368897
5010,5009,UPI,Completed,2016-09-08,TXN-00005009,9.52,2026-08-06 01:41:39.368897
5011,5010,UPI,Completed,2016-09-10,TXN-00005010,791.96,2026-08-06 01:41:39.368897
5012,5011,Net Banking,Completed,2016-09-11,TXN-00005011,4.92,2026-08-06 01:41:39.368897
5013,5012,Wallet,Completed,2018-05-14,TXN-00005012,209.98,2026-08-06 01:41:39.368897
5014,5013,Credit Card,Completed,2018-07-24,TXN-00005013,33.93,2026-08-06 01:41:39.368897
5015,5014,Credit Card,Completed,2018-07-22,TXN-00005014,222.32,2026-08-06 01:41:39.368897
5016,5015,Net Banking,Completed,2018-07-22,TXN-00005015,210.56,2026-08-06 01:41:39.368897
5017,5016,Debit Card,Completed,2015-11-25,TXN-00005016,35.17,2026-08-06 01:41:39.368897
5018,5017,UPI,Completed,2015-11-26,TXN-00005017,1502.38,2026-08-06 01:41:39.368897
5019,5018,UPI,Completed,2015-11-19,TXN-00005018,10.11,2026-08-06 01:41:39.368897
5020,5019,Net Banking,Completed,2015-11-19,TXN-00005019,772.47,2026-08-06 01:41:39.368897
5021,5020,UPI,Completed,2015-11-15,TXN-00005020,20.46,2026-08-06 01:41:39.368897
5022,5021,UPI,Completed,2018-03-25,TXN-00005021,347.58,2026-08-06 01:41:39.368897
5023,5022,Net Banking,Completed,2017-12-18,TXN-00005022,72.64,2026-08-06 01:41:39.368897
5024,5023,UPI,Completed,2017-12-19,TXN-00005023,772.47,2026-08-06 01:41:39.368897
5025,5024,Wallet,Completed,2017-12-20,TXN-00005024,39.92,2026-08-06 01:41:39.368897
5026,5025,UPI,Completed,2018-07-30,TXN-00005025,33.48,2026-08-06 01:41:39.368897
5027,5026,UPI,Completed,2018-07-30,TXN-00005026,461.97,2026-08-06 01:41:39.368897
5028,5027,Cash,Completed,2018-07-31,TXN-00005027,137.62,2026-08-06 01:41:39.368897
5029,5028,Cash,Completed,2018-08-01,TXN-00005028,302.67,2026-08-06 01:41:39.368897
5030,5029,Wallet,Completed,2015-09-06,TXN-00005029,239.98,2026-08-06 01:41:39.368897
5031,5030,Debit Card,Completed,2018-02-02,TXN-00005030,8.34,2026-08-06 01:41:39.368897
5032,5031,Debit Card,Completed,2018-01-29,TXN-00005031,8.57,2026-08-06 01:41:39.368897
5033,5032,Cash,Completed,2018-01-29,TXN-00005032,119.62,2026-08-06 01:41:39.368897
5034,5033,Debit Card,Completed,2017-12-30,TXN-00005033,212.94,2026-08-06 01:41:39.368897
5035,5034,Credit Card,Completed,2017-12-28,TXN-00005034,26.49,2026-08-06 01:41:39.368897
5036,5035,Debit Card,Completed,2016-08-10,TXN-00005035,687.4,2026-08-06 01:41:39.368897
5037,5036,Net Banking,Pending,2015-04-08,TXN-00005036,653.55,2026-08-06 01:41:39.368897
5038,5037,Net Banking,Completed,2015-04-06,TXN-00005037,33.9,2026-08-06 01:41:39.368897
5039,5038,Net Banking,Completed,2018-11-19,TXN-00005038,239.96,2026-08-06 01:41:39.368897
5040,5039,UPI,Completed,2016-07-14,TXN-00005039,199.84,2026-08-06 01:41:39.368897
5041,5040,UPI,Completed,2016-07-13,TXN-00005040,716.0,2026-08-06 01:41:39.368897
5042,5041,UPI,Completed,2016-07-12,TXN-00005041,221.06,2026-08-06 01:41:39.368897
5043,5042,Wallet,Completed,2017-11-10,TXN-00005042,67.71,2026-08-06 01:41:39.368897
5044,5043,UPI,Completed,2017-11-14,TXN-00005043,129.92,2026-08-06 01:41:39.368897
5045,5044,Debit Card,Completed,2017-11-12,TXN-00005044,467.46,2026-08-06 01:41:39.368897
5046,5045,UPI,Completed,2017-11-13,TXN-00005045,61.4,2026-08-06 01:41:39.368897
5047,5046,Net Banking,Completed,2017-11-10,TXN-00005046,720.76,2026-08-06 01:41:39.368897
5048,5047,Credit Card,Completed,2017-11-14,TXN-00005047,5.18,2026-08-06 01:41:39.368897
5049,5048,Wallet,Completed,2017-11-13,TXN-00005048,14.7,2026-08-06 01:41:39.368897
5050,5049,Net Banking,Completed,2015-03-31,TXN-00005049,8.13,2026-08-06 01:41:39.368897
5051,5050,Wallet,Completed,2015-04-04,TXN-00005050,79.98,2026-08-06 01:41:39.368897
5052,5051,Wallet,Completed,2016-09-21,TXN-00005051,18.54,2026-08-06 01:41:39.368897
5053,5052,Credit Card,Completed,2016-11-11,TXN-00005052,24.4,2026-08-06 01:41:39.368897
5054,5053,Credit Card,Completed,2018-05-22,TXN-00005053,195.64,2026-08-06 01:41:39.368897
5055,5054,Debit Card,Completed,2016-01-06,TXN-00005054,398.4,2026-08-06 01:41:39.368897
5056,5055,Cash,Pending,2016-01-04,TXN-00005055,7.06,2026-08-06 01:41:39.368897
5057,5056,Credit Card,Completed,2016-01-05,TXN-00005056,1352.4,2026-08-06 01:41:39.368897
5058,5057,UPI,Completed,2016-09-09,TXN-00005057,26.4,2026-08-06 01:41:39.368897
5059,5058,Cash,Completed,2016-09-10,TXN-00005058,41.88,2026-08-06 01:41:39.368897
5060,5059,Debit Card,Completed,2017-04-06,TXN-00005059,99.85,2026-08-06 01:41:39.368897
5061,5060,Credit Card,Completed,2017-12-06,TXN-00005060,699.98,2026-08-06 01:41:39.368897
5062,5061,Net Banking,Completed,2017-12-07,TXN-00005061,584.82,2026-08-06 01:41:39.368897
5063,5062,Wallet,Completed,2016-05-11,TXN-00005062,43.98,2026-08-06 01:41:39.368897
5064,5063,Net Banking,Completed,2016-05-12,TXN-00005063,377.97,2026-08-06 01:41:39.368897
5065,5064,Wallet,Completed,2016-05-11,TXN-00005064,123.96,2026-08-06 01:41:39.368897
5066,5065,Cash,Completed,2018-09-26,TXN-00005065,391.98,2026-08-06 01:41:39.368897
5067,5066,Credit Card,Completed,2018-12-01,TXN-00005066,383.98,2026-08-06 01:41:39.368897
5068,5067,Credit Card,Completed,2018-11-30,TXN-00005067,1781.68,2026-08-06 01:41:39.368897
5069,5068,Credit Card,Completed,2018-01-18,TXN-00005068,21.4,2026-08-06 01:41:39.368897
5070,5069,Credit Card,Completed,2015-08-11,TXN-00005069,549.99,2026-08-06 01:41:39.368897
5071,5070,Debit Card,Completed,2015-08-10,TXN-00005070,167.54,2026-08-06 01:41:39.368897
5072,5071,Wallet,Completed,2015-08-08,TXN-00005071,38.34,2026-08-06 01:41:39.368897
5073,5072,UPI,Completed,2015-08-09,TXN-00005072,53.88,2026-08-06 01:41:39.368897
5074,5073,Credit Card,Completed,2015-08-08,TXN-00005073,299.98,2026-08-06 01:41:39.368897
5075,5074,UPI,Completed,2016-11-08,TXN-00005074,62.8,2026-08-06 01:41:39.368897
5076,5075,UPI,Completed,2018-04-29,TXN-00005075,13.9,2026-08-06 01:41:39.368897
5077,5076,Wallet,Completed,2015-04-20,TXN-00005076,744.1,2026-08-06 01:41:39.368897
5078,5077,Credit Card,Completed,2015-04-22,TXN-00005077,44.84,2026-08-06 01:41:39.368897
5079,5078,Cash,Completed,2015-04-24,TXN-00005078,401.59,2026-08-06 01:41:39.368897
5080,5079,Wallet,Completed,2018-11-11,TXN-00005079,18.24,2026-08-06 01:41:39.368897
5081,5080,Wallet,Completed,2018-11-27,TXN-00005080,359.5,2026-08-06 01:41:39.368897
5082,5081,Wallet,Pending,2018-11-28,TXN-00005081,10.48,2026-08-06 01:41:39.368897
5083,5082,Net Banking,Completed,2016-12-22,TXN-00005082,20.74,2026-08-06 01:41:39.368897
5084,5083,Credit Card,Completed,2017-09-10,TXN-00005083,35.17,2026-08-06 01:41:39.368897
5085,5084,Net Banking,Pending,2017-09-08,TXN-00005084,64.7,2026-08-06 01:41:39.368897
5086,5085,Cash,Completed,2017-06-06,TXN-00005085,105.52,2026-08-06 01:41:39.368897
5087,5086,Debit Card,Completed,2016-06-23,TXN-00005086,5.79,2026-08-06 01:41:39.368897
5088,5087,Wallet,Completed,2016-03-08,TXN-00005087,466.16,2026-08-06 01:41:39.368897
5089,5088,Credit Card,Completed,2016-03-08,TXN-00005088,10.31,2026-08-06 01:41:39.368897
5090,5089,UPI,Completed,2016-03-05,TXN-00005089,2.56,2026-08-06 01:41:39.368897
5091,5090,Wallet,Completed,2018-08-04,TXN-00005090,7.97,2026-08-06 01:41:39.368897
5092,5091,Cash,Completed,2018-08-07,TXN-00005091,8.78,2026-08-06 01:41:39.368897
5093,5092,Wallet,Completed,2019-01-02,TXN-00005092,3.02,2026-08-06 01:41:39.368897
5094,5093,Cash,Completed,2016-05-24,TXN-00005093,51.45,2026-08-06 01:41:39.368897
5095,5094,Net Banking,Completed,2015-12-09,TXN-00005094,14.02,2026-08-06 01:41:39.368897
5096,5095,Credit Card,Completed,2015-12-07,TXN-00005095,214.95,2026-08-06 01:41:39.368897
5097,5096,Credit Card,Completed,2015-12-07,TXN-00005096,35.04,2026-08-06 01:41:39.368897
5098,5097,Debit Card,Completed,2015-12-08,TXN-00005097,10.78,2026-08-06 01:41:39.368897
5099,5098,Wallet,Completed,2015-12-07,TXN-00005098,4.6,2026-08-06 01:41:39.368897
5100,5099,Wallet,Completed,2015-12-10,TXN-00005099,35.17,2026-08-06 01:41:39.368897
5101,5100,UPI,Completed,2016-08-11,TXN-00005100,19.15,2026-08-06 01:41:39.368897
5102,5101,Wallet,Completed,2015-03-19,TXN-00005101,4.45,2026-08-06 01:41:39.368897
5103,5102,Debit Card,Pending,2015-03-20,TXN-00005102,5.18,2026-08-06 01:41:39.368897
5104,5103,Cash,Completed,2015-03-19,TXN-00005103,15.55,2026-08-06 01:41:39.368897
5105,5104,UPI,Completed,2016-03-28,TXN-00005104,40.03,2026-08-06 01:41:39.368897
5106,5105,UPI,Completed,2016-03-30,TXN-00005105,16.78,2026-08-06 01:41:39.368897
5107,5106,UPI,Completed,2015-12-17,TXN-00005106,186.3,2026-08-06 01:41:39.368897
5108,5107,Net Banking,Completed,2016-09-21,TXN-00005107,66.36,2026-08-06 01:41:39.368897
5109,5108,Cash,Completed,2018-04-26,TXN-00005108,42.05,2026-08-06 01:41:39.368897
5110,5109,UPI,Completed,2018-04-27,TXN-00005109,67.92,2026-08-06 01:41:39.368897
5111,5110,UPI,Completed,2015-10-21,TXN-00005110,52.51,2026-08-06 01:41:39.368897
5112,5111,Net Banking,Completed,2015-10-19,TXN-00005111,186.91,2026-08-06 01:41:39.368897
5113,5112,Cash,Completed,2015-10-21,TXN-00005112,10.05,2026-08-06 01:41:39.368897
5114,5113,Net Banking,Completed,2016-11-14,TXN-00005113,17.5,2026-08-06 01:41:39.368897
5115,5114,UPI,Completed,2017-02-04,TXN-00005114,15.55,2026-08-06 01:41:39.368897
5116,5115,Credit Card,Completed,2017-11-18,TXN-00005115,10.78,2026-08-06 01:41:39.368897
5117,5116,Wallet,Completed,2018-07-25,TXN-00005116,3.3,2026-08-06 01:41:39.368897
5118,5117,Credit Card,Completed,2018-11-15,TXN-00005117,35.48,2026-08-06 01:41:39.368897
5119,5118,Credit Card,Completed,2016-09-27,TXN-00005118,34.44,2026-08-06 01:41:39.368897
5120,5119,Net Banking,Completed,2016-09-30,TXN-00005119,629.93,2026-08-06 01:41:39.368897
5121,5120,Credit Card,Completed,2016-09-30,TXN-00005120,79.06,2026-08-06 01:41:39.368897
5122,5121,UPI,Completed,2015-04-06,TXN-00005121,232.55,2026-08-06 01:41:39.368897
5123,5122,UPI,Completed,2015-04-08,TXN-00005122,99.98,2026-08-06 01:41:39.368897
5124,5123,UPI,Completed,2015-04-05,TXN-00005123,19.44,2026-08-06 01:41:39.368897
5125,5124,Net Banking,Completed,2015-04-06,TXN-00005124,12.96,2026-08-06 01:41:39.368897
5126,5125,Cash,Completed,2015-09-17,TXN-00005125,464.29,2026-08-06 01:41:39.368897
5127,5126,Credit Card,Completed,2015-09-14,TXN-00005126,68.46,2026-08-06 01:41:39.368897
5128,5127,Wallet,Completed,2015-09-18,TXN-00005127,2799.96,2026-08-06 01:41:39.368897
5129,5128,Wallet,Completed,2015-09-17,TXN-00005128,601.3,2026-08-06 01:41:39.368897
5130,5129,UPI,Completed,2015-09-17,TXN-00005129,16.99,2026-08-06 01:41:39.368897
5131,5130,Debit Card,Completed,2015-09-15,TXN-00005130,287.97,2026-08-06 01:41:39.368897
5132,5131,Debit Card,Completed,2015-09-17,TXN-00005131,44.82,2026-08-06 01:41:39.368897
5133,5132,Credit Card,Completed,2018-12-29,TXN-00005132,101.12,2026-08-06 01:41:39.368897
5134,5133,Cash,Completed,2016-06-25,TXN-00005133,107.98,2026-08-06 01:41:39.368897
5135,5134,UPI,Completed,2018-11-29,TXN-00005134,58.73,2026-08-06 01:41:39.368897
5136,5135,Credit Card,Completed,2018-11-26,TXN-00005135,93.34,2026-08-06 01:41:39.368897
5137,5136,Net Banking,Completed,2017-10-27,TXN-00005136,17.05,2026-08-06 01:41:39.368897
5138,5137,Credit Card,Completed,2016-12-15,TXN-00005137,8.1,2026-08-06 01:41:39.368897
5139,5138,Net Banking,Completed,2017-11-17,TXN-00005138,30.36,2026-08-06 01:41:39.368897
5140,5139,Wallet,Completed,2018-09-30,TXN-00005139,23.34,2026-08-06 01:41:39.368897
5141,5140,Credit Card,Completed,2018-10-02,TXN-00005140,51.55,2026-08-06 01:41:39.368897
5142,5141,Net Banking,Completed,2016-11-08,TXN-00005141,119.9,2026-08-06 01:41:39.368897
5143,5142,Cash,Completed,2017-04-01,TXN-00005142,1317.49,2026-08-06 01:41:39.368897
5144,5143,UPI,Completed,2017-04-02,TXN-00005143,63.84,2026-08-06 01:41:39.368897
5145,5144,Net Banking,Completed,2017-04-04,TXN-00005144,3.59,2026-08-06 01:41:39.368897
5146,5145,Debit Card,Pending,2018-02-03,TXN-00005145,86.26,2026-08-06 01:41:39.368897
5147,5146,UPI,Completed,2018-02-02,TXN-00005146,139.04,2026-08-06 01:41:39.368897
5148,5147,Debit Card,Completed,2018-02-06,TXN-00005147,46.8,2026-08-06 01:41:39.368897
5149,5148,Wallet,Completed,2018-12-25,TXN-00005148,8.54,2026-08-06 01:41:39.368897
5150,5149,Credit Card,Completed,2018-12-24,TXN-00005149,842.38,2026-08-06 01:41:39.368897
5151,5150,UPI,Completed,2015-06-23,TXN-00005150,1214.85,2026-08-06 01:41:39.368897
5152,5151,UPI,Completed,2018-03-06,TXN-00005151,67.78,2026-08-06 01:41:39.368897
5153,5152,Wallet,Completed,2018-09-29,TXN-00005152,39.9,2026-08-06 01:41:39.368897
5154,5153,Debit Card,Completed,2015-07-04,TXN-00005153,2.69,2026-08-06 01:41:39.368897
5155,5154,UPI,Completed,2015-07-04,TXN-00005154,6.6,2026-08-06 01:41:39.368897
5156,5155,Wallet,Completed,2016-08-10,TXN-00005155,28.4,2026-08-06 01:41:39.368897
5157,5156,Debit Card,Completed,2016-08-10,TXN-00005156,212.94,2026-08-06 01:41:39.368897
5158,5157,Credit Card,Pending,2018-07-02,TXN-00005157,1001.58,2026-08-06 01:41:39.368897
5159,5158,Debit Card,Completed,2018-06-30,TXN-00005158,569.06,2026-08-06 01:41:39.368897
5160,5159,UPI,Completed,2018-07-02,TXN-00005159,14.22,2026-08-06 01:41:39.368897
5161,5160,Wallet,Completed,2016-10-30,TXN-00005160,105.58,2026-08-06 01:41:39.368897
5162,5161,Credit Card,Completed,2016-10-29,TXN-00005161,68.72,2026-08-06 01:41:39.368897
5163,5162,Credit Card,Completed,2015-07-31,TXN-00005162,1367.84,2026-08-06 01:41:39.368897
5164,5163,Net Banking,Completed,2017-11-18,TXN-00005163,301.96,2026-08-06 01:41:39.368897
5165,5164,Wallet,Pending,2016-07-10,TXN-00005164,170.35,2026-08-06 01:41:39.368897
5166,5165,Net Banking,Completed,2015-11-14,TXN-00005165,3.9,2026-08-06 01:41:39.368897
5167,5166,Debit Card,Completed,2015-11-11,TXN-00005166,12.84,2026-08-06 01:41:39.368897
5168,5167,Debit Card,Completed,2015-11-14,TXN-00005167,15.84,2026-08-06 01:41:39.368897
5169,5168,Net Banking,Completed,2015-11-10,TXN-00005168,563.94,2026-08-06 01:41:39.368897
5170,5169,Debit Card,Completed,2015-11-10,TXN-00005169,62.94,2026-08-06 01:41:39.368897
5171,5170,Credit Card,Completed,2015-11-12,TXN-00005170,535.41,2026-08-06 01:41:39.368897
5172,5171,Wallet,Completed,2017-05-29,TXN-00005171,3504.9,2026-08-06 01:41:39.368897
5173,5172,Net Banking,Completed,2017-05-27,TXN-00005172,144.12,2026-08-06 01:41:39.368897
5174,5173,Net Banking,Completed,2017-05-31,TXN-00005173,314.55,2026-08-06 01:41:39.368897
5175,5174,Net Banking,Completed,2016-03-09,TXN-00005174,3.41,2026-08-06 01:41:39.368897
5176,5175,Credit Card,Completed,2018-10-21,TXN-00005175,2.07,2026-08-06 01:41:39.368897
5177,5176,Cash,Completed,2018-10-23,TXN-00005176,328.4,2026-08-06 01:41:39.368897
5178,5177,Credit Card,Completed,2017-11-09,TXN-00005177,53.25,2026-08-06 01:41:39.368897
5179,5178,Wallet,Completed,2017-12-29,TXN-00005178,4.99,2026-08-06 01:41:39.368897
5180,5179,UPI,Completed,2016-04-14,TXN-00005179,37.68,2026-08-06 01:41:39.368897
5181,5180,UPI,Completed,2016-04-13,TXN-00005180,258.58,2026-08-06 01:41:39.368897
5182,5181,Cash,Completed,2016-04-17,TXN-00005181,75.84,2026-08-06 01:41:39.368897
5183,5182,Credit Card,Completed,2018-09-13,TXN-00005182,45.36,2026-08-06 01:41:39.368897
5184,5183,Debit Card,Completed,2018-09-16,TXN-00005183,45.78,2026-08-06 01:41:39.368897
5185,5184,Net Banking,Completed,2018-09-24,TXN-00005184,40.29,2026-08-06 01:41:39.368897
5186,5185,Net Banking,Completed,2018-09-28,TXN-00005185,38.71,2026-08-06 01:41:39.368897
5187,5186,UPI,Completed,2016-10-12,TXN-00005186,1801.63,2026-08-06 01:41:39.368897
5188,5187,Wallet,Completed,2016-11-27,TXN-00005187,748.75,2026-08-06 01:41:39.368897
5189,5188,Credit Card,Completed,2016-09-14,TXN-00005188,199.96,2026-08-06 01:41:39.368897
5190,5189,Net Banking,Completed,2016-09-13,TXN-00005189,1516.2,2026-08-06 01:41:39.368897
5191,5190,Debit Card,Pending,2018-11-17,TXN-00005190,167.95,2026-08-06 01:41:39.368897
5192,5191,Net Banking,Completed,2018-11-15,TXN-00005191,45.04,2026-08-06 01:41:39.368897
5193,5192,Net Banking,Pending,2018-05-06,TXN-00005192,23.16,2026-08-06 01:41:39.368897
5194,5193,Debit Card,Completed,2015-12-01,TXN-00005193,397.6,2026-08-06 01:41:39.368897
5195,5194,UPI,Completed,2015-12-02,TXN-00005194,85.96,2026-08-06 01:41:39.368897
5196,5195,UPI,Completed,2015-12-01,TXN-00005195,13.12,2026-08-06 01:41:39.368897
5197,5196,Debit Card,Completed,2015-12-01,TXN-00005196,45.66,2026-08-06 01:41:39.368897
5198,5197,Cash,Completed,2015-05-13,TXN-00005197,158.13,2026-08-06 01:41:39.368897
5199,5198,Net Banking,Completed,2015-05-10,TXN-00005198,43.6,2026-08-06 01:41:39.368897
5200,5199,Debit Card,Completed,2017-03-05,TXN-00005199,3930.07,2026-08-06 01:41:39.368897
5201,5200,Debit Card,Completed,2017-03-05,TXN-00005200,2.3,2026-08-06 01:41:39.368897
5202,5201,Debit Card,Completed,2017-03-07,TXN-00005201,431.98,2026-08-06 01:41:39.368897
5203,5202,Cash,Completed,2017-03-03,TXN-00005202,41.72,2026-08-06 01:41:39.368897
5204,5203,Debit Card,Pending,2016-08-19,TXN-00005203,104.23,2026-08-06 01:41:39.368897
5205,5204,Wallet,Completed,2016-08-16,TXN-00005204,70.26,2026-08-06 01:41:39.368897
5206,5205,UPI,Completed,2016-09-12,TXN-00005205,9.26,2026-08-06 01:41:39.368897
5207,5206,Credit Card,Completed,2016-09-12,TXN-00005206,105.98,2026-08-06 01:41:39.368897
5208,5207,Debit Card,Completed,2016-09-16,TXN-00005207,1.24,2026-08-06 01:41:39.368897
5209,5208,Credit Card,Completed,2016-09-13,TXN-00005208,20.7,2026-08-06 01:41:39.368897
5210,5209,Credit Card,Completed,2016-09-15,TXN-00005209,28.9,2026-08-06 01:41:39.368897
5211,5210,Net Banking,Completed,2016-09-13,TXN-00005210,27.18,2026-08-06 01:41:39.368897
5212,5211,Credit Card,Completed,2016-01-13,TXN-00005211,465.18,2026-08-06 01:41:39.368897
5213,5212,Debit Card,Completed,2016-05-15,TXN-00005212,36.63,2026-08-06 01:41:39.368897
5214,5213,Net Banking,Pending,2017-09-29,TXN-00005213,51.45,2026-08-06 01:41:39.368897
5215,5214,UPI,Completed,2017-09-30,TXN-00005214,7.83,2026-08-06 01:41:39.368897
5216,5215,Net Banking,Completed,2017-09-30,TXN-00005215,35.4,2026-08-06 01:41:39.368897
5217,5216,UPI,Completed,2017-09-27,TXN-00005216,29.9,2026-08-06 01:41:39.368897
5218,5217,Cash,Completed,2018-09-10,TXN-00005217,17.48,2026-08-06 01:41:39.368897
5219,5218,Net Banking,Completed,2018-04-18,TXN-00005218,79.14,2026-08-06 01:41:39.368897
5220,5219,UPI,Completed,2018-06-14,TXN-00005219,8.4,2026-08-06 01:41:39.368897
5221,5220,UPI,Completed,2018-09-03,TXN-00005220,498.26,2026-08-06 01:41:39.368897
5222,5221,Debit Card,Completed,2015-06-18,TXN-00005221,212.94,2026-08-06 01:41:39.368897
5223,5222,UPI,Completed,2018-05-22,TXN-00005222,706.86,2026-08-06 01:41:39.368897
5224,5223,UPI,Completed,2018-05-19,TXN-00005223,114.95,2026-08-06 01:41:39.368897
5225,5224,UPI,Completed,2018-05-20,TXN-00005224,43.19,2026-08-06 01:41:39.368897
5226,5225,UPI,Completed,2018-09-13,TXN-00005225,166.44,2026-08-06 01:41:39.368897
5227,5226,UPI,Completed,2017-06-25,TXN-00005226,36.56,2026-08-06 01:41:39.368897
5228,5227,Cash,Completed,2017-06-22,TXN-00005227,186.14,2026-08-06 01:41:39.368897
5229,5228,UPI,Pending,2017-06-22,TXN-00005228,353.57,2026-08-06 01:41:39.368897
5230,5229,Net Banking,Completed,2015-11-26,TXN-00005229,81.98,2026-08-06 01:41:39.368897
5231,5230,Net Banking,Completed,2018-03-19,TXN-00005230,14.62,2026-08-06 01:41:39.368897
5232,5231,Cash,Completed,2018-03-19,TXN-00005231,697.16,2026-08-06 01:41:39.368897
5233,5232,UPI,Completed,2018-03-22,TXN-00005232,30.93,2026-08-06 01:41:39.368897
5234,5233,Wallet,Completed,2018-03-20,TXN-00005233,27.5,2026-08-06 01:41:39.368897
5235,5234,Net Banking,Completed,2015-10-18,TXN-00005234,605.34,2026-08-06 01:41:39.368897
5236,5235,Wallet,Completed,2018-08-24,TXN-00005235,210.01,2026-08-06 01:41:39.368897
5237,5236,Debit Card,Completed,2017-11-22,TXN-00005236,54.96,2026-08-06 01:41:39.368897
5238,5237,Debit Card,Completed,2015-09-23,TXN-00005237,164.22,2026-08-06 01:41:39.368897
5239,5238,Wallet,Completed,2015-09-23,TXN-00005238,362.94,2026-08-06 01:41:39.368897
5240,5239,UPI,Completed,2015-09-24,TXN-00005239,59.98,2026-08-06 01:41:39.368897
5241,5240,Debit Card,Completed,2017-09-11,TXN-00005240,332.94,2026-08-06 01:41:39.368897
5242,5241,Debit Card,Completed,2017-09-14,TXN-00005241,39.87,2026-08-06 01:41:39.368897
5243,5242,Wallet,Completed,2017-09-23,TXN-00005242,13.68,2026-08-06 01:41:39.368897
5244,5243,Debit Card,Completed,2018-08-04,TXN-00005243,3.32,2026-08-06 01:41:39.368897
5245,5244,Wallet,Completed,2017-07-25,TXN-00005244,10.44,2026-08-06 01:41:39.368897
5246,5245,Wallet,Completed,2017-08-06,TXN-00005245,136.46,2026-08-06 01:41:39.368897
5247,5246,UPI,Completed,2017-08-04,TXN-00005246,333.58,2026-08-06 01:41:39.368897
5248,5247,Credit Card,Completed,2017-08-06,TXN-00005247,12.54,2026-08-06 01:41:39.368897
5249,5248,Debit Card,Completed,2016-05-24,TXN-00005248,20.77,2026-08-06 01:41:39.368897
5250,5249,Wallet,Completed,2018-11-03,TXN-00005249,43.5,2026-08-06 01:41:39.368897
5251,5250,Debit Card,Completed,2016-04-16,TXN-00005250,12.58,2026-08-06 01:41:39.368897
5252,5251,Cash,Completed,2017-12-15,TXN-00005251,249.95,2026-08-06 01:41:39.368897
5253,5252,Net Banking,Completed,2017-12-16,TXN-00005252,49.12,2026-08-06 01:41:39.368897
5254,5253,Wallet,Completed,2016-11-01,TXN-00005253,182.91,2026-08-06 01:41:39.368897
5255,5254,Net Banking,Completed,2015-03-10,TXN-00005254,107.65,2026-08-06 01:41:39.368897
5256,5255,UPI,Completed,2016-03-08,TXN-00005255,99.37,2026-08-06 01:41:39.368897
5257,5256,Debit Card,Pending,2016-03-08,TXN-00005256,33.57,2026-08-06 01:41:39.368897
5258,5257,Cash,Completed,2017-08-09,TXN-00005257,10.56,2026-08-06 01:41:39.368897
5259,5258,Wallet,Completed,2018-01-05,TXN-00005258,38.88,2026-08-06 01:41:39.368897
5260,5259,UPI,Completed,2018-10-10,TXN-00005259,35.2,2026-08-06 01:41:39.368897
5261,5260,Credit Card,Completed,2018-10-22,TXN-00005260,45.53,2026-08-06 01:41:39.368897
5262,5261,Debit Card,Completed,2015-09-08,TXN-00005261,196.78,2026-08-06 01:41:39.368897
5263,5262,Credit Card,Completed,2015-09-07,TXN-00005262,2.92,2026-08-06 01:41:39.368897
5264,5263,Debit Card,Completed,2015-09-09,TXN-00005263,200.8,2026-08-06 01:41:39.368897
5265,5264,Credit Card,Completed,2015-09-08,TXN-00005264,46.69,2026-08-06 01:41:39.368897
5266,5265,Debit Card,Completed,2015-09-11,TXN-00005265,21.86,2026-08-06 01:41:39.368897
5267,5266,Wallet,Completed,2018-10-01,TXN-00005266,11.76,2026-08-06 01:41:39.368897
5268,5267,Net Banking,Completed,2018-09-30,TXN-00005267,167.94,2026-08-06 01:41:39.368897
5269,5268,Debit Card,Completed,2018-09-30,TXN-00005268,3.89,2026-08-06 01:41:39.368897
5270,5269,Credit Card,Completed,2018-11-16,TXN-00005269,52.44,2026-08-06 01:41:39.368897
5271,5270,Cash,Completed,2018-09-15,TXN-00005270,32.36,2026-08-06 01:41:39.368897
5272,5271,Net Banking,Completed,2018-09-13,TXN-00005271,406.6,2026-08-06 01:41:39.368897
5273,5272,UPI,Completed,2018-01-19,TXN-00005272,27.92,2026-08-06 01:41:39.368897
5274,5273,Net Banking,Completed,2018-01-18,TXN-00005273,399.67,2026-08-06 01:41:39.368897
5275,5274,Debit Card,Completed,2017-11-30,TXN-00005274,3.74,2026-08-06 01:41:39.368897
5276,5275,Cash,Completed,2016-11-11,TXN-00005275,715.2,2026-08-06 01:41:39.368897
5277,5276,UPI,Completed,2018-12-14,TXN-00005276,159.8,2026-08-06 01:41:39.368897
5278,5277,Wallet,Completed,2018-12-14,TXN-00005277,44.75,2026-08-06 01:41:39.368897
5279,5278,Debit Card,Completed,2015-09-17,TXN-00005278,340.12,2026-08-06 01:41:39.368897
5280,5279,Wallet,Completed,2015-12-11,TXN-00005279,105.52,2026-08-06 01:41:39.368897
5281,5280,Debit Card,Completed,2018-09-11,TXN-00005280,13.48,2026-08-06 01:41:39.368897
5282,5281,Debit Card,Completed,2018-10-07,TXN-00005281,85.52,2026-08-06 01:41:39.368897
5283,5282,Net Banking,Completed,2016-09-07,TXN-00005282,6.16,2026-08-06 01:41:39.368897
5284,5283,Cash,Completed,2016-09-07,TXN-00005283,36.84,2026-08-06 01:41:39.368897
5285,5284,UPI,Completed,2015-04-01,TXN-00005284,15.84,2026-08-06 01:41:39.368897
5286,5285,Wallet,Completed,2015-03-30,TXN-00005285,44.4,2026-08-06 01:41:39.368897
5287,5286,UPI,Completed,2018-05-05,TXN-00005286,21.24,2026-08-06 01:41:39.368897
5288,5287,Debit Card,Completed,2018-05-09,TXN-00005287,9.55,2026-08-06 01:41:39.368897
5289,5288,Cash,Completed,2018-05-05,TXN-00005288,89.99,2026-08-06 01:41:39.368897
5290,5289,Cash,Completed,2018-05-02,TXN-00005289,163.96,2026-08-06 01:41:39.368897
5291,5290,Net Banking,Completed,2015-09-11,TXN-00005290,17.9,2026-08-06 01:41:39.368897
5292,5291,Wallet,Completed,2015-09-08,TXN-00005291,966.7,2026-08-06 01:41:39.368897
5293,5292,Debit Card,Completed,2015-09-08,TXN-00005292,182.11,2026-08-06 01:41:39.368897
5294,5293,Cash,Completed,2018-06-23,TXN-00005293,4.46,2026-08-06 01:41:39.368897
5295,5294,Cash,Completed,2016-12-27,TXN-00005294,51.59,2026-08-06 01:41:39.368897
5296,5295,Cash,Completed,2018-08-15,TXN-00005295,50.4,2026-08-06 01:41:39.368897
5297,5296,Net Banking,Completed,2018-03-04,TXN-00005296,89.57,2026-08-06 01:41:39.368897
5298,5297,Wallet,Completed,2018-07-29,TXN-00005297,14.89,2026-08-06 01:41:39.368897
5299,5298,Cash,Completed,2018-07-27,TXN-00005298,543.92,2026-08-06 01:41:39.368897
5300,5299,UPI,Completed,2017-09-24,TXN-00005299,4.08,2026-08-06 01:41:39.368897
5301,5300,Credit Card,Completed,2017-09-23,TXN-00005300,18.9,2026-08-06 01:41:39.368897
5302,5301,Debit Card,Completed,2017-05-31,TXN-00005301,2275.5,2026-08-06 01:41:39.368897
5303,5302,Credit Card,Completed,2017-06-02,TXN-00005302,1979.7,2026-08-06 01:41:39.368897
5304,5303,Credit Card,Completed,2017-06-02,TXN-00005303,62.1,2026-08-06 01:41:39.368897
5305,5304,Debit Card,Completed,2015-11-19,TXN-00005304,37.3,2026-08-06 01:41:39.368897
5306,5305,UPI,Completed,2015-09-23,TXN-00005305,8.54,2026-08-06 01:41:39.368897
5307,5306,Credit Card,Pending,2017-02-21,TXN-00005306,68.95,2026-08-06 01:41:39.368897
5308,5307,Cash,Completed,2017-02-21,TXN-00005307,296.37,2026-08-06 01:41:39.368897
5309,5308,Wallet,Completed,2017-02-23,TXN-00005308,39.98,2026-08-06 01:41:39.368897
5310,5309,Cash,Completed,2018-11-22,TXN-00005309,191.06,2026-08-06 01:41:39.368897
5311,5310,Net Banking,Completed,2018-11-23,TXN-00005310,13.04,2026-08-06 01:41:39.368897
5312,5311,Wallet,Completed,2018-11-22,TXN-00005311,1525.19,2026-08-06 01:41:39.368897
5313,5312,Cash,Completed,2017-08-22,TXN-00005312,9.22,2026-08-06 01:41:39.368897
5314,5313,Wallet,Completed,2017-08-21,TXN-00005313,28.05,2026-08-06 01:41:39.368897
5315,5314,Cash,Completed,2018-05-02,TXN-00005314,64.96,2026-08-06 01:41:39.368897
5316,5315,UPI,Completed,2018-05-02,TXN-00005315,30.56,2026-08-06 01:41:39.368897
5317,5316,Credit Card,Completed,2017-05-06,TXN-00005316,187.06,2026-08-06 01:41:39.368897
5318,5317,Wallet,Completed,2018-10-05,TXN-00005317,11.81,2026-08-06 01:41:39.368897
5319,5318,Credit Card,Completed,2018-10-05,TXN-00005318,9.66,2026-08-06 01:41:39.368897
5320,5319,Credit Card,Completed,2018-10-06,TXN-00005319,20.74,2026-08-06 01:41:39.368897
5321,5320,Cash,Completed,2018-10-03,TXN-00005320,27.36,2026-08-06 01:41:39.368897
5322,5321,Debit Card,Completed,2018-10-04,TXN-00005321,2314.12,2026-08-06 01:41:39.368897
5323,5322,UPI,Completed,2018-10-04,TXN-00005322,34.24,2026-08-06 01:41:39.368897
5324,5323,Debit Card,Completed,2018-10-02,TXN-00005323,19.76,2026-08-06 01:41:39.368897
5325,5324,Debit Card,Completed,2018-09-21,TXN-00005324,15.96,2026-08-06 01:41:39.368897
5326,5325,Credit Card,Pending,2016-12-04,TXN-00005325,16.9,2026-08-06 01:41:39.368897
5327,5326,Wallet,Completed,2016-12-07,TXN-00005326,25.08,2026-08-06 01:41:39.368897
5328,5327,Cash,Completed,2016-01-20,TXN-00005327,6.68,2026-08-06 01:41:39.368897
5329,5328,UPI,Completed,2015-01-08,TXN-00005328,19.44,2026-08-06 01:41:39.368897
5330,5329,Cash,Completed,2016-03-09,TXN-00005329,31.92,2026-08-06 01:41:39.368897
5331,5330,Wallet,Completed,2017-12-28,TXN-00005330,33.57,2026-08-06 01:41:39.368897
5332,5331,Credit Card,Completed,2017-09-05,TXN-00005331,63.94,2026-08-06 01:41:39.368897
5333,5332,Cash,Completed,2017-09-07,TXN-00005332,60.6,2026-08-06 01:41:39.368897
5334,5333,Cash,Completed,2017-09-07,TXN-00005333,22.72,2026-08-06 01:41:39.368897
5335,5334,Net Banking,Completed,2015-08-29,TXN-00005334,10.68,2026-08-06 01:41:39.368897
5336,5335,Debit Card,Completed,2015-08-27,TXN-00005335,17.34,2026-08-06 01:41:39.368897
5337,5336,UPI,Completed,2015-08-27,TXN-00005336,3.38,2026-08-06 01:41:39.368897
5338,5337,UPI,Completed,2016-05-24,TXN-00005337,26.98,2026-08-06 01:41:39.368897
5339,5338,Credit Card,Completed,2018-10-17,TXN-00005338,307.78,2026-08-06 01:41:39.368897
5340,5339,Debit Card,Completed,2016-11-11,TXN-00005339,244.55,2026-08-06 01:41:39.368897
5341,5340,Cash,Completed,2016-11-12,TXN-00005340,12.24,2026-08-06 01:41:39.368897
5342,5341,Debit Card,Completed,2016-11-10,TXN-00005341,13.98,2026-08-06 01:41:39.368897
5343,5342,Wallet,Completed,2016-11-12,TXN-00005342,899.95,2026-08-06 01:41:39.368897
5344,5343,Cash,Completed,2015-11-24,TXN-00005343,1.63,2026-08-06 01:41:39.368897
5345,5344,Net Banking,Pending,2015-11-21,TXN-00005344,267.96,2026-08-06 01:41:39.368897
5346,5345,UPI,Completed,2016-10-13,TXN-00005345,31.95,2026-08-06 01:41:39.368897
5347,5346,Cash,Completed,2018-03-23,TXN-00005346,725.84,2026-08-06 01:41:39.368897
5348,5347,Credit Card,Completed,2018-03-24,TXN-00005347,10.9,2026-08-06 01:41:39.368897
5349,5348,Debit Card,Completed,2018-03-22,TXN-00005348,8.54,2026-08-06 01:41:39.368897
5350,5349,Wallet,Completed,2016-01-06,TXN-00005349,32.34,2026-08-06 01:41:39.368897
5351,5350,Credit Card,Completed,2016-01-06,TXN-00005350,39.9,2026-08-06 01:41:39.368897
5352,5351,Credit Card,Completed,2018-12-11,TXN-00005351,143.86,2026-08-06 01:41:39.368897
5353,5352,Net Banking,Completed,2017-09-08,TXN-00005352,41.92,2026-08-06 01:41:39.368897
5354,5353,UPI,Completed,2017-09-09,TXN-00005353,329.58,2026-08-06 01:41:39.368897
5355,5354,Debit Card,Completed,2017-09-07,TXN-00005354,87.28,2026-08-06 01:41:39.368897
5356,5355,Credit Card,Completed,2015-05-16,TXN-00005355,279.46,2026-08-06 01:41:39.368897
5357,5356,Cash,Completed,2015-05-14,TXN-00005356,8.0,2026-08-06 01:41:39.368897
5358,5357,Cash,Completed,2017-09-30,TXN-00005357,27.24,2026-08-06 01:41:39.368897
5359,5358,Net Banking,Completed,2015-08-06,TXN-00005358,16.36,2026-08-06 01:41:39.368897
5360,5359,Wallet,Completed,2015-08-08,TXN-00005359,15.78,2026-08-06 01:41:39.368897
5361,5360,Cash,Completed,2015-08-05,TXN-00005360,45.98,2026-08-06 01:41:39.368897
5362,5361,Wallet,Completed,2018-04-18,TXN-00005361,198.27,2026-08-06 01:41:39.368897
5363,5362,Credit Card,Completed,2018-06-10,TXN-00005362,720.76,2026-08-06 01:41:39.368897
5364,5363,Net Banking,Completed,2017-12-29,TXN-00005363,70.56,2026-08-06 01:41:39.368897
5365,5364,UPI,Completed,2018-01-02,TXN-00005364,81.96,2026-08-06 01:41:39.368897
5366,5365,Wallet,Completed,2015-01-22,TXN-00005365,64.86,2026-08-06 01:41:39.368897
5367,5366,UPI,Completed,2017-11-21,TXN-00005366,151.19,2026-08-06 01:41:39.368897
5368,5367,Wallet,Completed,2018-06-11,TXN-00005367,88.78,2026-08-06 01:41:39.368897
5369,5368,Cash,Completed,2018-06-14,TXN-00005368,11.56,2026-08-06 01:41:39.368897
5370,5369,Debit Card,Pending,2018-06-12,TXN-00005369,15.58,2026-08-06 01:41:39.368897
5371,5370,Net Banking,Pending,2018-09-14,TXN-00005370,85.06,2026-08-06 01:41:39.368897
5372,5371,UPI,Completed,2018-04-10,TXN-00005371,273.96,2026-08-06 01:41:39.368897
5373,5372,Wallet,Completed,2018-04-08,TXN-00005372,306.9,2026-08-06 01:41:39.368897
5374,5373,Credit Card,Completed,2016-10-28,TXN-00005373,15.55,2026-08-06 01:41:39.368897
5375,5374,Wallet,Completed,2016-10-25,TXN-00005374,347.36,2026-08-06 01:41:39.368897
5376,5375,Wallet,Completed,2016-10-27,TXN-00005375,10.37,2026-08-06 01:41:39.368897
5377,5376,Debit Card,Completed,2018-05-30,TXN-00005376,98.16,2026-08-06 01:41:39.368897
5378,5377,Credit Card,Completed,2018-05-29,TXN-00005377,31.44,2026-08-06 01:41:39.368897
5379,5378,Net Banking,Completed,2015-12-09,TXN-00005378,348.49,2026-08-06 01:41:39.368897
5380,5379,Net Banking,Completed,2015-12-08,TXN-00005379,172.74,2026-08-06 01:41:39.368897
5381,5380,Net Banking,Completed,2017-08-15,TXN-00005380,15.54,2026-08-06 01:41:39.368897
5382,5381,Net Banking,Completed,2017-08-14,TXN-00005381,105.55,2026-08-06 01:41:39.368897
5383,5382,Debit Card,Completed,2017-09-09,TXN-00005382,25.92,2026-08-06 01:41:39.368897
5384,5383,Net Banking,Completed,2017-09-09,TXN-00005383,15.81,2026-08-06 01:41:39.368897
5385,5384,Wallet,Pending,2017-09-07,TXN-00005384,10.37,2026-08-06 01:41:39.368897
5386,5385,Net Banking,Completed,2018-06-28,TXN-00005385,358.2,2026-08-06 01:41:39.368897
5387,5386,Credit Card,Completed,2018-06-28,TXN-00005386,545.92,2026-08-06 01:41:39.368897
5388,5387,Credit Card,Completed,2018-03-14,TXN-00005387,40.41,2026-08-06 01:41:39.368897
5389,5388,UPI,Completed,2018-02-21,TXN-00005388,167.98,2026-08-06 01:41:39.368897
5390,5389,Wallet,Completed,2018-02-19,TXN-00005389,109.53,2026-08-06 01:41:39.368897
5391,5390,Credit Card,Completed,2018-02-21,TXN-00005390,9.82,2026-08-06 01:41:39.368897
5392,5391,Credit Card,Completed,2018-11-12,TXN-00005391,26.35,2026-08-06 01:41:39.368897
5393,5392,UPI,Completed,2015-11-22,TXN-00005392,22.5,2026-08-06 01:41:39.368897
5394,5393,Credit Card,Completed,2015-11-23,TXN-00005393,9.96,2026-08-06 01:41:39.368897
5395,5394,Cash,Pending,2015-11-21,TXN-00005394,213.08,2026-08-06 01:41:39.368897
5396,5395,UPI,Completed,2015-11-19,TXN-00005395,1025.88,2026-08-06 01:41:39.368897
5397,5396,UPI,Completed,2015-11-20,TXN-00005396,21.98,2026-08-06 01:41:39.368897
5398,5397,Wallet,Completed,2017-09-27,TXN-00005397,63.2,2026-08-06 01:41:39.368897
5399,5398,Wallet,Completed,2017-11-24,TXN-00005398,39.0,2026-08-06 01:41:39.368897
5400,5399,Debit Card,Pending,2017-09-29,TXN-00005399,2.91,2026-08-06 01:41:39.368897
5401,5400,Debit Card,Completed,2017-04-10,TXN-00005400,556.67,2026-08-06 01:41:39.368897
5402,5401,UPI,Completed,2018-09-22,TXN-00005401,71.98,2026-08-06 01:41:39.368897
5403,5402,Credit Card,Completed,2018-09-24,TXN-00005402,79.98,2026-08-06 01:41:39.368897
5404,5403,Wallet,Completed,2018-08-27,TXN-00005403,24.67,2026-08-06 01:41:39.368897
5405,5404,UPI,Completed,2018-08-28,TXN-00005404,3.74,2026-08-06 01:41:39.368897
5406,5405,Debit Card,Completed,2017-02-25,TXN-00005405,445.96,2026-08-06 01:41:39.368897
5407,5406,Wallet,Completed,2017-02-24,TXN-00005406,36.24,2026-08-06 01:41:39.368897
5408,5407,Net Banking,Pending,2017-02-22,TXN-00005407,10.65,2026-08-06 01:41:39.368897
5409,5408,UPI,Completed,2018-12-08,TXN-00005408,87.92,2026-08-06 01:41:39.368897
5410,5409,Cash,Completed,2018-12-11,TXN-00005409,22.42,2026-08-06 01:41:39.368897
5411,5410,Credit Card,Completed,2018-12-11,TXN-00005410,90.48,2026-08-06 01:41:39.368897
5412,5411,UPI,Completed,2018-12-08,TXN-00005411,42.76,2026-08-06 01:41:39.368897
5413,5412,Cash,Completed,2018-09-22,TXN-00005412,10.08,2026-08-06 01:41:39.368897
5414,5413,Debit Card,Completed,2018-09-19,TXN-00005413,101.34,2026-08-06 01:41:39.368897
5415,5414,Debit Card,Completed,2017-09-14,TXN-00005414,224.75,2026-08-06 01:41:39.368897
5416,5415,Cash,Completed,2018-09-25,TXN-00005415,73.18,2026-08-06 01:41:39.368897
5417,5416,Debit Card,Completed,2018-09-23,TXN-00005416,20.74,2026-08-06 01:41:39.368897
5418,5417,Wallet,Completed,2018-09-23,TXN-00005417,39.98,2026-08-06 01:41:39.368897
5419,5418,Credit Card,Completed,2015-10-10,TXN-00005418,15.36,2026-08-06 01:41:39.368897
5420,5419,UPI,Completed,2016-10-24,TXN-00005419,36.29,2026-08-06 01:41:39.368897
5421,5420,Cash,Pending,2016-10-27,TXN-00005420,150.38,2026-08-06 01:41:39.368897
5422,5421,Net Banking,Completed,2017-04-02,TXN-00005421,280.78,2026-08-06 01:41:39.368897
5423,5422,Net Banking,Completed,2017-04-04,TXN-00005422,31.98,2026-08-06 01:41:39.368897
5424,5423,Net Banking,Completed,2018-01-01,TXN-00005423,11.23,2026-08-06 01:41:39.368897
5425,5424,Net Banking,Pending,2018-11-07,TXN-00005424,26.4,2026-08-06 01:41:39.368897
5426,5425,Net Banking,Completed,2018-01-21,TXN-00005425,3.52,2026-08-06 01:41:39.368897
5427,5426,Cash,Completed,2017-12-03,TXN-00005426,1649.95,2026-08-06 01:41:39.368897
5428,5427,Debit Card,Completed,2017-12-06,TXN-00005427,111.9,2026-08-06 01:41:39.368897
5429,5428,Credit Card,Completed,2017-06-18,TXN-00005428,599.17,2026-08-06 01:41:39.368897
5430,5429,Cash,Completed,2017-09-04,TXN-00005429,46.53,2026-08-06 01:41:39.368897
5431,5430,Cash,Completed,2015-09-05,TXN-00005430,31.98,2026-08-06 01:41:39.368897
5432,5431,Credit Card,Completed,2018-10-22,TXN-00005431,161.57,2026-08-06 01:41:39.368897
5433,5432,Credit Card,Completed,2018-10-23,TXN-00005432,4.06,2026-08-06 01:41:39.368897
5434,5433,Cash,Completed,2018-10-23,TXN-00005433,6.22,2026-08-06 01:41:39.368897
5435,5434,Net Banking,Completed,2018-04-27,TXN-00005434,8.9,2026-08-06 01:41:39.368897
5436,5435,UPI,Completed,2016-10-23,TXN-00005435,1640.7,2026-08-06 01:41:39.368897
5437,5436,Net Banking,Completed,2016-10-20,TXN-00005436,270.0,2026-08-06 01:41:39.368897
5438,5437,UPI,Completed,2015-07-05,TXN-00005437,19.52,2026-08-06 01:41:39.368897
5439,5438,Net Banking,Completed,2015-07-09,TXN-00005438,9.81,2026-08-06 01:41:39.368897
5440,5439,Net Banking,Completed,2015-07-07,TXN-00005439,213.22,2026-08-06 01:41:39.368897
5441,5440,Wallet,Completed,2017-04-08,TXN-00005440,588.78,2026-08-06 01:41:39.368897
5442,5441,Credit Card,Completed,2018-11-13,TXN-00005441,2.06,2026-08-06 01:41:39.368897
5443,5442,Cash,Completed,2018-09-13,TXN-00005442,6.37,2026-08-06 01:41:39.368897
5444,5443,UPI,Completed,2016-04-20,TXN-00005443,99.6,2026-08-06 01:41:39.368897
5445,5444,UPI,Completed,2016-04-17,TXN-00005444,62.3,2026-08-06 01:41:39.368897
5446,5445,Credit Card,Completed,2016-04-18,TXN-00005445,10.71,2026-08-06 01:41:39.368897
5447,5446,UPI,Completed,2017-07-29,TXN-00005446,20.94,2026-08-06 01:41:39.368897
5448,5447,Cash,Completed,2017-08-27,TXN-00005447,33.0,2026-08-06 01:41:39.368897
5449,5448,Cash,Pending,2017-08-26,TXN-00005448,249.95,2026-08-06 01:41:39.368897
5450,5449,Net Banking,Completed,2015-09-16,TXN-00005449,357.93,2026-08-06 01:41:39.368897
5451,5450,Credit Card,Completed,2015-09-14,TXN-00005450,57.4,2026-08-06 01:41:39.368897
5452,5451,Cash,Completed,2015-09-14,TXN-00005451,331.96,2026-08-06 01:41:39.368897
5453,5452,Debit Card,Completed,2015-09-12,TXN-00005452,40.56,2026-08-06 01:41:39.368897
5454,5453,Net Banking,Completed,2017-07-26,TXN-00005453,86.2,2026-08-06 01:41:39.368897
5455,5454,Cash,Completed,2018-05-21,TXN-00005454,38.02,2026-08-06 01:41:39.368897
5456,5455,UPI,Completed,2018-04-28,TXN-00005455,8.38,2026-08-06 01:41:39.368897
5457,5456,Net Banking,Completed,2018-05-02,TXN-00005456,6.85,2026-08-06 01:41:39.368897
5458,5457,Cash,Completed,2018-12-31,TXN-00005457,19.6,2026-08-06 01:41:39.368897
5459,5458,Cash,Completed,2018-12-30,TXN-00005458,68.46,2026-08-06 01:41:39.368897
5460,5459,Net Banking,Completed,2018-09-05,TXN-00005459,13.34,2026-08-06 01:41:39.368897
5461,5460,Wallet,Completed,2018-09-06,TXN-00005460,1478.27,2026-08-06 01:41:39.368897
5462,5461,Credit Card,Completed,2015-03-22,TXN-00005461,16.27,2026-08-06 01:41:39.368897
5463,5462,Credit Card,Pending,2018-10-02,TXN-00005462,9.24,2026-08-06 01:41:39.368897
5464,5463,UPI,Completed,2015-01-20,TXN-00005463,32.34,2026-08-06 01:41:39.368897
5465,5464,Credit Card,Completed,2015-01-21,TXN-00005464,56.06,2026-08-06 01:41:39.368897
5466,5465,Debit Card,Completed,2015-01-21,TXN-00005465,108.72,2026-08-06 01:41:39.368897
5467,5466,Cash,Completed,2015-01-23,TXN-00005466,181.47,2026-08-06 01:41:39.368897
5468,5467,Cash,Completed,2015-02-14,TXN-00005467,16.18,2026-08-06 01:41:39.368897
5469,5468,Net Banking,Completed,2017-06-09,TXN-00005468,122.35,2026-08-06 01:41:39.368897
5470,5469,Cash,Pending,2015-09-29,TXN-00005469,585.55,2026-08-06 01:41:39.368897
5471,5470,UPI,Completed,2015-09-30,TXN-00005470,19.44,2026-08-06 01:41:39.368897
5472,5471,Net Banking,Completed,2017-05-30,TXN-00005471,123.92,2026-08-06 01:41:39.368897
5473,5472,UPI,Completed,2018-12-22,TXN-00005472,13.36,2026-08-06 01:41:39.368897
5474,5473,Net Banking,Completed,2018-12-23,TXN-00005473,78.26,2026-08-06 01:41:39.368897
5475,5474,Wallet,Completed,2018-12-21,TXN-00005474,102.02,2026-08-06 01:41:39.368897
5476,5475,Credit Card,Completed,2018-12-28,TXN-00005475,750.68,2026-08-06 01:41:39.368897
5477,5476,Cash,Completed,2018-06-17,TXN-00005476,44.4,2026-08-06 01:41:39.368897
5478,5477,Net Banking,Completed,2018-06-15,TXN-00005477,84.55,2026-08-06 01:41:39.368897
5479,5478,Net Banking,Completed,2018-06-18,TXN-00005478,17.94,2026-08-06 01:41:39.368897
5480,5479,Net Banking,Completed,2017-11-23,TXN-00005479,128.4,2026-08-06 01:41:39.368897
5481,5480,Net Banking,Completed,2015-04-03,TXN-00005480,1.87,2026-08-06 01:41:39.368897
5482,5481,Credit Card,Completed,2018-10-09,TXN-00005481,103.19,2026-08-06 01:41:39.368897
5483,5482,Net Banking,Completed,2018-10-11,TXN-00005482,36.0,2026-08-06 01:41:39.368897
5484,5483,Credit Card,Completed,2018-10-10,TXN-00005483,239.96,2026-08-06 01:41:39.368897
5485,5484,Cash,Completed,2018-10-09,TXN-00005484,40.68,2026-08-06 01:41:39.368897
5486,5485,Net Banking,Completed,2018-02-03,TXN-00005485,419.14,2026-08-06 01:41:39.368897
5487,5486,Credit Card,Completed,2015-12-12,TXN-00005486,23.47,2026-08-06 01:41:39.368897
5488,5487,UPI,Completed,2016-10-28,TXN-00005487,3.59,2026-08-06 01:41:39.368897
5489,5488,Debit Card,Completed,2018-04-01,TXN-00005488,23.98,2026-08-06 01:41:39.368897
5490,5489,Debit Card,Pending,2018-04-02,TXN-00005489,6.26,2026-08-06 01:41:39.368897
5491,5490,Wallet,Completed,2018-04-05,TXN-00005490,20.81,2026-08-06 01:41:39.368897
5492,5491,Net Banking,Completed,2018-04-03,TXN-00005491,218.35,2026-08-06 01:41:39.368897
5493,5492,Net Banking,Completed,2018-01-30,TXN-00005492,18.16,2026-08-06 01:41:39.368897
5494,5493,Cash,Completed,2015-11-30,TXN-00005493,7.36,2026-08-06 01:41:39.368897
5495,5494,Debit Card,Completed,2015-11-29,TXN-00005494,41.4,2026-08-06 01:41:39.368897
5496,5495,Cash,Completed,2015-11-28,TXN-00005495,411.33,2026-08-06 01:41:39.368897
5497,5496,Wallet,Completed,2016-09-05,TXN-00005496,7.66,2026-08-06 01:41:39.368897
5498,5497,Wallet,Completed,2018-06-12,TXN-00005497,63.92,2026-08-06 01:41:39.368897
5499,5498,Wallet,Completed,2018-07-15,TXN-00005498,6.56,2026-08-06 01:41:39.368897
5500,5499,Debit Card,Pending,2018-07-15,TXN-00005499,7.83,2026-08-06 01:41:39.368897
5501,5500,Debit Card,Completed,2018-07-15,TXN-00005500,41.9,2026-08-06 01:41:39.368897
5502,5501,Credit Card,Completed,2018-07-15,TXN-00005501,664.15,2026-08-06 01:41:39.368897
5503,5502,UPI,Completed,2018-07-18,TXN-00005502,8.96,2026-08-06 01:41:39.368897
5504,5503,Debit Card,Completed,2018-11-04,TXN-00005503,3.31,2026-08-06 01:41:39.368897
5505,5504,Debit Card,Completed,2018-11-04,TXN-00005504,20.14,2026-08-06 01:41:39.368897
5506,5505,Credit Card,Completed,2018-11-04,TXN-00005505,8.86,2026-08-06 01:41:39.368897
5507,5506,Debit Card,Completed,2018-11-06,TXN-00005506,859.2,2026-08-06 01:41:39.368897
5508,5507,Credit Card,Completed,2017-10-10,TXN-00005507,61.96,2026-08-06 01:41:39.368897
5509,5508,Net Banking,Completed,2017-04-10,TXN-00005508,17.92,2026-08-06 01:41:39.368897
5510,5509,Wallet,Completed,2016-10-10,TXN-00005509,145.9,2026-08-06 01:41:39.368897
5511,5510,Wallet,Completed,2018-05-19,TXN-00005510,56.7,2026-08-06 01:41:39.368897
5512,5511,Cash,Completed,2018-05-17,TXN-00005511,11.12,2026-08-06 01:41:39.368897
5513,5512,Credit Card,Completed,2015-02-28,TXN-00005512,32.9,2026-08-06 01:41:39.368897
5514,5513,Net Banking,Completed,2015-02-25,TXN-00005513,22.78,2026-08-06 01:41:39.368897
5515,5514,Cash,Completed,2016-06-01,TXN-00005514,239.97,2026-08-06 01:41:39.368897
5516,5515,UPI,Completed,2016-06-03,TXN-00005515,160.32,2026-08-06 01:41:39.368897
5517,5516,Credit Card,Completed,2016-05-31,TXN-00005516,128.85,2026-08-06 01:41:39.368897
5518,5517,UPI,Completed,2017-11-22,TXN-00005517,1319.96,2026-08-06 01:41:39.368897
5519,5518,Credit Card,Completed,2018-12-05,TXN-00005518,239.96,2026-08-06 01:41:39.368897
5520,5519,Wallet,Completed,2018-12-08,TXN-00005519,54.77,2026-08-06 01:41:39.368897
5521,5520,Debit Card,Completed,2018-12-05,TXN-00005520,13.39,2026-08-06 01:41:39.368897
5522,5521,Wallet,Completed,2018-12-07,TXN-00005521,23.92,2026-08-06 01:41:39.368897
5523,5522,UPI,Completed,2018-12-06,TXN-00005522,255.97,2026-08-06 01:41:39.368897
5524,5523,Net Banking,Completed,2017-06-07,TXN-00005523,21.55,2026-08-06 01:41:39.368897
5525,5524,Net Banking,Completed,2017-06-09,TXN-00005524,58.24,2026-08-06 01:41:39.368897
5526,5525,UPI,Completed,2017-12-14,TXN-00005525,80.28,2026-08-06 01:41:39.368897
5527,5526,Debit Card,Completed,2018-05-03,TXN-00005526,9.78,2026-08-06 01:41:39.368897
5528,5527,Cash,Completed,2018-04-25,TXN-00005527,1.81,2026-08-06 01:41:39.368897
5529,5528,UPI,Completed,2016-05-10,TXN-00005528,37.94,2026-08-06 01:41:39.368897
5530,5529,Wallet,Completed,2016-04-03,TXN-00005529,79.96,2026-08-06 01:41:39.368897
5531,5530,Net Banking,Completed,2018-08-08,TXN-00005530,115.3,2026-08-06 01:41:39.368897
5532,5531,Cash,Completed,2018-12-05,TXN-00005531,2479.96,2026-08-06 01:41:39.368897
5533,5532,Cash,Completed,2017-06-10,TXN-00005532,179.94,2026-08-06 01:41:39.368897
5534,5533,UPI,Completed,2017-06-10,TXN-00005533,26.85,2026-08-06 01:41:39.368897
5535,5534,Wallet,Completed,2017-06-06,TXN-00005534,323.37,2026-08-06 01:41:39.368897
5536,5535,UPI,Completed,2017-06-07,TXN-00005535,59.94,2026-08-06 01:41:39.368897
5537,5536,Wallet,Completed,2017-06-08,TXN-00005536,64.14,2026-08-06 01:41:39.368897
5538,5537,Cash,Completed,2017-06-06,TXN-00005537,11.67,2026-08-06 01:41:39.368897
5539,5538,Cash,Completed,2017-06-09,TXN-00005538,12.96,2026-08-06 01:41:39.368897
5540,5539,Net Banking,Completed,2016-04-16,TXN-00005539,17.43,2026-08-06 01:41:39.368897
5541,5540,Debit Card,Completed,2018-05-23,TXN-00005540,181.99,2026-08-06 01:41:39.368897
5542,5541,UPI,Completed,2018-05-26,TXN-00005541,1.59,2026-08-06 01:41:39.368897
5543,5542,Cash,Pending,2018-05-25,TXN-00005542,22.34,2026-08-06 01:41:39.368897
5544,5543,Credit Card,Completed,2017-12-20,TXN-00005543,455.97,2026-08-06 01:41:39.368897
5545,5544,Wallet,Completed,2017-12-19,TXN-00005544,10.44,2026-08-06 01:41:39.368897
5546,5545,Debit Card,Completed,2017-12-23,TXN-00005545,5.21,2026-08-06 01:41:39.368897
5547,5546,Debit Card,Completed,2018-09-26,TXN-00005546,67.4,2026-08-06 01:41:39.368897
5548,5547,Wallet,Completed,2018-09-07,TXN-00005547,25.16,2026-08-06 01:41:39.368897
5549,5548,Wallet,Completed,2018-09-08,TXN-00005548,126.56,2026-08-06 01:41:39.368897
5550,5549,Debit Card,Completed,2015-11-30,TXN-00005549,43.68,2026-08-06 01:41:39.368897
5551,5550,Credit Card,Completed,2015-12-02,TXN-00005550,139.93,2026-08-06 01:41:39.368897
5552,5551,Wallet,Completed,2015-11-13,TXN-00005551,2.67,2026-08-06 01:41:39.368897
5553,5552,Debit Card,Completed,2015-11-15,TXN-00005552,16.66,2026-08-06 01:41:39.368897
5554,5553,Net Banking,Completed,2015-11-16,TXN-00005553,79.51,2026-08-06 01:41:39.368897
5555,5554,Cash,Completed,2015-11-12,TXN-00005554,36.29,2026-08-06 01:41:39.368897
5556,5555,UPI,Completed,2015-11-16,TXN-00005555,67.99,2026-08-06 01:41:39.368897
5557,5556,Cash,Completed,2018-10-06,TXN-00005556,10.16,2026-08-06 01:41:39.368897
5558,5557,Credit Card,Completed,2016-12-16,TXN-00005557,6.16,2026-08-06 01:41:39.368897
5559,5558,Wallet,Completed,2016-12-15,TXN-00005558,56.3,2026-08-06 01:41:39.368897
5560,5559,UPI,Pending,2016-12-09,TXN-00005559,6.48,2026-08-06 01:41:39.368897
5561,5560,Debit Card,Completed,2016-12-06,TXN-00005560,1325.85,2026-08-06 01:41:39.368897
5562,5561,Wallet,Completed,2016-12-08,TXN-00005561,14.94,2026-08-06 01:41:39.368897
5563,5562,Wallet,Completed,2018-04-04,TXN-00005562,34.54,2026-08-06 01:41:39.368897
5564,5563,Debit Card,Completed,2018-04-03,TXN-00005563,2999.95,2026-08-06 01:41:39.368897
5565,5564,Wallet,Completed,2018-04-04,TXN-00005564,64.12,2026-08-06 01:41:39.368897
5566,5565,Cash,Completed,2018-03-14,TXN-00005565,19.46,2026-08-06 01:41:39.368897
5567,5566,Credit Card,Completed,2018-03-17,TXN-00005566,209.99,2026-08-06 01:41:39.368897
5568,5567,Credit Card,Completed,2018-03-14,TXN-00005567,29.76,2026-08-06 01:41:39.368897
5569,5568,Wallet,Pending,2018-03-13,TXN-00005568,89.77,2026-08-06 01:41:39.368897
5570,5569,UPI,Completed,2018-03-13,TXN-00005569,959.98,2026-08-06 01:41:39.368897
5571,5570,Debit Card,Completed,2018-03-17,TXN-00005570,15.55,2026-08-06 01:41:39.368897
5572,5571,Credit Card,Completed,2018-03-13,TXN-00005571,34.36,2026-08-06 01:41:39.368897
5573,5572,Cash,Completed,2015-12-09,TXN-00005572,98.38,2026-08-06 01:41:39.368897
5574,5573,Net Banking,Pending,2015-12-05,TXN-00005573,29.94,2026-08-06 01:41:39.368897
5575,5574,Wallet,Completed,2015-12-07,TXN-00005574,17.47,2026-08-06 01:41:39.368897
5576,5575,UPI,Pending,2015-12-08,TXN-00005575,36.74,2026-08-06 01:41:39.368897
5577,5576,UPI,Completed,2015-12-09,TXN-00005576,179.94,2026-08-06 01:41:39.368897
5578,5577,Net Banking,Completed,2017-12-15,TXN-00005577,383.64,2026-08-06 01:41:39.368897
5579,5578,Cash,Completed,2017-12-15,TXN-00005578,56.52,2026-08-06 01:41:39.368897
5580,5579,Cash,Completed,2018-09-09,TXN-00005579,6.56,2026-08-06 01:41:39.368897
5581,5580,Net Banking,Completed,2018-09-13,TXN-00005580,243.92,2026-08-06 01:41:39.368897
5582,5581,Net Banking,Completed,2018-09-10,TXN-00005581,47.52,2026-08-06 01:41:39.368897
5583,5582,Net Banking,Completed,2018-10-08,TXN-00005582,19.98,2026-08-06 01:41:39.368897
5584,5583,Debit Card,Completed,2017-05-12,TXN-00005583,8.0,2026-08-06 01:41:39.368897
5585,5584,Credit Card,Completed,2015-12-19,TXN-00005584,6.16,2026-08-06 01:41:39.368897
5586,5585,Net Banking,Completed,2018-12-01,TXN-00005585,83.56,2026-08-06 01:41:39.368897
5587,5586,Credit Card,Completed,2018-11-30,TXN-00005586,546.06,2026-08-06 01:41:39.368897
5588,5587,Net Banking,Pending,2018-12-04,TXN-00005587,269.49,2026-08-06 01:41:39.368897
5589,5588,UPI,Completed,2016-03-23,TXN-00005588,10.9,2026-08-06 01:41:39.368897
5590,5589,UPI,Completed,2015-07-20,TXN-00005589,6.1,2026-08-06 01:41:39.368897
5591,5590,Net Banking,Completed,2017-12-09,TXN-00005590,34.05,2026-08-06 01:41:39.368897
5592,5591,Cash,Completed,2017-12-11,TXN-00005591,352.38,2026-08-06 01:41:39.368897
5593,5592,Debit Card,Completed,2015-10-17,TXN-00005592,245.98,2026-08-06 01:41:39.368897
5594,5593,Wallet,Completed,2015-10-14,TXN-00005593,18.94,2026-08-06 01:41:39.368897
5595,5594,Net Banking,Completed,2018-11-21,TXN-00005594,59.91,2026-08-06 01:41:39.368897
5596,5595,Wallet,Completed,2018-09-25,TXN-00005595,391.98,2026-08-06 01:41:39.368897
5597,5596,Debit Card,Completed,2018-09-27,TXN-00005596,437.85,2026-08-06 01:41:39.368897
5598,5597,UPI,Completed,2016-09-27,TXN-00005597,68.62,2026-08-06 01:41:39.368897
5599,5598,Cash,Completed,2018-02-16,TXN-00005598,25.02,2026-08-06 01:41:39.368897
5600,5599,Credit Card,Completed,2018-02-15,TXN-00005599,10.71,2026-08-06 01:41:39.368897
5601,5600,UPI,Completed,2015-10-06,TXN-00005600,55.98,2026-08-06 01:41:39.368897
5602,5601,Cash,Completed,2015-10-04,TXN-00005601,14.48,2026-08-06 01:41:39.368897
5603,5602,Cash,Completed,2015-10-07,TXN-00005602,142.49,2026-08-06 01:41:39.368897
5604,5603,Cash,Completed,2017-08-31,TXN-00005603,14.16,2026-08-06 01:41:39.368897
5605,5604,Cash,Completed,2017-08-27,TXN-00005604,79.92,2026-08-06 01:41:39.368897
5606,5605,Wallet,Completed,2016-12-06,TXN-00005605,590.35,2026-08-06 01:41:39.368897
5607,5606,UPI,Completed,2017-09-23,TXN-00005606,17.09,2026-08-06 01:41:39.368897
5608,5607,Wallet,Completed,2017-09-23,TXN-00005607,98.39,2026-08-06 01:41:39.368897
5609,5608,Debit Card,Completed,2018-03-29,TXN-00005608,11.05,2026-08-06 01:41:39.368897
5610,5609,Wallet,Completed,2016-12-06,TXN-00005609,7.78,2026-08-06 01:41:39.368897
5611,5610,Net Banking,Completed,2018-09-02,TXN-00005610,659.9,2026-08-06 01:41:39.368897
5612,5611,UPI,Completed,2016-10-05,TXN-00005611,53.04,2026-08-06 01:41:39.368897
5613,5612,UPI,Completed,2018-08-22,TXN-00005612,843.9,2026-08-06 01:41:39.368897
5614,5613,UPI,Completed,2018-08-20,TXN-00005613,1496.16,2026-08-06 01:41:39.368897
5615,5614,Net Banking,Completed,2017-02-03,TXN-00005614,117.96,2026-08-06 01:41:39.368897
5616,5615,Credit Card,Completed,2017-08-23,TXN-00005615,21.3,2026-08-06 01:41:39.368897
5617,5616,Debit Card,Completed,2017-08-24,TXN-00005616,1040.8,2026-08-06 01:41:39.368897
5618,5617,Wallet,Completed,2017-08-23,TXN-00005617,29.34,2026-08-06 01:41:39.368897
5619,5618,Debit Card,Completed,2018-07-04,TXN-00005618,19.52,2026-08-06 01:41:39.368897
5620,5619,Net Banking,Completed,2016-09-22,TXN-00005619,443.92,2026-08-06 01:41:39.368897
5621,5620,UPI,Completed,2017-09-26,TXN-00005620,499.95,2026-08-06 01:41:39.368897
5622,5621,Net Banking,Completed,2017-09-29,TXN-00005621,3.04,2026-08-06 01:41:39.368897
5623,5622,Debit Card,Completed,2017-09-29,TXN-00005622,201.96,2026-08-06 01:41:39.368897
5624,5623,UPI,Completed,2017-09-28,TXN-00005623,68.64,2026-08-06 01:41:39.368897
5625,5624,Wallet,Completed,2017-10-26,TXN-00005624,100.0,2026-08-06 01:41:39.368897
5626,5625,Credit Card,Completed,2017-10-24,TXN-00005625,359.98,2026-08-06 01:41:39.368897
5627,5626,UPI,Completed,2015-10-02,TXN-00005626,6.16,2026-08-06 01:41:39.368897
5628,5627,UPI,Completed,2015-10-01,TXN-00005627,2348.82,2026-08-06 01:41:39.368897
5629,5628,Credit Card,Completed,2018-06-27,TXN-00005628,13.87,2026-08-06 01:41:39.368897
5630,5629,UPI,Completed,2018-06-26,TXN-00005629,273.55,2026-08-06 01:41:39.368897
5631,5630,Wallet,Completed,2017-08-21,TXN-00005630,815.29,2026-08-06 01:41:39.368897
5632,5631,Debit Card,Completed,2015-02-11,TXN-00005631,234.45,2026-08-06 01:41:39.368897
5633,5632,UPI,Completed,2015-02-11,TXN-00005632,1256.22,2026-08-06 01:41:39.368897
5634,5633,Wallet,Completed,2015-02-13,TXN-00005633,17.46,2026-08-06 01:41:39.368897
5635,5634,Net Banking,Completed,2017-09-27,TXN-00005634,10.53,2026-08-06 01:41:39.368897
5636,5635,Net Banking,Completed,2016-12-09,TXN-00005635,152.8,2026-08-06 01:41:39.368897
5637,5636,Wallet,Completed,2018-09-06,TXN-00005636,82.56,2026-08-06 01:41:39.368897
5638,5637,Cash,Completed,2018-09-03,TXN-00005637,284.97,2026-08-06 01:41:39.368897
5639,5638,Credit Card,Completed,2018-03-27,TXN-00005638,60.84,2026-08-06 01:41:39.368897
5640,5639,Net Banking,Completed,2015-12-25,TXN-00005639,1325.76,2026-08-06 01:41:39.368897
5641,5640,Debit Card,Completed,2015-12-23,TXN-00005640,572.16,2026-08-06 01:41:39.368897
5642,5641,Cash,Completed,2015-09-26,TXN-00005641,28.8,2026-08-06 01:41:39.368897
5643,5642,Cash,Completed,2018-04-05,TXN-00005642,11.12,2026-08-06 01:41:39.368897
5644,5643,Debit Card,Completed,2017-04-01,TXN-00005643,7.04,2026-08-06 01:41:39.368897
5645,5644,UPI,Completed,2016-05-18,TXN-00005644,17.94,2026-08-06 01:41:39.368897
5646,5645,UPI,Completed,2018-03-23,TXN-00005645,34.76,2026-08-06 01:41:39.368897
5647,5646,UPI,Completed,2018-04-18,TXN-00005646,74.45,2026-08-06 01:41:39.368897
5648,5647,Net Banking,Completed,2016-01-04,TXN-00005647,192.22,2026-08-06 01:41:39.368897
5649,5648,Credit Card,Completed,2018-11-04,TXN-00005648,19.44,2026-08-06 01:41:39.368897
5650,5649,Cash,Completed,2018-07-21,TXN-00005649,32.4,2026-08-06 01:41:39.368897
5651,5650,UPI,Completed,2018-07-21,TXN-00005650,57.9,2026-08-06 01:41:39.368897
5652,5651,UPI,Completed,2018-07-19,TXN-00005651,10.56,2026-08-06 01:41:39.368897
5653,5652,Cash,Completed,2018-07-21,TXN-00005652,1194.17,2026-08-06 01:41:39.368897
5654,5653,Credit Card,Completed,2018-10-07,TXN-00005653,40.99,2026-08-06 01:41:39.368897
5655,5654,Net Banking,Completed,2015-11-04,TXN-00005654,2.94,2026-08-06 01:41:39.368897
5656,5655,Debit Card,Completed,2017-12-21,TXN-00005655,45.24,2026-08-06 01:41:39.368897
5657,5656,UPI,Completed,2017-12-19,TXN-00005656,18.69,2026-08-06 01:41:39.368897
5658,5657,Credit Card,Completed,2017-12-20,TXN-00005657,11.65,2026-08-06 01:41:39.368897
5659,5658,UPI,Completed,2017-12-21,TXN-00005658,112.78,2026-08-06 01:41:39.368897
5660,5659,Cash,Completed,2017-12-19,TXN-00005659,377.45,2026-08-06 01:41:39.368897
5661,5660,UPI,Pending,2017-12-20,TXN-00005660,15.94,2026-08-06 01:41:39.368897
5662,5661,Wallet,Completed,2017-12-18,TXN-00005661,28.68,2026-08-06 01:41:39.368897
5663,5662,Debit Card,Completed,2017-09-27,TXN-00005662,21.44,2026-08-06 01:41:39.368897
5664,5663,Net Banking,Completed,2017-09-26,TXN-00005663,511.06,2026-08-06 01:41:39.368897
5665,5664,Wallet,Completed,2017-07-21,TXN-00005664,18.66,2026-08-06 01:41:39.368897
5666,5665,UPI,Completed,2017-07-21,TXN-00005665,11.09,2026-08-06 01:41:39.368897
5667,5666,Credit Card,Completed,2017-07-22,TXN-00005666,66.69,2026-08-06 01:41:39.368897
5668,5667,Wallet,Completed,2017-07-24,TXN-00005667,99.49,2026-08-06 01:41:39.368897
5669,5668,UPI,Completed,2017-06-14,TXN-00005668,14.62,2026-08-06 01:41:39.368897
5670,5669,Net Banking,Completed,2017-06-15,TXN-00005669,53.98,2026-08-06 01:41:39.368897
5671,5670,Debit Card,Completed,2017-06-14,TXN-00005670,389.97,2026-08-06 01:41:39.368897
5672,5671,Cash,Completed,2016-06-12,TXN-00005671,355.36,2026-08-06 01:41:39.368897
5673,5672,UPI,Completed,2016-06-11,TXN-00005672,140.38,2026-08-06 01:41:39.368897
5674,5673,Debit Card,Completed,2018-10-31,TXN-00005673,15.84,2026-08-06 01:41:39.368897
5675,5674,Net Banking,Completed,2018-10-29,TXN-00005674,8.45,2026-08-06 01:41:39.368897
5676,5675,UPI,Completed,2017-01-23,TXN-00005675,12.96,2026-08-06 01:41:39.368897
5677,5676,Cash,Completed,2015-05-30,TXN-00005676,57.41,2026-08-06 01:41:39.368897
5678,5677,Wallet,Completed,2015-05-30,TXN-00005677,27.6,2026-08-06 01:41:39.368897
5679,5678,Debit Card,Completed,2016-01-02,TXN-00005678,38.98,2026-08-06 01:41:39.368897
5680,5679,Credit Card,Completed,2017-08-01,TXN-00005679,20.44,2026-08-06 01:41:39.368897
5681,5680,Wallet,Completed,2017-07-30,TXN-00005680,109.92,2026-08-06 01:41:39.368897
5682,5681,Debit Card,Completed,2017-09-24,TXN-00005681,6.38,2026-08-06 01:41:39.368897
5683,5682,Credit Card,Completed,2017-09-24,TXN-00005682,6.48,2026-08-06 01:41:39.368897
5684,5683,Credit Card,Completed,2015-04-05,TXN-00005683,15.84,2026-08-06 01:41:39.368897
5685,5684,UPI,Completed,2015-04-02,TXN-00005684,1049.93,2026-08-06 01:41:39.368897
5686,5685,Credit Card,Completed,2015-04-03,TXN-00005685,154.9,2026-08-06 01:41:39.368897
5687,5686,Net Banking,Completed,2016-11-09,TXN-00005686,98.35,2026-08-06 01:41:39.368897
5688,5687,Debit Card,Completed,2015-07-29,TXN-00005687,14.32,2026-08-06 01:41:39.368897
5689,5688,Cash,Completed,2015-07-30,TXN-00005688,129.89,2026-08-06 01:41:39.368897
5690,5689,Cash,Completed,2015-07-30,TXN-00005689,48.94,2026-08-06 01:41:39.368897
5691,5690,Net Banking,Completed,2016-12-28,TXN-00005690,275.06,2026-08-06 01:41:39.368897
5692,5691,UPI,Completed,2016-12-11,TXN-00005691,27.36,2026-08-06 01:41:39.368897
5693,5692,Net Banking,Completed,2016-12-12,TXN-00005692,44.75,2026-08-06 01:41:39.368897
5694,5693,Credit Card,Completed,2016-12-12,TXN-00005693,134.99,2026-08-06 01:41:39.368897
5695,5694,Net Banking,Completed,2016-12-11,TXN-00005694,26.4,2026-08-06 01:41:39.368897
5696,5695,Cash,Completed,2016-12-14,TXN-00005695,542.94,2026-08-06 01:41:39.368897
5697,5696,UPI,Completed,2017-05-09,TXN-00005696,71.09,2026-08-06 01:41:39.368897
5698,5697,UPI,Completed,2018-10-16,TXN-00005697,27.4,2026-08-06 01:41:39.368897
5699,5698,Cash,Completed,2018-10-14,TXN-00005698,13.46,2026-08-06 01:41:39.368897
5700,5699,UPI,Completed,2017-11-08,TXN-00005699,11.84,2026-08-06 01:41:39.368897
5701,5700,Wallet,Completed,2018-11-03,TXN-00005700,35.88,2026-08-06 01:41:39.368897
5702,5701,Cash,Completed,2017-11-27,TXN-00005701,40.75,2026-08-06 01:41:39.368897
5703,5702,Net Banking,Completed,2017-11-24,TXN-00005702,139.96,2026-08-06 01:41:39.368897
5704,5703,Wallet,Completed,2015-12-14,TXN-00005703,2.62,2026-08-06 01:41:39.368897
5705,5704,Net Banking,Completed,2015-12-15,TXN-00005704,136.53,2026-08-06 01:41:39.368897
5706,5705,Cash,Completed,2015-12-15,TXN-00005705,263.96,2026-08-06 01:41:39.368897
5707,5706,Wallet,Completed,2015-11-05,TXN-00005706,11.64,2026-08-06 01:41:39.368897
5708,5707,UPI,Completed,2018-09-25,TXN-00005707,40.18,2026-08-06 01:41:39.368897
5709,5708,Net Banking,Completed,2016-05-10,TXN-00005708,79.44,2026-08-06 01:41:39.368897
5710,5709,Credit Card,Completed,2016-05-08,TXN-00005709,357.93,2026-08-06 01:41:39.368897
5711,5710,Wallet,Completed,2016-05-12,TXN-00005710,127.76,2026-08-06 01:41:39.368897
5712,5711,Debit Card,Completed,2016-05-11,TXN-00005711,2799.94,2026-08-06 01:41:39.368897
5713,5712,Net Banking,Completed,2016-05-12,TXN-00005712,19.44,2026-08-06 01:41:39.368897
5714,5713,Debit Card,Completed,2018-07-31,TXN-00005713,36.79,2026-08-06 01:41:39.368897
5715,5714,Cash,Completed,2015-03-04,TXN-00005714,5.94,2026-08-06 01:41:39.368897
5716,5715,Debit Card,Completed,2018-09-27,TXN-00005715,177.55,2026-08-06 01:41:39.368897
5717,5716,Net Banking,Completed,2016-10-13,TXN-00005716,619.95,2026-08-06 01:41:39.368897
5718,5717,Cash,Completed,2016-10-12,TXN-00005717,29.16,2026-08-06 01:41:39.368897
5719,5718,UPI,Completed,2016-10-11,TXN-00005718,57.96,2026-08-06 01:41:39.368897
5720,5719,Wallet,Completed,2016-10-12,TXN-00005719,29.4,2026-08-06 01:41:39.368897
5721,5720,Net Banking,Completed,2018-04-02,TXN-00005720,81.4,2026-08-06 01:41:39.368897
5722,5721,Net Banking,Completed,2016-11-18,TXN-00005721,8.72,2026-08-06 01:41:39.368897
5723,5722,Cash,Completed,2016-11-18,TXN-00005722,91.18,2026-08-06 01:41:39.368897
5724,5723,Net Banking,Completed,2016-11-15,TXN-00005723,159.97,2026-08-06 01:41:39.368897
5725,5724,Credit Card,Completed,2017-09-26,TXN-00005724,12.96,2026-08-06 01:41:39.368897
5726,5725,Cash,Completed,2015-09-26,TXN-00005725,331.54,2026-08-06 01:41:39.368897
5727,5726,Wallet,Completed,2016-09-28,TXN-00005726,899.91,2026-08-06 01:41:39.368897
5728,5727,Wallet,Completed,2016-05-04,TXN-00005727,946.34,2026-08-06 01:41:39.368897
5729,5728,UPI,Completed,2018-12-08,TXN-00005728,178.11,2026-08-06 01:41:39.368897
5730,5729,Cash,Completed,2018-12-08,TXN-00005729,1089.75,2026-08-06 01:41:39.368897
5731,5730,Net Banking,Completed,2018-12-10,TXN-00005730,61.06,2026-08-06 01:41:39.368897
5732,5731,UPI,Completed,2018-12-11,TXN-00005731,459.92,2026-08-06 01:41:39.368897
5733,5732,Cash,Completed,2018-12-10,TXN-00005732,27.52,2026-08-06 01:41:39.368897
5734,5733,Credit Card,Completed,2018-06-29,TXN-00005733,638.82,2026-08-06 01:41:39.368897
5735,5734,UPI,Completed,2018-07-02,TXN-00005734,30.69,2026-08-06 01:41:39.368897
5736,5735,Wallet,Completed,2018-07-03,TXN-00005735,25.16,2026-08-06 01:41:39.368897
5737,5736,Debit Card,Completed,2015-07-03,TXN-00005736,13.92,2026-08-06 01:41:39.368897
5738,5737,Wallet,Completed,2015-01-23,TXN-00005737,19.36,2026-08-06 01:41:39.368897
5739,5738,Wallet,Completed,2015-01-21,TXN-00005738,19.3,2026-08-06 01:41:39.368897
5740,5739,Credit Card,Completed,2017-12-31,TXN-00005739,38.38,2026-08-06 01:41:39.368897
5741,5740,Credit Card,Completed,2018-03-30,TXN-00005740,12.96,2026-08-06 01:41:39.368897
5742,5741,Net Banking,Pending,2018-04-01,TXN-00005741,26.48,2026-08-06 01:41:39.368897
5743,5742,Net Banking,Completed,2018-03-31,TXN-00005742,532.72,2026-08-06 01:41:39.368897
5744,5743,Net Banking,Pending,2018-03-31,TXN-00005743,26.72,2026-08-06 01:41:39.368897
5745,5744,Cash,Completed,2018-03-29,TXN-00005744,20.04,2026-08-06 01:41:39.368897
5746,5745,Cash,Pending,2018-04-01,TXN-00005745,795.48,2026-08-06 01:41:39.368897
5747,5746,Debit Card,Completed,2018-03-29,TXN-00005746,21.56,2026-08-06 01:41:39.368897
5748,5747,Cash,Completed,2017-12-11,TXN-00005747,249.58,2026-08-06 01:41:39.368897
5749,5748,Wallet,Completed,2017-12-09,TXN-00005748,68.11,2026-08-06 01:41:39.368897
5750,5749,Wallet,Completed,2017-12-08,TXN-00005749,16.56,2026-08-06 01:41:39.368897
5751,5750,Net Banking,Completed,2018-11-20,TXN-00005750,74.95,2026-08-06 01:41:39.368897
5752,5751,UPI,Completed,2015-06-01,TXN-00005751,355.46,2026-08-06 01:41:39.368897
5753,5752,Credit Card,Completed,2017-01-25,TXN-00005752,44.4,2026-08-06 01:41:39.368897
5754,5753,UPI,Completed,2017-01-23,TXN-00005753,20.65,2026-08-06 01:41:39.368897
5755,5754,Cash,Completed,2017-02-05,TXN-00005754,866.4,2026-08-06 01:41:39.368897
5756,5755,Credit Card,Completed,2016-03-30,TXN-00005755,5.56,2026-08-06 01:41:39.368897
5757,5756,Cash,Completed,2015-10-18,TXN-00005756,3.16,2026-08-06 01:41:39.368897
5758,5757,Debit Card,Completed,2015-10-15,TXN-00005757,1999.96,2026-08-06 01:41:39.368897
5759,5758,Credit Card,Completed,2016-08-11,TXN-00005758,46.15,2026-08-06 01:41:39.368897
5760,5759,UPI,Completed,2016-11-26,TXN-00005759,32.99,2026-08-06 01:41:39.368897
5761,5760,Wallet,Completed,2018-01-01,TXN-00005760,481.32,2026-08-06 01:41:39.368897
5762,5761,Credit Card,Completed,2018-01-01,TXN-00005761,6.38,2026-08-06 01:41:39.368897
5763,5762,Cash,Completed,2018-08-15,TXN-00005762,542.94,2026-08-06 01:41:39.368897
5764,5763,Net Banking,Completed,2018-08-16,TXN-00005763,54.92,2026-08-06 01:41:39.368897
5765,5764,Wallet,Completed,2016-11-05,TXN-00005764,1448.82,2026-08-06 01:41:39.368897
5766,5765,Wallet,Completed,2016-09-13,TXN-00005765,353.88,2026-08-06 01:41:39.368897
5767,5766,Cash,Completed,2015-11-11,TXN-00005766,333.58,2026-08-06 01:41:39.368897
5768,5767,Cash,Completed,2017-10-11,TXN-00005767,60.14,2026-08-06 01:41:39.368897
5769,5768,Credit Card,Completed,2018-09-09,TXN-00005768,85.2,2026-08-06 01:41:39.368897
5770,5769,Credit Card,Completed,2016-02-28,TXN-00005769,3.15,2026-08-06 01:41:39.368897
5771,5770,Debit Card,Completed,2016-02-25,TXN-00005770,22.72,2026-08-06 01:41:39.368897
5772,5771,Credit Card,Completed,2016-09-25,TXN-00005771,14.91,2026-08-06 01:41:39.368897
5773,5772,Debit Card,Completed,2016-09-26,TXN-00005772,1158.12,2026-08-06 01:41:39.368897
5774,5773,Wallet,Completed,2016-11-27,TXN-00005773,599.99,2026-08-06 01:41:39.368897
5775,5774,Wallet,Completed,2017-09-04,TXN-00005774,23.97,2026-08-06 01:41:39.368897
5776,5775,Net Banking,Completed,2017-04-15,TXN-00005775,638.29,2026-08-06 01:41:39.368897
5777,5776,UPI,Completed,2017-04-14,TXN-00005776,13.21,2026-08-06 01:41:39.368897
5778,5777,Wallet,Completed,2017-12-04,TXN-00005777,15.53,2026-08-06 01:41:39.368897
5779,5778,UPI,Completed,2017-12-06,TXN-00005778,104.85,2026-08-06 01:41:39.368897
5780,5779,Wallet,Completed,2015-11-13,TXN-00005779,30.48,2026-08-06 01:41:39.368897
5781,5780,Debit Card,Completed,2015-11-12,TXN-00005780,112.65,2026-08-06 01:41:39.368897
5782,5781,Debit Card,Completed,2016-04-02,TXN-00005781,71.98,2026-08-06 01:41:39.368897
5783,5782,Net Banking,Completed,2016-12-13,TXN-00005782,2.21,2026-08-06 01:41:39.368897
5784,5783,UPI,Completed,2016-12-16,TXN-00005783,15.52,2026-08-06 01:41:39.368897
5785,5784,Wallet,Completed,2016-12-15,TXN-00005784,36.44,2026-08-06 01:41:39.368897
5786,5785,UPI,Completed,2018-10-06,TXN-00005785,217.76,2026-08-06 01:41:39.368897
5787,5786,Credit Card,Completed,2018-10-06,TXN-00005786,39.07,2026-08-06 01:41:39.368897
5788,5787,Credit Card,Completed,2018-10-03,TXN-00005787,22.64,2026-08-06 01:41:39.368897
5789,5788,Net Banking,Completed,2018-10-05,TXN-00005788,95.14,2026-08-06 01:41:39.368897
5790,5789,Net Banking,Completed,2018-04-10,TXN-00005789,12.32,2026-08-06 01:41:39.368897
5791,5790,Net Banking,Completed,2018-04-10,TXN-00005790,4.42,2026-08-06 01:41:39.368897
5792,5791,Net Banking,Completed,2018-10-01,TXN-00005791,35.0,2026-08-06 01:41:39.368897
5793,5792,Cash,Completed,2018-09-30,TXN-00005792,72.78,2026-08-06 01:41:39.368897
5794,5793,UPI,Completed,2018-10-02,TXN-00005793,97.84,2026-08-06 01:41:39.368897
5795,5794,UPI,Completed,2018-09-29,TXN-00005794,51.75,2026-08-06 01:41:39.368897
5796,5795,UPI,Completed,2018-09-29,TXN-00005795,46.67,2026-08-06 01:41:39.368897
5797,5796,Debit Card,Completed,2015-10-02,TXN-00005796,1395.54,2026-08-06 01:41:39.368897
5798,5797,Cash,Completed,2015-10-01,TXN-00005797,117.36,2026-08-06 01:41:39.368897
5799,5798,Wallet,Completed,2015-10-03,TXN-00005798,18.9,2026-08-06 01:41:39.368897
5800,5799,Cash,Completed,2015-10-03,TXN-00005799,77.52,2026-08-06 01:41:39.368897
5801,5800,Cash,Completed,2015-08-22,TXN-00005800,421.37,2026-08-06 01:41:39.368897
5802,5801,Net Banking,Completed,2015-07-13,TXN-00005801,575.97,2026-08-06 01:41:39.368897
5803,5802,Cash,Completed,2015-07-12,TXN-00005802,10.37,2026-08-06 01:41:39.368897
5804,5803,Net Banking,Completed,2016-03-26,TXN-00005803,15.98,2026-08-06 01:41:39.368897
5805,5804,Debit Card,Completed,2018-05-12,TXN-00005804,10.27,2026-08-06 01:41:39.368897
5806,5805,Credit Card,Completed,2018-11-16,TXN-00005805,61.79,2026-08-06 01:41:39.368897
5807,5806,Wallet,Completed,2018-11-16,TXN-00005806,206.0,2026-08-06 01:41:39.368897
5808,5807,Wallet,Completed,2017-09-06,TXN-00005807,12.19,2026-08-06 01:41:39.368897
5809,5808,Cash,Completed,2017-09-05,TXN-00005808,87.17,2026-08-06 01:41:39.368897
5810,5809,Debit Card,Completed,2017-09-08,TXN-00005809,31.74,2026-08-06 01:41:39.368897
5811,5810,Cash,Completed,2017-02-10,TXN-00005810,132.22,2026-08-06 01:41:39.368897
5812,5811,Wallet,Completed,2016-03-26,TXN-00005811,105.52,2026-08-06 01:41:39.368897
5813,5812,Wallet,Completed,2016-03-26,TXN-00005812,91.96,2026-08-06 01:41:39.368897
5814,5813,Cash,Completed,2016-03-23,TXN-00005813,1487.98,2026-08-06 01:41:39.368897
5815,5814,Credit Card,Completed,2016-07-06,TXN-00005814,19.44,2026-08-06 01:41:39.368897
5816,5815,UPI,Completed,2016-06-17,TXN-00005815,11.67,2026-08-06 01:41:39.368897
5817,5816,Wallet,Completed,2015-11-28,TXN-00005816,279.96,2026-08-06 01:41:39.368897
5818,5817,Wallet,Completed,2015-11-28,TXN-00005817,12.91,2026-08-06 01:41:39.368897
5819,5818,Credit Card,Completed,2015-11-30,TXN-00005818,17.09,2026-08-06 01:41:39.368897
5820,5819,Cash,Completed,2015-11-28,TXN-00005819,93.15,2026-08-06 01:41:39.368897
5821,5820,Credit Card,Completed,2015-11-28,TXN-00005820,11.52,2026-08-06 01:41:39.368897
5822,5821,Cash,Completed,2018-05-14,TXN-00005821,238.62,2026-08-06 01:41:39.368897
5823,5822,Net Banking,Completed,2018-05-13,TXN-00005822,7.77,2026-08-06 01:41:39.368897
5824,5823,UPI,Completed,2018-05-12,TXN-00005823,285.48,2026-08-06 01:41:39.368897
5825,5824,UPI,Completed,2018-05-13,TXN-00005824,19.17,2026-08-06 01:41:39.368897
5826,5825,Net Banking,Completed,2015-05-04,TXN-00005825,26.14,2026-08-06 01:41:39.368897
5827,5826,UPI,Completed,2018-09-07,TXN-00005826,419.4,2026-08-06 01:41:39.368897
5828,5827,Net Banking,Completed,2018-09-05,TXN-00005827,90.8,2026-08-06 01:41:39.368897
5829,5828,Debit Card,Completed,2018-09-05,TXN-00005828,181.76,2026-08-06 01:41:39.368897
5830,5829,Debit Card,Completed,2018-09-05,TXN-00005829,5.56,2026-08-06 01:41:39.368897
5831,5830,UPI,Completed,2017-12-04,TXN-00005830,581.96,2026-08-06 01:41:39.368897
5832,5831,Credit Card,Pending,2017-12-07,TXN-00005831,29.98,2026-08-06 01:41:39.368897
5833,5832,UPI,Completed,2016-07-22,TXN-00005832,519.96,2026-08-06 01:41:39.368897
5834,5833,Credit Card,Completed,2017-07-24,TXN-00005833,6.26,2026-08-06 01:41:39.368897
5835,5834,Credit Card,Completed,2017-07-22,TXN-00005834,363.92,2026-08-06 01:41:39.368897
5836,5835,Credit Card,Pending,2016-06-10,TXN-00005835,64.2,2026-08-06 01:41:39.368897
5837,5836,Debit Card,Completed,2016-06-12,TXN-00005836,38.52,2026-08-06 01:41:39.368897
5838,5837,Net Banking,Completed,2016-06-09,TXN-00005837,72.6,2026-08-06 01:41:39.368897
5839,5838,Wallet,Completed,2018-11-28,TXN-00005838,57.57,2026-08-06 01:41:39.368897
5840,5839,Wallet,Completed,2016-03-27,TXN-00005839,83.7,2026-08-06 01:41:39.368897
5841,5840,Credit Card,Completed,2016-09-23,TXN-00005840,32.4,2026-08-06 01:41:39.368897
5842,5841,Credit Card,Completed,2016-09-25,TXN-00005841,47.98,2026-08-06 01:41:39.368897
5843,5842,Net Banking,Completed,2016-11-19,TXN-00005842,415.97,2026-08-06 01:41:39.368897
5844,5843,Credit Card,Completed,2016-11-17,TXN-00005843,304.9,2026-08-06 01:41:39.368897
5845,5844,Net Banking,Completed,2016-11-20,TXN-00005844,80.96,2026-08-06 01:41:39.368897
5846,5845,Debit Card,Completed,2016-11-20,TXN-00005845,777.21,2026-08-06 01:41:39.368897
5847,5846,Credit Card,Completed,2016-11-18,TXN-00005846,32.4,2026-08-06 01:41:39.368897
5848,5847,Wallet,Completed,2016-11-20,TXN-00005847,225.57,2026-08-06 01:41:39.368897
5849,5848,Wallet,Completed,2016-11-20,TXN-00005848,36.6,2026-08-06 01:41:39.368897
5850,5849,Net Banking,Completed,2016-11-12,TXN-00005849,715.64,2026-08-06 01:41:39.368897
5851,5850,UPI,Completed,2016-11-13,TXN-00005850,795.51,2026-08-06 01:41:39.368897
5852,5851,UPI,Completed,2016-11-13,TXN-00005851,549.99,2026-08-06 01:41:39.368897
5853,5852,Debit Card,Completed,2016-11-10,TXN-00005852,74.76,2026-08-06 01:41:39.368897
5854,5853,Cash,Completed,2016-11-10,TXN-00005853,29.22,2026-08-06 01:41:39.368897
5855,5854,Wallet,Completed,2015-09-10,TXN-00005854,9.64,2026-08-06 01:41:39.368897
5856,5855,Net Banking,Completed,2016-08-05,TXN-00005855,33.49,2026-08-06 01:41:39.368897
5857,5856,UPI,Completed,2016-08-06,TXN-00005856,23.04,2026-08-06 01:41:39.368897
5858,5857,Credit Card,Pending,2016-08-05,TXN-00005857,1.36,2026-08-06 01:41:39.368897
5859,5858,Debit Card,Completed,2016-08-07,TXN-00005858,14.76,2026-08-06 01:41:39.368897
5860,5859,UPI,Completed,2018-09-04,TXN-00005859,239.67,2026-08-06 01:41:39.368897
5861,5860,UPI,Completed,2016-11-04,TXN-00005860,301.96,2026-08-06 01:41:39.368897
5862,5861,Wallet,Completed,2016-04-29,TXN-00005861,7.97,2026-08-06 01:41:39.368897
5863,5862,Credit Card,Pending,2017-05-01,TXN-00005862,109.92,2026-08-06 01:41:39.368897
5864,5863,Wallet,Completed,2017-05-03,TXN-00005863,19.44,2026-08-06 01:41:39.368897
5865,5864,Wallet,Completed,2017-05-02,TXN-00005864,11.16,2026-08-06 01:41:39.368897
5866,5865,Cash,Completed,2015-08-09,TXN-00005865,79.47,2026-08-06 01:41:39.368897
5867,5866,UPI,Completed,2015-08-08,TXN-00005866,4.56,2026-08-06 01:41:39.368897
5868,5867,UPI,Completed,2015-08-05,TXN-00005867,1133.35,2026-08-06 01:41:39.368897
5869,5868,Debit Card,Completed,2017-01-07,TXN-00005868,4.67,2026-08-06 01:41:39.368897
5870,5869,Credit Card,Completed,2017-01-06,TXN-00005869,104.58,2026-08-06 01:41:39.368897
5871,5870,Wallet,Completed,2017-11-11,TXN-00005870,1603.14,2026-08-06 01:41:39.368897
5872,5871,Wallet,Completed,2017-06-18,TXN-00005871,1293.49,2026-08-06 01:41:39.368897
5873,5872,Wallet,Pending,2017-09-27,TXN-00005872,127.95,2026-08-06 01:41:39.368897
5874,5873,Debit Card,Completed,2018-04-02,TXN-00005873,59.76,2026-08-06 01:41:39.368897
5875,5874,Cash,Pending,2018-06-04,TXN-00005874,108.08,2026-08-06 01:41:39.368897
5876,5875,Wallet,Completed,2018-06-08,TXN-00005875,9.54,2026-08-06 01:41:39.368897
5877,5876,Net Banking,Completed,2016-04-08,TXN-00005876,11.74,2026-08-06 01:41:39.368897
5878,5877,UPI,Completed,2015-05-24,TXN-00005877,447.86,2026-08-06 01:41:39.368897
5879,5878,Net Banking,Completed,2015-05-22,TXN-00005878,17.94,2026-08-06 01:41:39.368897
5880,5879,UPI,Completed,2015-05-21,TXN-00005879,245.88,2026-08-06 01:41:39.368897
5881,5880,Debit Card,Completed,2017-09-08,TXN-00005880,192.16,2026-08-06 01:41:39.368897
5882,5881,Credit Card,Completed,2017-09-18,TXN-00005881,801.57,2026-08-06 01:41:39.368897
5883,5882,Cash,Completed,2017-09-22,TXN-00005882,368.91,2026-08-06 01:41:39.368897
5884,5883,Debit Card,Completed,2017-09-18,TXN-00005883,885.53,2026-08-06 01:41:39.368897
5885,5884,Credit Card,Completed,2017-03-14,TXN-00005884,28.28,2026-08-06 01:41:39.368897
5886,5885,Cash,Completed,2017-03-15,TXN-00005885,4912.59,2026-08-06 01:41:39.368897
5887,5886,Credit Card,Completed,2015-10-20,TXN-00005886,14.35,2026-08-06 01:41:39.368897
5888,5887,Cash,Completed,2015-10-19,TXN-00005887,179.97,2026-08-06 01:41:39.368897
5889,5888,Cash,Completed,2018-10-11,TXN-00005888,42.76,2026-08-06 01:41:39.368897
5890,5889,Credit Card,Completed,2016-05-08,TXN-00005889,45.68,2026-08-06 01:41:39.368897
5891,5890,Cash,Pending,2017-04-18,TXN-00005890,25.06,2026-08-06 01:41:39.368897
5892,5891,Debit Card,Completed,2017-11-22,TXN-00005891,38.43,2026-08-06 01:41:39.368897
5893,5892,Credit Card,Completed,2017-11-21,TXN-00005892,21.57,2026-08-06 01:41:39.368897
5894,5893,Wallet,Refunded,2017-11-23,TXN-00005893,81.58,2026-08-06 01:41:39.368897
5895,5894,Wallet,Completed,2018-09-12,TXN-00005894,2.78,2026-08-06 01:41:39.368897
5896,5895,UPI,Completed,2018-09-09,TXN-00005895,99.87,2026-08-06 01:41:39.368897
5897,5896,Net Banking,Completed,2015-11-03,TXN-00005896,44.4,2026-08-06 01:41:39.368897
5898,5897,Wallet,Completed,2015-11-01,TXN-00005897,21.4,2026-08-06 01:41:39.368897
5899,5898,Credit Card,Completed,2017-04-07,TXN-00005898,71.12,2026-08-06 01:41:39.368897
5900,5899,Debit Card,Completed,2017-04-05,TXN-00005899,259.96,2026-08-06 01:41:39.368897
5901,5900,UPI,Completed,2018-01-12,TXN-00005900,9.78,2026-08-06 01:41:39.368897
5902,5901,Credit Card,Completed,2016-11-20,TXN-00005901,24.19,2026-08-06 01:41:39.368897
5903,5902,Debit Card,Completed,2017-11-27,TXN-00005902,31.56,2026-08-06 01:41:39.368897
5904,5903,Credit Card,Completed,2018-11-06,TXN-00005903,59.94,2026-08-06 01:41:39.368897
5905,5904,Wallet,Completed,2018-11-07,TXN-00005904,45.36,2026-08-06 01:41:39.368897
5906,5905,UPI,Completed,2018-11-10,TXN-00005905,26.4,2026-08-06 01:41:39.368897
5907,5906,Wallet,Completed,2018-11-06,TXN-00005906,41.4,2026-08-06 01:41:39.368897
5908,5907,Wallet,Completed,2018-11-07,TXN-00005907,16.95,2026-08-06 01:41:39.368897
5909,5908,Credit Card,Pending,2017-12-05,TXN-00005908,24.7,2026-08-06 01:41:39.368897
5910,5909,Net Banking,Completed,2017-12-02,TXN-00005909,59.7,2026-08-06 01:41:39.368897
5911,5910,Wallet,Completed,2017-12-03,TXN-00005910,14.52,2026-08-06 01:41:39.368897
5912,5911,Debit Card,Completed,2017-12-05,TXN-00005911,104.18,2026-08-06 01:41:39.368897
5913,5912,UPI,Completed,2017-12-19,TXN-00005912,46.53,2026-08-06 01:41:39.368897
5914,5913,Credit Card,Completed,2015-08-24,TXN-00005913,25.5,2026-08-06 01:41:39.368897
5915,5914,Credit Card,Completed,2016-09-21,TXN-00005914,14.9,2026-08-06 01:41:39.368897
5916,5915,Net Banking,Completed,2016-09-21,TXN-00005915,87.71,2026-08-06 01:41:39.368897
5917,5916,UPI,Completed,2016-09-19,TXN-00005916,199.76,2026-08-06 01:41:39.368897
5918,5917,Cash,Completed,2016-09-21,TXN-00005917,94.6,2026-08-06 01:41:39.368897
5919,5918,Wallet,Completed,2016-09-18,TXN-00005918,4228.7,2026-08-06 01:41:39.368897
5920,5919,UPI,Completed,2016-09-17,TXN-00005919,2003.92,2026-08-06 01:41:39.368897
5921,5920,Cash,Completed,2016-09-21,TXN-00005920,209.97,2026-08-06 01:41:39.368897
5922,5921,Credit Card,Completed,2016-09-20,TXN-00005921,659.9,2026-08-06 01:41:39.368897
5923,5922,Debit Card,Completed,2016-09-17,TXN-00005922,110.96,2026-08-06 01:41:39.368897
5924,5923,Wallet,Completed,2016-09-17,TXN-00005923,67.8,2026-08-06 01:41:39.368897
5925,5924,UPI,Completed,2017-11-26,TXN-00005924,313.18,2026-08-06 01:41:39.368897
5926,5925,Net Banking,Completed,2018-11-19,TXN-00005925,22.96,2026-08-06 01:41:39.368897
5927,5926,Cash,Completed,2018-06-06,TXN-00005926,1099.5,2026-08-06 01:41:39.368897
5928,5927,Wallet,Completed,2015-04-10,TXN-00005927,1215.92,2026-08-06 01:41:39.368897
5929,5928,Debit Card,Completed,2015-10-13,TXN-00005928,7.31,2026-08-06 01:41:39.368897
5930,5929,Cash,Completed,2015-10-13,TXN-00005929,8.92,2026-08-06 01:41:39.368897
5931,5930,UPI,Completed,2018-07-11,TXN-00005930,87.21,2026-08-06 01:41:39.368897
5932,5931,UPI,Completed,2018-07-07,TXN-00005931,15.55,2026-08-06 01:41:39.368897
5933,5932,Wallet,Completed,2018-07-08,TXN-00005932,683.99,2026-08-06 01:41:39.368897
5934,5933,Cash,Completed,2018-07-10,TXN-00005933,13.39,2026-08-06 01:41:39.368897
5935,5934,Wallet,Completed,2018-07-10,TXN-00005934,16.78,2026-08-06 01:41:39.368897
5936,5935,UPI,Pending,2018-07-07,TXN-00005935,527.92,2026-08-06 01:41:39.368897
5937,5936,Debit Card,Completed,2017-07-06,TXN-00005936,25.4,2026-08-06 01:41:39.368897
5938,5937,Debit Card,Completed,2017-07-07,TXN-00005937,177.48,2026-08-06 01:41:39.368897
5939,5938,UPI,Completed,2017-07-06,TXN-00005938,71.98,2026-08-06 01:41:39.368897
5940,5939,Net Banking,Completed,2018-05-20,TXN-00005939,95.99,2026-08-06 01:41:39.368897
5941,5940,UPI,Completed,2018-05-23,TXN-00005940,13.22,2026-08-06 01:41:39.368897
5942,5941,UPI,Completed,2018-10-15,TXN-00005941,435.84,2026-08-06 01:41:39.368897
5943,5942,Cash,Completed,2018-10-12,TXN-00005942,5.88,2026-08-06 01:41:39.368897
5944,5943,Wallet,Completed,2017-08-07,TXN-00005943,211.17,2026-08-06 01:41:39.368897
5945,5944,Debit Card,Completed,2015-08-25,TXN-00005944,6.28,2026-08-06 01:41:39.368897
5946,5945,UPI,Completed,2015-08-26,TXN-00005945,95.1,2026-08-06 01:41:39.368897
5947,5946,Debit Card,Completed,2015-08-25,TXN-00005946,25.92,2026-08-06 01:41:39.368897
5948,5947,Wallet,Completed,2015-08-29,TXN-00005947,48.84,2026-08-06 01:41:39.368897
5949,5948,Net Banking,Completed,2016-09-16,TXN-00005948,25.9,2026-08-06 01:41:39.368897
5950,5949,Debit Card,Completed,2018-03-07,TXN-00005949,42.68,2026-08-06 01:41:39.368897
5951,5950,Cash,Completed,2018-03-05,TXN-00005950,299.97,2026-08-06 01:41:39.368897
5952,5951,Wallet,Completed,2018-03-08,TXN-00005951,262.24,2026-08-06 01:41:39.368897
5953,5952,Cash,Completed,2018-03-06,TXN-00005952,234.36,2026-08-06 01:41:39.368897
5954,5953,Wallet,Completed,2018-04-18,TXN-00005953,20.74,2026-08-06 01:41:39.368897
5955,5954,UPI,Completed,2015-03-30,TXN-00005954,10.5,2026-08-06 01:41:39.368897
5956,5955,Credit Card,Completed,2015-11-11,TXN-00005955,23.97,2026-08-06 01:41:39.368897
5957,5956,Cash,Completed,2015-11-15,TXN-00005956,521.96,2026-08-06 01:41:39.368897
5958,5957,Net Banking,Completed,2017-03-16,TXN-00005957,676.55,2026-08-06 01:41:39.368897
5959,5958,Credit Card,Completed,2017-03-13,TXN-00005958,154.9,2026-08-06 01:41:39.368897
5960,5959,UPI,Completed,2017-03-12,TXN-00005959,30.56,2026-08-06 01:41:39.368897
5961,5960,Net Banking,Completed,2017-03-12,TXN-00005960,770.35,2026-08-06 01:41:39.368897
5962,5961,Net Banking,Completed,2018-02-10,TXN-00005961,21.12,2026-08-06 01:41:39.368897
5963,5962,Debit Card,Completed,2015-11-11,TXN-00005962,575.93,2026-08-06 01:41:39.368897
5964,5963,Net Banking,Completed,2015-11-11,TXN-00005963,7.78,2026-08-06 01:41:39.368897
5965,5964,Net Banking,Completed,2015-11-15,TXN-00005964,123.92,2026-08-06 01:41:39.368897
5966,5965,Debit Card,Completed,2018-08-21,TXN-00005965,17.22,2026-08-06 01:41:39.368897
5967,5966,Debit Card,Completed,2018-08-21,TXN-00005966,226.56,2026-08-06 01:41:39.368897
5968,5967,Net Banking,Completed,2018-08-24,TXN-00005967,107.88,2026-08-06 01:41:39.368897
5969,5968,Net Banking,Completed,2017-01-15,TXN-00005968,81.98,2026-08-06 01:41:39.368897
5970,5969,Wallet,Completed,2015-07-24,TXN-00005969,104.85,2026-08-06 01:41:39.368897
5971,5970,Wallet,Completed,2015-07-20,TXN-00005970,8.7,2026-08-06 01:41:39.368897
5972,5971,UPI,Completed,2015-07-23,TXN-00005971,19.92,2026-08-06 01:41:39.368897
5973,5972,UPI,Completed,2015-07-24,TXN-00005972,43.02,2026-08-06 01:41:39.368897
5974,5973,Cash,Completed,2018-02-06,TXN-00005973,240.78,2026-08-06 01:41:39.368897
5975,5974,UPI,Completed,2016-12-29,TXN-00005974,414.96,2026-08-06 01:41:39.368897
5976,5975,UPI,Completed,2017-10-10,TXN-00005975,387.72,2026-08-06 01:41:39.368897
5977,5976,UPI,Completed,2018-07-17,TXN-00005976,360.38,2026-08-06 01:41:39.368897
5978,5977,Credit Card,Completed,2018-07-17,TXN-00005977,13.56,2026-08-06 01:41:39.368897
5979,5978,Credit Card,Completed,2018-04-27,TXN-00005978,552.0,2026-08-06 01:41:39.368897
5980,5979,Debit Card,Pending,2015-09-10,TXN-00005979,429.9,2026-08-06 01:41:39.368897
5981,5980,Credit Card,Completed,2015-09-07,TXN-00005980,32.06,2026-08-06 01:41:39.368897
5982,5981,Wallet,Pending,2015-09-11,TXN-00005981,161.96,2026-08-06 01:41:39.368897
5983,5982,Cash,Pending,2015-09-08,TXN-00005982,19.86,2026-08-06 01:41:39.368897
5984,5983,Net Banking,Completed,2017-11-22,TXN-00005983,12.96,2026-08-06 01:41:39.368897
5985,5984,Debit Card,Completed,2018-09-20,TXN-00005984,20.54,2026-08-06 01:41:39.368897
5986,5985,Wallet,Pending,2017-07-19,TXN-00005985,185.58,2026-08-06 01:41:39.368897
5987,5986,Wallet,Completed,2017-07-22,TXN-00005986,77.56,2026-08-06 01:41:39.368897
5988,5987,UPI,Completed,2017-07-20,TXN-00005987,87.92,2026-08-06 01:41:39.368897
5989,5988,UPI,Completed,2017-07-20,TXN-00005988,245.94,2026-08-06 01:41:39.368897
5990,5989,Debit Card,Completed,2017-07-19,TXN-00005989,8.6,2026-08-06 01:41:39.368897
5991,5990,Net Banking,Completed,2017-07-19,TXN-00005990,504.9,2026-08-06 01:41:39.368897
5992,5991,Net Banking,Pending,2018-09-19,TXN-00005991,2357.49,2026-08-06 01:41:39.368897
5993,5992,Debit Card,Completed,2018-09-15,TXN-00005992,369.54,2026-08-06 01:41:39.368897
5994,5993,Cash,Completed,2018-09-15,TXN-00005993,184.75,2026-08-06 01:41:39.368897
5995,5994,Credit Card,Completed,2017-12-11,TXN-00005994,64.96,2026-08-06 01:41:39.368897
5996,5995,Credit Card,Completed,2017-12-14,TXN-00005995,13.52,2026-08-06 01:41:39.368897
5997,5996,Cash,Completed,2017-12-11,TXN-00005996,458.43,2026-08-06 01:41:39.368897
5998,5997,Debit Card,Completed,2017-12-14,TXN-00005997,387.14,2026-08-06 01:41:39.368897
5999,5998,Wallet,Completed,2017-12-11,TXN-00005998,328.59,2026-08-06 01:41:39.368897
6000,5999,UPI,Completed,2015-12-10,TXN-00005999,338.35,2026-08-06 01:41:39.368897
6001,6000,Wallet,Completed,2015-12-12,TXN-00006000,25.92,2026-08-06 01:41:39.368897
6002,6001,Cash,Completed,2015-12-10,TXN-00006001,91.36,2026-08-06 01:41:39.368897
6003,6002,UPI,Completed,2015-12-13,TXN-00006002,87.96,2026-08-06 01:41:39.368897
6004,6003,Credit Card,Completed,2015-12-17,TXN-00006003,5.21,2026-08-06 01:41:39.368897
6005,6004,Cash,Completed,2018-09-23,TXN-00006004,12.29,2026-08-06 01:41:39.368897
6006,6005,Wallet,Completed,2018-09-10,TXN-00006005,19.76,2026-08-06 01:41:39.368897
6007,6006,UPI,Completed,2016-11-02,TXN-00006006,109.76,2026-08-06 01:41:39.368897
6008,6007,UPI,Completed,2018-12-11,TXN-00006007,128.85,2026-08-06 01:41:39.368897
6009,6008,Wallet,Completed,2018-04-04,TXN-00006008,127.95,2026-08-06 01:41:39.368897
6010,6009,Net Banking,Completed,2016-12-31,TXN-00006009,68.52,2026-08-06 01:41:39.368897
6011,6010,Debit Card,Completed,2017-01-03,TXN-00006010,74.94,2026-08-06 01:41:39.368897
6012,6011,Net Banking,Completed,2016-12-30,TXN-00006011,2548.56,2026-08-06 01:41:39.368897
6013,6012,Cash,Completed,2016-12-30,TXN-00006012,271.44,2026-08-06 01:41:39.368897
6014,6013,Wallet,Completed,2017-01-02,TXN-00006013,287.88,2026-08-06 01:41:39.368897
6015,6014,Cash,Completed,2017-03-10,TXN-00006014,14.9,2026-08-06 01:41:39.368897
6016,6015,Wallet,Completed,2017-03-13,TXN-00006015,4158.91,2026-08-06 01:41:39.368897
6017,6016,Credit Card,Completed,2015-04-10,TXN-00006016,91.96,2026-08-06 01:41:39.368897
6018,6017,UPI,Completed,2015-04-09,TXN-00006017,33.11,2026-08-06 01:41:39.368897
6019,6018,Net Banking,Completed,2015-04-10,TXN-00006018,19.44,2026-08-06 01:41:39.368897
6020,6019,Net Banking,Completed,2015-04-10,TXN-00006019,55.48,2026-08-06 01:41:39.368897
6021,6020,Cash,Completed,2015-10-05,TXN-00006020,91.92,2026-08-06 01:41:39.368897
6022,6021,Wallet,Completed,2017-08-16,TXN-00006021,17.34,2026-08-06 01:41:39.368897
6023,6022,UPI,Completed,2017-08-17,TXN-00006022,71.98,2026-08-06 01:41:39.368897
6024,6023,Credit Card,Completed,2015-11-20,TXN-00006023,7.08,2026-08-06 01:41:39.368897
6025,6024,Credit Card,Completed,2018-04-24,TXN-00006024,69.98,2026-08-06 01:41:39.368897
6026,6025,Net Banking,Completed,2018-08-24,TXN-00006025,646.27,2026-08-06 01:41:39.368897
6027,6026,UPI,Completed,2018-08-25,TXN-00006026,10.37,2026-08-06 01:41:39.368897
6028,6027,Debit Card,Pending,2018-02-24,TXN-00006027,8.4,2026-08-06 01:41:39.368897
6029,6028,Cash,Completed,2018-02-27,TXN-00006028,71.96,2026-08-06 01:41:39.368897
6030,6029,UPI,Completed,2017-11-21,TXN-00006029,18.48,2026-08-06 01:41:39.368897
6031,6030,Debit Card,Completed,2017-11-15,TXN-00006030,9.84,2026-08-06 01:41:39.368897
6032,6031,Debit Card,Completed,2018-07-10,TXN-00006031,239.24,2026-08-06 01:41:39.368897
6033,6032,Wallet,Completed,2017-12-25,TXN-00006032,21.12,2026-08-06 01:41:39.368897
6034,6033,UPI,Pending,2018-04-25,TXN-00006033,54.9,2026-08-06 01:41:39.368897
6035,6034,UPI,Completed,2016-12-18,TXN-00006034,15.24,2026-08-06 01:41:39.368897
6036,6035,Net Banking,Completed,2016-04-23,TXN-00006035,19.57,2026-08-06 01:41:39.368897
6037,6036,Credit Card,Completed,2016-04-20,TXN-00006036,310.39,2026-08-06 01:41:39.368897
6038,6037,Net Banking,Completed,2017-09-07,TXN-00006037,42.6,2026-08-06 01:41:39.368897
6039,6038,Debit Card,Completed,2017-09-07,TXN-00006038,113.94,2026-08-06 01:41:39.368897
6040,6039,UPI,Completed,2017-09-04,TXN-00006039,129.92,2026-08-06 01:41:39.368897
6041,6040,Debit Card,Pending,2017-09-04,TXN-00006040,5.28,2026-08-06 01:41:39.368897
6042,6041,Debit Card,Completed,2018-09-28,TXN-00006041,859.2,2026-08-06 01:41:39.368897
6043,6042,UPI,Completed,2018-09-24,TXN-00006042,506.28,2026-08-06 01:41:39.368897
6044,6043,Credit Card,Pending,2017-02-05,TXN-00006043,14.37,2026-08-06 01:41:39.368897
6045,6044,UPI,Completed,2018-05-20,TXN-00006044,314.35,2026-08-06 01:41:39.368897
6046,6045,Wallet,Completed,2018-05-19,TXN-00006045,27.89,2026-08-06 01:41:39.368897
6047,6046,Cash,Completed,2016-09-06,TXN-00006046,238.15,2026-08-06 01:41:39.368897
6048,6047,Net Banking,Completed,2017-06-10,TXN-00006047,692.94,2026-08-06 01:41:39.368897
6049,6048,Credit Card,Completed,2016-11-10,TXN-00006048,16.15,2026-08-06 01:41:39.368897
6050,6049,Wallet,Completed,2016-11-10,TXN-00006049,1345.49,2026-08-06 01:41:39.368897
6051,6050,Credit Card,Completed,2017-06-16,TXN-00006050,173.49,2026-08-06 01:41:39.368897
6052,6051,Credit Card,Completed,2016-04-28,TXN-00006051,57.75,2026-08-06 01:41:39.368897
6053,6052,Debit Card,Completed,2016-04-29,TXN-00006052,272.4,2026-08-06 01:41:39.368897
6054,6053,Credit Card,Completed,2017-09-26,TXN-00006053,11.95,2026-08-06 01:41:39.368897
6055,6054,Credit Card,Completed,2017-09-23,TXN-00006054,28.0,2026-08-06 01:41:39.368897
6056,6055,Wallet,Completed,2017-09-25,TXN-00006055,12.2,2026-08-06 01:41:39.368897
6057,6056,Cash,Completed,2017-08-22,TXN-00006056,2.07,2026-08-06 01:41:39.368897
6058,6057,Net Banking,Completed,2017-08-20,TXN-00006057,83.84,2026-08-06 01:41:39.368897
6059,6058,Debit Card,Completed,2015-03-04,TXN-00006058,11.36,2026-08-06 01:41:39.368897
6060,6059,Cash,Completed,2015-03-05,TXN-00006059,36.4,2026-08-06 01:41:39.368897
6061,6060,UPI,Completed,2015-12-31,TXN-00006060,27.97,2026-08-06 01:41:39.368897
6062,6061,Wallet,Pending,2016-04-12,TXN-00006061,142.04,2026-08-06 01:41:39.368897
6063,6062,Debit Card,Completed,2016-04-14,TXN-00006062,14.67,2026-08-06 01:41:39.368897
6064,6063,UPI,Completed,2016-12-29,TXN-00006063,1199.96,2026-08-06 01:41:39.368897
6065,6064,Debit Card,Completed,2016-12-26,TXN-00006064,12.6,2026-08-06 01:41:39.368897
6066,6065,Credit Card,Pending,2016-12-25,TXN-00006065,17.94,2026-08-06 01:41:39.368897
6067,6066,Debit Card,Completed,2016-04-07,TXN-00006066,23.9,2026-08-06 01:41:39.368897
6068,6067,Net Banking,Completed,2016-01-19,TXN-00006067,88.96,2026-08-06 01:41:39.368897
6069,6068,Debit Card,Pending,2018-05-23,TXN-00006068,518.27,2026-08-06 01:41:39.368897
6070,6069,Wallet,Completed,2018-05-24,TXN-00006069,6.98,2026-08-06 01:41:39.368897
6071,6070,Wallet,Pending,2018-05-23,TXN-00006070,343.2,2026-08-06 01:41:39.368897
6072,6071,Credit Card,Completed,2018-08-15,TXN-00006071,17.54,2026-08-06 01:41:39.368897
6073,6072,Net Banking,Completed,2017-01-04,TXN-00006072,152.69,2026-08-06 01:41:39.368897
6074,6073,Net Banking,Completed,2017-01-02,TXN-00006073,3.49,2026-08-06 01:41:39.368897
6075,6074,Net Banking,Completed,2017-01-02,TXN-00006074,5.89,2026-08-06 01:41:39.368897
6076,6075,Debit Card,Completed,2018-12-27,TXN-00006075,153.55,2026-08-06 01:41:39.368897
6077,6076,UPI,Completed,2018-12-28,TXN-00006076,270.62,2026-08-06 01:41:39.368897
6078,6077,Cash,Completed,2017-09-04,TXN-00006077,468.9,2026-08-06 01:41:39.368897
6079,6078,Wallet,Completed,2017-09-04,TXN-00006078,72.48,2026-08-06 01:41:39.368897
6080,6079,Net Banking,Completed,2017-09-01,TXN-00006079,10.95,2026-08-06 01:41:39.368897
6081,6080,Credit Card,Completed,2017-09-02,TXN-00006080,191.82,2026-08-06 01:41:39.368897
6082,6081,Wallet,Completed,2018-08-06,TXN-00006081,151.06,2026-08-06 01:41:39.368897
6083,6082,Net Banking,Completed,2015-02-22,TXN-00006082,25.16,2026-08-06 01:41:39.368897
6084,6083,Debit Card,Pending,2017-11-22,TXN-00006083,6.22,2026-08-06 01:41:39.368897
6085,6084,Credit Card,Completed,2017-11-26,TXN-00006084,23.62,2026-08-06 01:41:39.368897
6086,6085,Cash,Completed,2017-11-22,TXN-00006085,24.03,2026-08-06 01:41:39.368897
6087,6086,Net Banking,Completed,2017-11-24,TXN-00006086,2.09,2026-08-06 01:41:39.368897
6088,6087,Credit Card,Completed,2017-11-24,TXN-00006087,4.49,2026-08-06 01:41:39.368897
6089,6088,Net Banking,Completed,2016-12-16,TXN-00006088,29.22,2026-08-06 01:41:39.368897
6090,6089,Wallet,Completed,2016-06-15,TXN-00006089,6.48,2026-08-06 01:41:39.368897
6091,6090,UPI,Completed,2019-01-01,TXN-00006090,1.19,2026-08-06 01:41:39.368897
6092,6091,Net Banking,Completed,2018-09-20,TXN-00006091,272.65,2026-08-06 01:41:39.368897
6093,6092,Debit Card,Completed,2018-09-23,TXN-00006092,212.8,2026-08-06 01:41:39.368897
6094,6093,Debit Card,Completed,2018-09-22,TXN-00006093,38.52,2026-08-06 01:41:39.368897
6095,6094,UPI,Completed,2018-09-24,TXN-00006094,72.64,2026-08-06 01:41:39.368897
6096,6095,Net Banking,Completed,2018-09-22,TXN-00006095,45.4,2026-08-06 01:41:39.368897
6097,6096,Cash,Completed,2018-09-24,TXN-00006096,13.76,2026-08-06 01:41:39.368897
6098,6097,Wallet,Completed,2018-09-20,TXN-00006097,80.99,2026-08-06 01:41:39.368897
6099,6098,Cash,Completed,2018-09-21,TXN-00006098,11.78,2026-08-06 01:41:39.368897
6100,6099,Wallet,Completed,2018-09-22,TXN-00006099,4.36,2026-08-06 01:41:39.368897
6101,6100,Cash,Completed,2018-09-24,TXN-00006100,2888.13,2026-08-06 01:41:39.368897
6102,6101,Wallet,Completed,2018-09-22,TXN-00006101,1299.66,2026-08-06 01:41:39.368897
6103,6102,Net Banking,Completed,2018-09-24,TXN-00006102,2254.41,2026-08-06 01:41:39.368897
6104,6103,Net Banking,Completed,2018-09-22,TXN-00006103,104.85,2026-08-06 01:41:39.368897
6105,6104,Wallet,Completed,2018-09-21,TXN-00006104,59.97,2026-08-06 01:41:39.368897
6106,6105,Wallet,Completed,2018-08-25,TXN-00006105,314.53,2026-08-06 01:41:39.368897
6107,6106,Cash,Completed,2016-06-22,TXN-00006106,13.63,2026-08-06 01:41:39.368897
6108,6107,Cash,Completed,2015-12-24,TXN-00006107,19.43,2026-08-06 01:41:39.368897
6109,6108,UPI,Completed,2015-12-20,TXN-00006108,65.44,2026-08-06 01:41:39.368897
6110,6109,Net Banking,Completed,2017-09-11,TXN-00006109,6.0,2026-08-06 01:41:39.368897
6111,6110,Net Banking,Completed,2017-09-12,TXN-00006110,1.91,2026-08-06 01:41:39.368897
6112,6111,Cash,Completed,2017-11-13,TXN-00006111,1474.8,2026-08-06 01:41:39.368897
6113,6112,Net Banking,Completed,2017-11-16,TXN-00006112,110.1,2026-08-06 01:41:39.368897
6114,6113,UPI,Completed,2017-11-13,TXN-00006113,16.75,2026-08-06 01:41:39.368897
6115,6114,Wallet,Completed,2017-11-15,TXN-00006114,1537.07,2026-08-06 01:41:39.368897
6116,6115,UPI,Completed,2017-11-14,TXN-00006115,449.37,2026-08-06 01:41:39.368897
6117,6116,Wallet,Completed,2017-03-18,TXN-00006116,41.9,2026-08-06 01:41:39.368897
6118,6117,Wallet,Completed,2017-11-17,TXN-00006117,2279.96,2026-08-06 01:41:39.368897
6119,6118,Wallet,Completed,2017-11-16,TXN-00006118,14.94,2026-08-06 01:41:39.368897
6120,6119,Cash,Completed,2018-09-20,TXN-00006119,191.98,2026-08-06 01:41:39.368897
6121,6120,Wallet,Completed,2018-09-21,TXN-00006120,23.83,2026-08-06 01:41:39.368897
6122,6121,Cash,Completed,2018-09-23,TXN-00006121,409.22,2026-08-06 01:41:39.368897
6123,6122,Debit Card,Pending,2018-09-22,TXN-00006122,72.59,2026-08-06 01:41:39.368897
6124,6123,UPI,Completed,2018-12-06,TXN-00006123,61.57,2026-08-06 01:41:39.368897
6125,6124,Debit Card,Completed,2016-09-02,TXN-00006124,20.96,2026-08-06 01:41:39.368897
6126,6125,Net Banking,Pending,2018-06-04,TXN-00006125,44.75,2026-08-06 01:41:39.368897
6127,6126,Net Banking,Completed,2018-06-03,TXN-00006126,11.96,2026-08-06 01:41:39.368897
6128,6127,Debit Card,Completed,2018-06-06,TXN-00006127,3.91,2026-08-06 01:41:39.368897
6129,6128,UPI,Completed,2017-04-03,TXN-00006128,328.0,2026-08-06 01:41:39.368897
6130,6129,UPI,Completed,2015-10-27,TXN-00006129,49.41,2026-08-06 01:41:39.368897
6131,6130,Debit Card,Completed,2018-03-29,TXN-00006130,53.25,2026-08-06 01:41:39.368897
6132,6131,UPI,Completed,2018-03-27,TXN-00006131,3.76,2026-08-06 01:41:39.368897
6133,6132,UPI,Completed,2015-12-29,TXN-00006132,767.21,2026-08-06 01:41:39.368897
6134,6133,Credit Card,Completed,2018-09-19,TXN-00006133,163.96,2026-08-06 01:41:39.368897
6135,6134,UPI,Completed,2017-08-16,TXN-00006134,161.28,2026-08-06 01:41:39.368897
6136,6135,Cash,Completed,2017-11-05,TXN-00006135,192.8,2026-08-06 01:41:39.368897
6137,6136,UPI,Completed,2016-10-19,TXN-00006136,27.7,2026-08-06 01:41:39.368897
6138,6137,Credit Card,Completed,2016-10-19,TXN-00006137,73.16,2026-08-06 01:41:39.368897
6139,6138,Credit Card,Completed,2017-11-01,TXN-00006138,32.06,2026-08-06 01:41:39.368897
6140,6139,Debit Card,Completed,2015-04-02,TXN-00006139,205.67,2026-08-06 01:41:39.368897
6141,6140,Cash,Completed,2016-04-22,TXN-00006140,115.44,2026-08-06 01:41:39.368897
6142,6141,Credit Card,Completed,2018-07-11,TXN-00006141,274.8,2026-08-06 01:41:39.368897
6143,6142,Debit Card,Completed,2018-07-11,TXN-00006142,195.64,2026-08-06 01:41:39.368897
6144,6143,Debit Card,Completed,2018-07-13,TXN-00006143,257.98,2026-08-06 01:41:39.368897
6145,6144,Cash,Pending,2018-07-12,TXN-00006144,119.04,2026-08-06 01:41:39.368897
6146,6145,Cash,Completed,2018-06-27,TXN-00006145,20.07,2026-08-06 01:41:39.368897
6147,6146,UPI,Completed,2015-12-23,TXN-00006146,11.76,2026-08-06 01:41:39.368897
6148,6147,UPI,Completed,2018-11-25,TXN-00006147,11.76,2026-08-06 01:41:39.368897
6149,6148,Debit Card,Completed,2018-11-23,TXN-00006148,40.74,2026-08-06 01:41:39.368897
6150,6149,Cash,Completed,2017-06-29,TXN-00006149,201.58,2026-08-06 01:41:39.368897
6151,6150,Debit Card,Completed,2018-12-28,TXN-00006150,340.7,2026-08-06 01:41:39.368897
6152,6151,Net Banking,Completed,2017-04-09,TXN-00006151,354.9,2026-08-06 01:41:39.368897
6153,6152,Cash,Completed,2015-03-22,TXN-00006152,1198.33,2026-08-06 01:41:39.368897
6154,6153,UPI,Completed,2018-07-04,TXN-00006153,87.92,2026-08-06 01:41:39.368897
6155,6154,Cash,Completed,2018-04-21,TXN-00006154,51.97,2026-08-06 01:41:39.368897
6156,6155,UPI,Completed,2018-04-20,TXN-00006155,51.34,2026-08-06 01:41:39.368897
6157,6156,UPI,Completed,2018-04-23,TXN-00006156,332.7,2026-08-06 01:41:39.368897
6158,6157,Wallet,Completed,2018-04-23,TXN-00006157,42.41,2026-08-06 01:41:39.368897
6159,6158,Debit Card,Completed,2017-08-04,TXN-00006158,81.54,2026-08-06 01:41:39.368897
6160,6159,Credit Card,Completed,2017-08-04,TXN-00006159,167.28,2026-08-06 01:41:39.368897
6161,6160,Cash,Completed,2017-12-05,TXN-00006160,772.68,2026-08-06 01:41:39.368897
6162,6161,Net Banking,Completed,2015-03-19,TXN-00006161,323.98,2026-08-06 01:41:39.368897
6163,6162,Wallet,Completed,2015-03-23,TXN-00006162,11.81,2026-08-06 01:41:39.368897
6164,6163,Wallet,Completed,2015-03-20,TXN-00006163,26.16,2026-08-06 01:41:39.368897
6165,6164,Cash,Completed,2015-03-19,TXN-00006164,33.57,2026-08-06 01:41:39.368897
6166,6165,UPI,Completed,2015-03-21,TXN-00006165,4.99,2026-08-06 01:41:39.368897
6167,6166,Debit Card,Pending,2015-03-20,TXN-00006166,20.02,2026-08-06 01:41:39.368897
6168,6167,Wallet,Completed,2015-03-22,TXN-00006167,170.24,2026-08-06 01:41:39.368897
6169,6168,Net Banking,Completed,2016-04-20,TXN-00006168,117.46,2026-08-06 01:41:39.368897
6170,6169,Cash,Completed,2016-09-21,TXN-00006169,22.96,2026-08-06 01:41:39.368897
6171,6170,UPI,Completed,2015-08-31,TXN-00006170,13.36,2026-08-06 01:41:39.368897
6172,6171,Net Banking,Completed,2017-12-20,TXN-00006171,34.25,2026-08-06 01:41:39.368897
6173,6172,Debit Card,Completed,2017-12-19,TXN-00006172,3.52,2026-08-06 01:41:39.368897
6174,6173,Cash,Completed,2015-08-02,TXN-00006173,26.7,2026-08-06 01:41:39.368897
6175,6174,Cash,Completed,2015-08-05,TXN-00006174,21.2,2026-08-06 01:41:39.368897
6176,6175,Wallet,Completed,2015-08-05,TXN-00006175,838.38,2026-08-06 01:41:39.368897
6177,6176,Net Banking,Completed,2016-09-22,TXN-00006176,1690.04,2026-08-06 01:41:39.368897
6178,6177,Cash,Completed,2016-09-25,TXN-00006177,85.96,2026-08-06 01:41:39.368897
6179,6178,Cash,Completed,2016-09-25,TXN-00006178,121.96,2026-08-06 01:41:39.368897
6180,6179,Net Banking,Completed,2016-09-24,TXN-00006179,23.92,2026-08-06 01:41:39.368897
6181,6180,Debit Card,Completed,2016-09-23,TXN-00006180,63.96,2026-08-06 01:41:39.368897
6182,6181,Debit Card,Completed,2016-09-24,TXN-00006181,629.95,2026-08-06 01:41:39.368897
6183,6182,Net Banking,Completed,2016-09-22,TXN-00006182,113.73,2026-08-06 01:41:39.368897
6184,6183,Credit Card,Completed,2016-09-22,TXN-00006183,14.6,2026-08-06 01:41:39.368897
6185,6184,UPI,Completed,2016-09-22,TXN-00006184,887.84,2026-08-06 01:41:39.368897
6186,6185,UPI,Completed,2017-12-14,TXN-00006185,403.92,2026-08-06 01:41:39.368897
6187,6186,Net Banking,Completed,2016-08-07,TXN-00006186,106.8,2026-08-06 01:41:39.368897
6188,6187,UPI,Completed,2016-11-18,TXN-00006187,70.95,2026-08-06 01:41:39.368897
6189,6188,UPI,Completed,2016-11-15,TXN-00006188,34.94,2026-08-06 01:41:39.368897
6190,6189,Net Banking,Completed,2016-11-19,TXN-00006189,119.04,2026-08-06 01:41:39.368897
6191,6190,Cash,Completed,2018-04-08,TXN-00006190,383.84,2026-08-06 01:41:39.368897
6192,6191,Cash,Completed,2017-12-28,TXN-00006191,799.56,2026-08-06 01:41:39.368897
6193,6192,Net Banking,Completed,2018-12-14,TXN-00006192,31.44,2026-08-06 01:41:39.368897
6194,6193,Cash,Completed,2018-12-24,TXN-00006193,25.92,2026-08-06 01:41:39.368897
6195,6194,UPI,Completed,2018-12-26,TXN-00006194,6.33,2026-08-06 01:41:39.368897
6196,6195,UPI,Completed,2018-12-26,TXN-00006195,75.88,2026-08-06 01:41:39.368897
6197,6196,Wallet,Completed,2018-10-25,TXN-00006196,329.99,2026-08-06 01:41:39.368897
6198,6197,Cash,Completed,2018-10-24,TXN-00006197,71.38,2026-08-06 01:41:39.368897
6199,6198,Wallet,Completed,2016-11-13,TXN-00006198,63.77,2026-08-06 01:41:39.368897
6200,6199,Credit Card,Pending,2016-11-17,TXN-00006199,50.97,2026-08-06 01:41:39.368897
6201,6200,Credit Card,Pending,2016-11-17,TXN-00006200,96.08,2026-08-06 01:41:39.368897
6202,6201,UPI,Completed,2016-04-16,TXN-00006201,1439.97,2026-08-06 01:41:39.368897
6203,6202,Wallet,Completed,2016-04-17,TXN-00006202,43.56,2026-08-06 01:41:39.368897
6204,6203,UPI,Completed,2017-12-18,TXN-00006203,563.92,2026-08-06 01:41:39.368897
6205,6204,Cash,Completed,2017-10-25,TXN-00006204,235.15,2026-08-06 01:41:39.368897
6206,6205,Net Banking,Completed,2018-12-04,TXN-00006205,7.71,2026-08-06 01:41:39.368897
6207,6206,Credit Card,Completed,2017-10-20,TXN-00006206,51.02,2026-08-06 01:41:39.368897
6208,6207,UPI,Completed,2017-10-21,TXN-00006207,25.25,2026-08-06 01:41:39.368897
6209,6208,Debit Card,Completed,2017-10-22,TXN-00006208,56.69,2026-08-06 01:41:39.368897
6210,6209,Wallet,Completed,2018-10-01,TXN-00006209,51.17,2026-08-06 01:41:39.368897
6211,6210,UPI,Completed,2018-08-21,TXN-00006210,2793.53,2026-08-06 01:41:39.368897
6212,6211,Debit Card,Completed,2018-08-21,TXN-00006211,1000.02,2026-08-06 01:41:39.368897
6213,6212,Debit Card,Completed,2018-08-21,TXN-00006212,65.94,2026-08-06 01:41:39.368897
6214,6213,Credit Card,Completed,2018-11-14,TXN-00006213,18.24,2026-08-06 01:41:39.368897
6215,6214,Wallet,Completed,2018-11-16,TXN-00006214,76.12,2026-08-06 01:41:39.368897
6216,6215,Wallet,Completed,2015-10-13,TXN-00006215,7.64,2026-08-06 01:41:39.368897
6217,6216,Credit Card,Completed,2016-11-28,TXN-00006216,68.16,2026-08-06 01:41:39.368897
6218,6217,Credit Card,Completed,2016-11-30,TXN-00006217,62.24,2026-08-06 01:41:39.368897
6219,6218,Wallet,Completed,2016-07-29,TXN-00006218,29.97,2026-08-06 01:41:39.368897
6220,6219,Credit Card,Completed,2017-10-24,TXN-00006219,125.7,2026-08-06 01:41:39.368897
6221,6220,Cash,Completed,2017-10-24,TXN-00006220,191.98,2026-08-06 01:41:39.368897
6222,6221,Credit Card,Completed,2017-10-20,TXN-00006221,20.86,2026-08-06 01:41:39.368897
6223,6222,Cash,Completed,2018-09-16,TXN-00006222,56.7,2026-08-06 01:41:39.368897
6224,6223,Wallet,Completed,2018-12-25,TXN-00006223,72.7,2026-08-06 01:41:39.368897
6225,6224,Debit Card,Completed,2018-12-26,TXN-00006224,12.26,2026-08-06 01:41:39.368897
6226,6225,Wallet,Completed,2018-12-23,TXN-00006225,218.35,2026-08-06 01:41:39.368897
6227,6226,Debit Card,Completed,2016-10-05,TXN-00006226,66.29,2026-08-06 01:41:39.368897
6228,6227,Cash,Completed,2016-10-05,TXN-00006227,291.17,2026-08-06 01:41:39.368897
6229,6228,UPI,Completed,2015-11-05,TXN-00006228,88.78,2026-08-06 01:41:39.368897
6230,6229,Net Banking,Completed,2017-01-23,TXN-00006229,110.38,2026-08-06 01:41:39.368897
6231,6230,UPI,Completed,2017-01-23,TXN-00006230,55.18,2026-08-06 01:41:39.368897
6232,6231,Debit Card,Completed,2018-07-14,TXN-00006231,30.32,2026-08-06 01:41:39.368897
6233,6232,Cash,Completed,2018-09-12,TXN-00006232,177.57,2026-08-06 01:41:39.368897
6234,6233,Wallet,Completed,2018-09-15,TXN-00006233,19.44,2026-08-06 01:41:39.368897
6235,6234,Credit Card,Completed,2018-09-12,TXN-00006234,71.28,2026-08-06 01:41:39.368897
6236,6235,Net Banking,Completed,2018-09-13,TXN-00006235,1471.96,2026-08-06 01:41:39.368897
6237,6236,UPI,Completed,2018-09-15,TXN-00006236,79.96,2026-08-06 01:41:39.368897
6238,6237,Debit Card,Completed,2017-02-27,TXN-00006237,57.58,2026-08-06 01:41:39.368897
6239,6238,Net Banking,Completed,2017-01-25,TXN-00006238,26.34,2026-08-06 01:41:39.368897
6240,6239,Debit Card,Completed,2016-12-16,TXN-00006239,166.5,2026-08-06 01:41:39.368897
6241,6240,UPI,Completed,2016-12-15,TXN-00006240,360.38,2026-08-06 01:41:39.368897
6242,6241,UPI,Completed,2017-10-30,TXN-00006241,11.74,2026-08-06 01:41:39.368897
6243,6242,Wallet,Completed,2018-05-28,TXN-00006242,247.44,2026-08-06 01:41:39.368897
6244,6243,Net Banking,Completed,2015-12-24,TXN-00006243,18.24,2026-08-06 01:41:39.368897
6245,6244,Cash,Completed,2017-11-25,TXN-00006244,25.35,2026-08-06 01:41:39.368897
6246,6245,Debit Card,Pending,2016-11-24,TXN-00006245,119.04,2026-08-06 01:41:39.368897
6247,6246,UPI,Completed,2016-11-22,TXN-00006246,22.14,2026-08-06 01:41:39.368897
6248,6247,Credit Card,Completed,2016-11-23,TXN-00006247,13.98,2026-08-06 01:41:39.368897
6249,6248,UPI,Completed,2018-06-02,TXN-00006248,43.41,2026-08-06 01:41:39.368897
6250,6249,Net Banking,Completed,2018-06-01,TXN-00006249,6.24,2026-08-06 01:41:39.368897
6251,6250,Wallet,Completed,2018-06-01,TXN-00006250,465.16,2026-08-06 01:41:39.368897
6252,6251,Credit Card,Completed,2018-06-02,TXN-00006251,7.98,2026-08-06 01:41:39.368897
6253,6252,Cash,Completed,2015-12-03,TXN-00006252,2.39,2026-08-06 01:41:39.368897
6254,6253,Credit Card,Completed,2015-04-10,TXN-00006253,58.32,2026-08-06 01:41:39.368897
6255,6254,Net Banking,Completed,2015-04-09,TXN-00006254,200.97,2026-08-06 01:41:39.368897
6256,6255,Wallet,Completed,2016-09-08,TXN-00006255,21.36,2026-08-06 01:41:39.368897
6257,6256,UPI,Completed,2018-09-12,TXN-00006256,9.86,2026-08-06 01:41:39.368897
6258,6257,Wallet,Completed,2016-09-08,TXN-00006257,3.44,2026-08-06 01:41:39.368897
6259,6258,Wallet,Completed,2018-11-03,TXN-00006258,384.59,2026-08-06 01:41:39.368897
6260,6259,Debit Card,Pending,2016-04-01,TXN-00006259,22.92,2026-08-06 01:41:39.368897
6261,6260,UPI,Completed,2016-08-14,TXN-00006260,11.36,2026-08-06 01:41:39.368897
6262,6261,Credit Card,Completed,2016-05-12,TXN-00006261,14.59,2026-08-06 01:41:39.368897
6263,6262,Cash,Completed,2018-07-24,TXN-00006262,41.4,2026-08-06 01:41:39.368897
6264,6263,Wallet,Completed,2017-09-26,TXN-00006263,442.37,2026-08-06 01:41:39.368897
6265,6264,Cash,Completed,2018-05-06,TXN-00006264,34.5,2026-08-06 01:41:39.368897
6266,6265,Debit Card,Completed,2017-10-07,TXN-00006265,28.85,2026-08-06 01:41:39.368897
6267,6266,Credit Card,Completed,2015-11-04,TXN-00006266,3.49,2026-08-06 01:41:39.368897
6268,6267,Wallet,Completed,2015-11-06,TXN-00006267,143.86,2026-08-06 01:41:39.368897
6269,6268,Wallet,Completed,2016-10-02,TXN-00006268,311.98,2026-08-06 01:41:39.368897
6270,6269,Wallet,Completed,2016-10-05,TXN-00006269,22.45,2026-08-06 01:41:39.368897
6271,6270,Debit Card,Completed,2018-12-02,TXN-00006270,39.99,2026-08-06 01:41:39.368897
6272,6271,Credit Card,Completed,2018-12-04,TXN-00006271,1159.06,2026-08-06 01:41:39.368897
6273,6272,Cash,Completed,2018-12-03,TXN-00006272,179.9,2026-08-06 01:41:39.368897
6274,6273,Net Banking,Completed,2018-12-15,TXN-00006273,116.31,2026-08-06 01:41:39.368897
6275,6274,Debit Card,Completed,2017-07-20,TXN-00006274,12.42,2026-08-06 01:41:39.368897
6276,6275,Credit Card,Completed,2017-07-19,TXN-00006275,428.4,2026-08-06 01:41:39.368897
6277,6276,UPI,Completed,2017-07-17,TXN-00006276,24.75,2026-08-06 01:41:39.368897
6278,6277,Wallet,Completed,2017-07-21,TXN-00006277,87.71,2026-08-06 01:41:39.368897
6279,6278,UPI,Completed,2017-07-18,TXN-00006278,69.52,2026-08-06 01:41:39.368897
6280,6279,Net Banking,Completed,2017-07-17,TXN-00006279,20.78,2026-08-06 01:41:39.368897
6281,6280,Net Banking,Completed,2017-07-19,TXN-00006280,12.82,2026-08-06 01:41:39.368897
6282,6281,Credit Card,Completed,2018-05-14,TXN-00006281,5.9,2026-08-06 01:41:39.368897
6283,6282,Net Banking,Completed,2016-11-21,TXN-00006282,63.82,2026-08-06 01:41:39.368897
6284,6283,Debit Card,Completed,2016-11-23,TXN-00006283,141.55,2026-08-06 01:41:39.368897
6285,6284,Net Banking,Completed,2017-09-26,TXN-00006284,304.9,2026-08-06 01:41:39.368897
6286,6285,Debit Card,Completed,2017-09-25,TXN-00006285,563.24,2026-08-06 01:41:39.368897
6287,6286,Credit Card,Completed,2017-10-21,TXN-00006286,661.18,2026-08-06 01:41:39.368897
6288,6287,Credit Card,Completed,2017-10-25,TXN-00006287,239.98,2026-08-06 01:41:39.368897
6289,6288,Credit Card,Completed,2015-07-12,TXN-00006288,502.49,2026-08-06 01:41:39.368897
6290,6289,Net Banking,Completed,2015-07-08,TXN-00006289,196.7,2026-08-06 01:41:39.368897
6291,6290,Debit Card,Completed,2016-03-14,TXN-00006290,915.14,2026-08-06 01:41:39.368897
6292,6291,Wallet,Completed,2016-03-14,TXN-00006291,327.76,2026-08-06 01:41:39.368897
6293,6292,Cash,Completed,2018-12-05,TXN-00006292,701.96,2026-08-06 01:41:39.368897
6294,6293,Debit Card,Completed,2016-04-23,TXN-00006293,88.78,2026-08-06 01:41:39.368897
6295,6294,Credit Card,Completed,2016-04-25,TXN-00006294,64.14,2026-08-06 01:41:39.368897
6296,6295,Wallet,Completed,2015-09-20,TXN-00006295,33.55,2026-08-06 01:41:39.368897
6297,6296,UPI,Completed,2015-12-29,TXN-00006296,1737.18,2026-08-06 01:41:39.368897
6298,6297,Credit Card,Completed,2015-12-29,TXN-00006297,704.25,2026-08-06 01:41:39.368897
6299,6298,Cash,Completed,2015-12-31,TXN-00006298,141.76,2026-08-06 01:41:39.368897
6300,6299,Debit Card,Completed,2015-10-22,TXN-00006299,36.36,2026-08-06 01:41:39.368897
6301,6300,Wallet,Pending,2018-11-30,TXN-00006300,25.83,2026-08-06 01:41:39.368897
6302,6301,Debit Card,Completed,2015-06-09,TXN-00006301,24.59,2026-08-06 01:41:39.368897
6303,6302,Wallet,Completed,2015-06-08,TXN-00006302,13.98,2026-08-06 01:41:39.368897
6304,6303,Net Banking,Completed,2018-11-25,TXN-00006303,195.96,2026-08-06 01:41:39.368897
6305,6304,UPI,Completed,2018-06-20,TXN-00006304,74.35,2026-08-06 01:41:39.368897
6306,6305,UPI,Completed,2018-05-05,TXN-00006305,6.68,2026-08-06 01:41:39.368897
6307,6306,UPI,Completed,2017-11-05,TXN-00006306,17.58,2026-08-06 01:41:39.368897
6308,6307,Cash,Completed,2017-11-05,TXN-00006307,104.78,2026-08-06 01:41:39.368897
6309,6308,Cash,Completed,2017-11-04,TXN-00006308,47.95,2026-08-06 01:41:39.368897
6310,6309,Debit Card,Completed,2017-11-06,TXN-00006309,650.35,2026-08-06 01:41:39.368897
6311,6310,UPI,Completed,2017-11-06,TXN-00006310,629.18,2026-08-06 01:41:39.368897
6312,6311,Cash,Completed,2017-11-07,TXN-00006311,15.18,2026-08-06 01:41:39.368897
6313,6312,Net Banking,Completed,2015-09-14,TXN-00006312,127.95,2026-08-06 01:41:39.368897
6314,6313,UPI,Completed,2018-02-19,TXN-00006313,579.51,2026-08-06 01:41:39.368897
6315,6314,Wallet,Completed,2018-02-19,TXN-00006314,14.99,2026-08-06 01:41:39.368897
6316,6315,Credit Card,Completed,2015-11-26,TXN-00006315,151.92,2026-08-06 01:41:39.368897
6317,6316,Cash,Completed,2015-11-26,TXN-00006316,196.62,2026-08-06 01:41:39.368897
6318,6317,Wallet,Completed,2015-11-24,TXN-00006317,144.12,2026-08-06 01:41:39.368897
6319,6318,UPI,Completed,2015-11-24,TXN-00006318,15.96,2026-08-06 01:41:39.368897
6320,6319,Net Banking,Completed,2018-11-29,TXN-00006319,39.96,2026-08-06 01:41:39.368897
6321,6320,Credit Card,Completed,2018-11-29,TXN-00006320,34.08,2026-08-06 01:41:39.368897
6322,6321,UPI,Completed,2018-10-02,TXN-00006321,10.37,2026-08-06 01:41:39.368897
6323,6322,Cash,Completed,2015-10-13,TXN-00006322,7.75,2026-08-06 01:41:39.368897
6324,6323,Wallet,Completed,2015-06-03,TXN-00006323,15.28,2026-08-06 01:41:39.368897
6325,6324,Debit Card,Completed,2015-06-20,TXN-00006324,65.97,2026-08-06 01:41:39.368897
6326,6325,Net Banking,Completed,2016-10-29,TXN-00006325,33.4,2026-08-06 01:41:39.368897
6327,6326,Debit Card,Completed,2016-11-02,TXN-00006326,210.84,2026-08-06 01:41:39.368897
6328,6327,UPI,Completed,2015-01-23,TXN-00006327,13.98,2026-08-06 01:41:39.368897
6329,6328,UPI,Completed,2015-01-24,TXN-00006328,272.94,2026-08-06 01:41:39.368897
6330,6329,Credit Card,Completed,2015-01-21,TXN-00006329,19.05,2026-08-06 01:41:39.368897
6331,6330,Net Banking,Completed,2015-01-22,TXN-00006330,247.72,2026-08-06 01:41:39.368897
6332,6331,UPI,Completed,2015-01-21,TXN-00006331,66.58,2026-08-06 01:41:39.368897
6333,6332,Wallet,Completed,2015-01-22,TXN-00006332,43.92,2026-08-06 01:41:39.368897
6334,6333,UPI,Completed,2015-01-23,TXN-00006333,14.73,2026-08-06 01:41:39.368897
6335,6334,Net Banking,Completed,2015-01-24,TXN-00006334,29.7,2026-08-06 01:41:39.368897
6336,6335,Wallet,Completed,2015-07-11,TXN-00006335,49.12,2026-08-06 01:41:39.368897
6337,6336,Wallet,Completed,2015-07-12,TXN-00006336,18.28,2026-08-06 01:41:39.368897
6338,6337,UPI,Completed,2017-09-01,TXN-00006337,47.04,2026-08-06 01:41:39.368897
6339,6338,Wallet,Pending,2017-09-03,TXN-00006338,339.96,2026-08-06 01:41:39.368897
6340,6339,Debit Card,Completed,2018-10-09,TXN-00006339,87.8,2026-08-06 01:41:39.368897
6341,6340,Wallet,Completed,2018-10-06,TXN-00006340,221.38,2026-08-06 01:41:39.368897
6342,6341,Cash,Completed,2018-10-05,TXN-00006341,5199.96,2026-08-06 01:41:39.368897
6343,6342,Debit Card,Completed,2018-01-03,TXN-00006342,156.51,2026-08-06 01:41:39.368897
6344,6343,Credit Card,Completed,2016-03-10,TXN-00006343,119.85,2026-08-06 01:41:39.368897
6345,6344,Debit Card,Completed,2016-03-08,TXN-00006344,30.44,2026-08-06 01:41:39.368897
6346,6345,Debit Card,Completed,2016-03-08,TXN-00006345,69.28,2026-08-06 01:41:39.368897
6347,6346,UPI,Completed,2016-03-10,TXN-00006346,587.97,2026-08-06 01:41:39.368897
6348,6347,UPI,Completed,2018-10-20,TXN-00006347,24.55,2026-08-06 01:41:39.368897
6349,6348,Wallet,Completed,2016-05-01,TXN-00006348,12.18,2026-08-06 01:41:39.368897
6350,6349,Debit Card,Completed,2016-05-02,TXN-00006349,37.32,2026-08-06 01:41:39.368897
6351,6350,Credit Card,Completed,2016-05-01,TXN-00006350,35.06,2026-08-06 01:41:39.368897
6352,6351,Debit Card,Completed,2018-09-03,TXN-00006351,108.4,2026-08-06 01:41:39.368897
6353,6352,Wallet,Pending,2018-11-06,TXN-00006352,361.38,2026-08-06 01:41:39.368897
6354,6353,Wallet,Completed,2016-09-14,TXN-00006353,2.41,2026-08-06 01:41:39.368897
6355,6354,Credit Card,Completed,2016-09-10,TXN-00006354,8.39,2026-08-06 01:41:39.368897
6356,6355,UPI,Completed,2016-09-10,TXN-00006355,337.98,2026-08-06 01:41:39.368897
6357,6356,Net Banking,Completed,2015-10-08,TXN-00006356,83.92,2026-08-06 01:41:39.368897
6358,6357,UPI,Completed,2018-01-24,TXN-00006357,19.68,2026-08-06 01:41:39.368897
6359,6358,Debit Card,Completed,2018-01-24,TXN-00006358,25.92,2026-08-06 01:41:39.368897
6360,6359,Wallet,Completed,2018-01-25,TXN-00006359,6.48,2026-08-06 01:41:39.368897
6361,6360,Credit Card,Completed,2018-01-25,TXN-00006360,86.35,2026-08-06 01:41:39.368897
6362,6361,Cash,Completed,2016-12-13,TXN-00006361,56.3,2026-08-06 01:41:39.368897
6363,6362,Wallet,Completed,2015-11-27,TXN-00006362,51.02,2026-08-06 01:41:39.368897
6364,6363,UPI,Completed,2018-11-22,TXN-00006363,150.8,2026-08-06 01:41:39.368897
6365,6364,Credit Card,Completed,2018-11-23,TXN-00006364,1039.99,2026-08-06 01:41:39.368897
6366,6365,Cash,Pending,2018-11-23,TXN-00006365,51.84,2026-08-06 01:41:39.368897
6367,6366,Debit Card,Completed,2018-04-08,TXN-00006366,41.22,2026-08-06 01:41:39.368897
6368,6367,Credit Card,Completed,2018-04-06,TXN-00006367,240.37,2026-08-06 01:41:39.368897
6369,6368,Cash,Completed,2018-04-04,TXN-00006368,119.02,2026-08-06 01:41:39.368897
6370,6369,Credit Card,Completed,2018-05-20,TXN-00006369,133.12,2026-08-06 01:41:39.368897
6371,6370,UPI,Completed,2017-10-07,TXN-00006370,38.08,2026-08-06 01:41:39.368897
6372,6371,Wallet,Completed,2017-11-22,TXN-00006371,113.57,2026-08-06 01:41:39.368897
6373,6372,UPI,Completed,2018-10-03,TXN-00006372,83.92,2026-08-06 01:41:39.368897
6374,6373,Cash,Completed,2018-10-06,TXN-00006373,6.63,2026-08-06 01:41:39.368897
6375,6374,Debit Card,Completed,2018-10-03,TXN-00006374,371.97,2026-08-06 01:41:39.368897
6376,6375,Net Banking,Completed,2015-04-30,TXN-00006375,561.58,2026-08-06 01:41:39.368897
6377,6376,Debit Card,Completed,2015-04-30,TXN-00006376,99.92,2026-08-06 01:41:39.368897
6378,6377,UPI,Completed,2017-10-09,TXN-00006377,4.93,2026-08-06 01:41:39.368897
6379,6378,Net Banking,Completed,2017-12-18,TXN-00006378,14.76,2026-08-06 01:41:39.368897
6380,6379,Net Banking,Completed,2018-04-14,TXN-00006379,99.99,2026-08-06 01:41:39.368897
6381,6380,Cash,Completed,2018-04-13,TXN-00006380,286.15,2026-08-06 01:41:39.368897
6382,6381,UPI,Completed,2015-04-12,TXN-00006381,49.79,2026-08-06 01:41:39.368897
6383,6382,UPI,Completed,2017-03-29,TXN-00006382,299.98,2026-08-06 01:41:39.368897
6384,6383,Credit Card,Completed,2017-03-29,TXN-00006383,158.38,2026-08-06 01:41:39.368897
6385,6384,Credit Card,Completed,2018-01-18,TXN-00006384,32.78,2026-08-06 01:41:39.368897
6386,6385,Net Banking,Completed,2018-01-15,TXN-00006385,47.98,2026-08-06 01:41:39.368897
6387,6386,Cash,Completed,2018-01-18,TXN-00006386,62.59,2026-08-06 01:41:39.368897
6388,6387,Credit Card,Completed,2018-01-16,TXN-00006387,4.28,2026-08-06 01:41:39.368897
6389,6388,UPI,Completed,2015-01-30,TXN-00006388,10.56,2026-08-06 01:41:39.368897
6390,6389,Debit Card,Pending,2015-02-01,TXN-00006389,229.94,2026-08-06 01:41:39.368897
6391,6390,Credit Card,Completed,2016-02-07,TXN-00006390,311.15,2026-08-06 01:41:39.368897
6392,6391,Wallet,Completed,2016-02-08,TXN-00006391,12.96,2026-08-06 01:41:39.368897
6393,6392,Wallet,Completed,2017-12-14,TXN-00006392,14.62,2026-08-06 01:41:39.368897
6394,6393,Debit Card,Completed,2017-12-17,TXN-00006393,5.76,2026-08-06 01:41:39.368897
6395,6394,Wallet,Completed,2017-12-15,TXN-00006394,21.48,2026-08-06 01:41:39.368897
6396,6395,Debit Card,Completed,2017-12-17,TXN-00006395,396.92,2026-08-06 01:41:39.368897
6397,6396,Net Banking,Completed,2017-12-16,TXN-00006396,17.15,2026-08-06 01:41:39.368897
6398,6397,Debit Card,Completed,2017-12-18,TXN-00006397,23.12,2026-08-06 01:41:39.368897
6399,6398,Debit Card,Completed,2018-11-03,TXN-00006398,5.25,2026-08-06 01:41:39.368897
6400,6399,Net Banking,Completed,2018-08-10,TXN-00006399,824.95,2026-08-06 01:41:39.368897
6401,6400,Cash,Completed,2018-08-09,TXN-00006400,24.64,2026-08-06 01:41:39.368897
6402,6401,UPI,Completed,2018-08-08,TXN-00006401,227.88,2026-08-06 01:41:39.368897
6403,6402,Net Banking,Completed,2018-06-03,TXN-00006402,241.96,2026-08-06 01:41:39.368897
6404,6403,Cash,Completed,2018-06-01,TXN-00006403,3.89,2026-08-06 01:41:39.368897
6405,6404,UPI,Completed,2018-06-03,TXN-00006404,8.01,2026-08-06 01:41:39.368897
6406,6405,Debit Card,Completed,2016-12-01,TXN-00006405,177.48,2026-08-06 01:41:39.368897
6407,6406,Wallet,Completed,2018-08-31,TXN-00006406,569.57,2026-08-06 01:41:39.368897
6408,6407,Debit Card,Pending,2018-09-03,TXN-00006407,149.73,2026-08-06 01:41:39.368897
6409,6408,UPI,Completed,2018-05-17,TXN-00006408,899.43,2026-08-06 01:41:39.368897
6410,6409,UPI,Completed,2018-05-16,TXN-00006409,46.2,2026-08-06 01:41:39.368897
6411,6410,Wallet,Completed,2018-05-16,TXN-00006410,47.95,2026-08-06 01:41:39.368897
6412,6411,Debit Card,Completed,2018-05-14,TXN-00006411,7.99,2026-08-06 01:41:39.368897
6413,6412,Net Banking,Completed,2018-05-17,TXN-00006412,76.86,2026-08-06 01:41:39.368897
6414,6413,Debit Card,Completed,2018-08-19,TXN-00006413,102.93,2026-08-06 01:41:39.368897
6415,6414,Wallet,Completed,2018-08-19,TXN-00006414,98.16,2026-08-06 01:41:39.368897
6416,6415,UPI,Completed,2018-11-10,TXN-00006415,11.52,2026-08-06 01:41:39.368897
6417,6416,Net Banking,Completed,2018-08-24,TXN-00006416,83.88,2026-08-06 01:41:39.368897
6418,6417,UPI,Completed,2017-03-09,TXN-00006417,108.58,2026-08-06 01:41:39.368897
6419,6418,Wallet,Completed,2017-03-09,TXN-00006418,5.98,2026-08-06 01:41:39.368897
6420,6419,Credit Card,Completed,2017-11-02,TXN-00006419,21.96,2026-08-06 01:41:39.368897
6421,6420,UPI,Completed,2017-11-04,TXN-00006420,368.97,2026-08-06 01:41:39.368897
6422,6421,Wallet,Completed,2017-11-01,TXN-00006421,12.39,2026-08-06 01:41:39.368897
6423,6422,Net Banking,Completed,2017-11-04,TXN-00006422,332.94,2026-08-06 01:41:39.368897
6424,6423,Net Banking,Completed,2015-07-27,TXN-00006423,111.93,2026-08-06 01:41:39.368897
6425,6424,Cash,Completed,2016-10-28,TXN-00006424,454.27,2026-08-06 01:41:39.368897
6426,6425,Credit Card,Completed,2018-08-21,TXN-00006425,19.44,2026-08-06 01:41:39.368897
6427,6426,Credit Card,Completed,2017-05-24,TXN-00006426,8399.98,2026-08-06 01:41:39.368897
6428,6427,Cash,Completed,2017-05-23,TXN-00006427,6.29,2026-08-06 01:41:39.368897
6429,6428,UPI,Completed,2017-05-24,TXN-00006428,10.37,2026-08-06 01:41:39.368897
6430,6429,Debit Card,Completed,2017-05-25,TXN-00006429,122.38,2026-08-06 01:41:39.368897
6431,6430,Credit Card,Completed,2015-11-04,TXN-00006430,25.98,2026-08-06 01:41:39.368897
6432,6431,Cash,Completed,2015-11-07,TXN-00006431,945.04,2026-08-06 01:41:39.368897
6433,6432,Wallet,Completed,2015-11-07,TXN-00006432,14.3,2026-08-06 01:41:39.368897
6434,6433,Cash,Completed,2015-11-03,TXN-00006433,410.35,2026-08-06 01:41:39.368897
6435,6434,UPI,Completed,2016-04-01,TXN-00006434,23.52,2026-08-06 01:41:39.368897
6436,6435,Debit Card,Completed,2016-04-03,TXN-00006435,180.96,2026-08-06 01:41:39.368897
6437,6436,UPI,Completed,2018-05-30,TXN-00006436,35.0,2026-08-06 01:41:39.368897
6438,6437,Wallet,Completed,2018-05-27,TXN-00006437,477.15,2026-08-06 01:41:39.368897
6439,6438,Net Banking,Pending,2018-05-31,TXN-00006438,302.38,2026-08-06 01:41:39.368897
6440,6439,Net Banking,Completed,2018-12-17,TXN-00006439,974.99,2026-08-06 01:41:39.368897
6441,6440,Debit Card,Completed,2015-10-07,TXN-00006440,589.41,2026-08-06 01:41:39.368897
6442,6441,UPI,Completed,2017-10-16,TXN-00006441,34.7,2026-08-06 01:41:39.368897
6443,6442,UPI,Completed,2017-10-14,TXN-00006442,99.87,2026-08-06 01:41:39.368897
6444,6443,Debit Card,Completed,2017-10-15,TXN-00006443,37.94,2026-08-06 01:41:39.368897
6445,6444,Debit Card,Completed,2017-10-13,TXN-00006444,24.9,2026-08-06 01:41:39.368897
6446,6445,Cash,Completed,2017-10-16,TXN-00006445,82.26,2026-08-06 01:41:39.368897
6447,6446,UPI,Completed,2016-03-09,TXN-00006446,7.1,2026-08-06 01:41:39.368897
6448,6447,Wallet,Completed,2018-03-04,TXN-00006447,103.5,2026-08-06 01:41:39.368897
6449,6448,Credit Card,Completed,2018-03-07,TXN-00006448,2.46,2026-08-06 01:41:39.368897
6450,6449,Cash,Completed,2018-03-04,TXN-00006449,8.72,2026-08-06 01:41:39.368897
6451,6450,UPI,Completed,2016-09-25,TXN-00006450,10.76,2026-08-06 01:41:39.368897
6452,6451,Debit Card,Completed,2016-09-28,TXN-00006451,45.68,2026-08-06 01:41:39.368897
6453,6452,Net Banking,Completed,2016-09-25,TXN-00006452,6.7,2026-08-06 01:41:39.368897
6454,6453,Wallet,Completed,2016-12-23,TXN-00006453,158.38,2026-08-06 01:41:39.368897
6455,6454,Cash,Completed,2016-10-09,TXN-00006454,3.44,2026-08-06 01:41:39.368897
6456,6455,Cash,Completed,2018-08-04,TXN-00006455,56.56,2026-08-06 01:41:39.368897
6457,6456,Credit Card,Completed,2018-08-03,TXN-00006456,36.96,2026-08-06 01:41:39.368897
6458,6457,Net Banking,Completed,2015-08-07,TXN-00006457,135.99,2026-08-06 01:41:39.368897
6459,6458,Debit Card,Completed,2015-08-06,TXN-00006458,15.96,2026-08-06 01:41:39.368897
6460,6459,Cash,Completed,2018-05-14,TXN-00006459,3.76,2026-08-06 01:41:39.368897
6461,6460,Wallet,Completed,2018-05-14,TXN-00006460,14.7,2026-08-06 01:41:39.368897
6462,6461,Wallet,Completed,2018-05-16,TXN-00006461,37.2,2026-08-06 01:41:39.368897
6463,6462,Net Banking,Completed,2018-05-14,TXN-00006462,89.97,2026-08-06 01:41:39.368897
6464,6463,Net Banking,Completed,2018-05-15,TXN-00006463,261.96,2026-08-06 01:41:39.368897
6465,6464,Debit Card,Completed,2018-05-16,TXN-00006464,74.0,2026-08-06 01:41:39.368897
6466,6465,UPI,Completed,2017-09-26,TXN-00006465,13.28,2026-08-06 01:41:39.368897
6467,6466,Debit Card,Completed,2016-11-17,TXN-00006466,84.96,2026-08-06 01:41:39.368897
6468,6467,Wallet,Pending,2018-05-22,TXN-00006467,68.46,2026-08-06 01:41:39.368897
6469,6468,Cash,Completed,2017-12-02,TXN-00006468,2079.4,2026-08-06 01:41:39.368897
6470,6469,Net Banking,Completed,2017-12-06,TXN-00006469,629.95,2026-08-06 01:41:39.368897
6471,6470,Debit Card,Completed,2017-12-02,TXN-00006470,72.42,2026-08-06 01:41:39.368897
6472,6471,Net Banking,Completed,2016-08-30,TXN-00006471,131.98,2026-08-06 01:41:39.368897
6473,6472,Wallet,Completed,2016-09-01,TXN-00006472,114.52,2026-08-06 01:41:39.368897
6474,6473,Cash,Completed,2015-06-06,TXN-00006473,100.24,2026-08-06 01:41:39.368897
6475,6474,Cash,Completed,2017-03-19,TXN-00006474,871.8,2026-08-06 01:41:39.368897
6476,6475,Cash,Completed,2015-01-16,TXN-00006475,61.96,2026-08-06 01:41:39.368897
6477,6476,Wallet,Completed,2018-06-06,TXN-00006476,4.55,2026-08-06 01:41:39.368897
6478,6477,Credit Card,Pending,2018-06-07,TXN-00006477,5.2,2026-08-06 01:41:39.368897
6479,6478,Credit Card,Completed,2018-06-07,TXN-00006478,205.99,2026-08-06 01:41:39.368897
6480,6479,Cash,Completed,2018-06-06,TXN-00006479,15.55,2026-08-06 01:41:39.368897
6481,6480,UPI,Completed,2018-06-05,TXN-00006480,503.96,2026-08-06 01:41:39.368897
6482,6481,Cash,Completed,2018-06-04,TXN-00006481,24.47,2026-08-06 01:41:39.368897
6483,6482,Credit Card,Completed,2018-06-07,TXN-00006482,241.57,2026-08-06 01:41:39.368897
6484,6483,Credit Card,Completed,2018-06-06,TXN-00006483,110.4,2026-08-06 01:41:39.368897
6485,6484,UPI,Pending,2018-06-05,TXN-00006484,384.77,2026-08-06 01:41:39.368897
6486,6485,Debit Card,Completed,2018-06-06,TXN-00006485,78.66,2026-08-06 01:41:39.368897
6487,6486,Wallet,Completed,2018-06-05,TXN-00006486,45.36,2026-08-06 01:41:39.368897
6488,6487,Wallet,Completed,2016-03-22,TXN-00006487,962.08,2026-08-06 01:41:39.368897
6489,6488,Cash,Completed,2016-03-23,TXN-00006488,12.84,2026-08-06 01:41:39.368897
6490,6489,Wallet,Completed,2016-03-21,TXN-00006489,295.46,2026-08-06 01:41:39.368897
6491,6490,Debit Card,Completed,2018-09-23,TXN-00006490,32.4,2026-08-06 01:41:39.368897
6492,6491,Net Banking,Completed,2015-09-17,TXN-00006491,103.94,2026-08-06 01:41:39.368897
6493,6492,Cash,Completed,2017-11-24,TXN-00006492,289.57,2026-08-06 01:41:39.368897
6494,6493,Credit Card,Completed,2017-11-23,TXN-00006493,39.72,2026-08-06 01:41:39.368897
6495,6494,Credit Card,Completed,2017-11-20,TXN-00006494,244.77,2026-08-06 01:41:39.368897
6496,6495,Wallet,Completed,2018-10-30,TXN-00006495,24.0,2026-08-06 01:41:39.368897
6497,6496,UPI,Completed,2018-10-29,TXN-00006496,15.55,2026-08-06 01:41:39.368897
6498,6497,Credit Card,Completed,2018-11-01,TXN-00006497,26.18,2026-08-06 01:41:39.368897
6499,6498,UPI,Completed,2016-07-25,TXN-00006498,20.94,2026-08-06 01:41:39.368897
6500,6499,UPI,Completed,2016-07-28,TXN-00006499,135.09,2026-08-06 01:41:39.368897
6501,6500,Wallet,Completed,2016-07-26,TXN-00006500,279.86,2026-08-06 01:41:39.368897
6502,6501,UPI,Completed,2016-07-24,TXN-00006501,90.06,2026-08-06 01:41:39.368897
6503,6502,UPI,Completed,2015-11-04,TXN-00006502,539.96,2026-08-06 01:41:39.368897
6504,6503,Net Banking,Completed,2015-11-04,TXN-00006503,50.23,2026-08-06 01:41:39.368897
6505,6504,Debit Card,Completed,2015-11-05,TXN-00006504,19.24,2026-08-06 01:41:39.368897
6506,6505,UPI,Completed,2018-11-21,TXN-00006505,1247.64,2026-08-06 01:41:39.368897
6507,6506,Net Banking,Pending,2017-06-27,TXN-00006506,5.3,2026-08-06 01:41:39.368897
6508,6507,Wallet,Pending,2017-10-12,TXN-00006507,19.14,2026-08-06 01:41:39.368897
6509,6508,Credit Card,Completed,2017-10-12,TXN-00006508,332.83,2026-08-06 01:41:39.368897
6510,6509,Wallet,Completed,2018-12-22,TXN-00006509,279.9,2026-08-06 01:41:39.368897
6511,6510,UPI,Completed,2018-12-22,TXN-00006510,50.35,2026-08-06 01:41:39.368897
6512,6511,Credit Card,Completed,2018-12-22,TXN-00006511,34.02,2026-08-06 01:41:39.368897
6513,6512,Cash,Completed,2018-03-10,TXN-00006512,23.88,2026-08-06 01:41:39.368897
6514,6513,Cash,Pending,2018-03-09,TXN-00006513,11.52,2026-08-06 01:41:39.368897
6515,6514,UPI,Completed,2018-03-10,TXN-00006514,286.93,2026-08-06 01:41:39.368897
6516,6515,Wallet,Completed,2018-03-09,TXN-00006515,206.38,2026-08-06 01:41:39.368897
6517,6516,Wallet,Completed,2018-09-19,TXN-00006516,218.35,2026-08-06 01:41:39.368897
6518,6517,Credit Card,Completed,2018-09-16,TXN-00006517,529.9,2026-08-06 01:41:39.368897
6519,6518,Credit Card,Completed,2018-09-17,TXN-00006518,99.3,2026-08-06 01:41:39.368897
6520,6519,Credit Card,Completed,2018-09-17,TXN-00006519,108.96,2026-08-06 01:41:39.368897
6521,6520,Wallet,Completed,2018-09-17,TXN-00006520,2.69,2026-08-06 01:41:39.368897
6522,6521,Net Banking,Completed,2018-01-18,TXN-00006521,5443.96,2026-08-06 01:41:39.368897
6523,6522,Net Banking,Completed,2018-01-18,TXN-00006522,302.67,2026-08-06 01:41:39.368897
6524,6523,UPI,Completed,2018-01-16,TXN-00006523,56.07,2026-08-06 01:41:39.368897
6525,6524,Net Banking,Completed,2017-07-07,TXN-00006524,10.08,2026-08-06 01:41:39.368897
6526,6525,Cash,Completed,2017-07-09,TXN-00006525,59.99,2026-08-06 01:41:39.368897
6527,6526,Credit Card,Completed,2017-07-09,TXN-00006526,5.72,2026-08-06 01:41:39.368897
6528,6527,Wallet,Completed,2017-07-07,TXN-00006527,9.42,2026-08-06 01:41:39.368897
6529,6528,Debit Card,Completed,2017-12-23,TXN-00006528,1999.96,2026-08-06 01:41:39.368897
6530,6529,Net Banking,Completed,2015-12-22,TXN-00006529,216.4,2026-08-06 01:41:39.368897
6531,6530,UPI,Completed,2015-02-26,TXN-00006530,6.94,2026-08-06 01:41:39.368897
6532,6531,Debit Card,Completed,2015-02-27,TXN-00006531,4.43,2026-08-06 01:41:39.368897
6533,6532,Credit Card,Completed,2018-12-08,TXN-00006532,8.8,2026-08-06 01:41:39.368897
6534,6533,Cash,Completed,2018-12-07,TXN-00006533,142.8,2026-08-06 01:41:39.368897
6535,6534,Wallet,Completed,2018-12-05,TXN-00006534,399.95,2026-08-06 01:41:39.368897
6536,6535,UPI,Completed,2015-11-19,TXN-00006535,2152.78,2026-08-06 01:41:39.368897
6537,6536,Wallet,Completed,2015-11-20,TXN-00006536,4007.84,2026-08-06 01:41:39.368897
6538,6537,Cash,Completed,2015-10-22,TXN-00006537,328.59,2026-08-06 01:41:39.368897
6539,6538,Credit Card,Completed,2015-10-21,TXN-00006538,98.35,2026-08-06 01:41:39.368897
6540,6539,Credit Card,Pending,2016-10-25,TXN-00006539,158.99,2026-08-06 01:41:39.368897
6541,6540,Cash,Completed,2016-10-25,TXN-00006540,291.1,2026-08-06 01:41:39.368897
6542,6541,UPI,Completed,2018-11-18,TXN-00006541,73.68,2026-08-06 01:41:39.368897
6543,6542,Net Banking,Completed,2018-11-17,TXN-00006542,139.92,2026-08-06 01:41:39.368897
6544,6543,Credit Card,Completed,2018-11-17,TXN-00006543,107.88,2026-08-06 01:41:39.368897
6545,6544,Net Banking,Completed,2018-11-20,TXN-00006544,33.29,2026-08-06 01:41:39.368897
6546,6545,Net Banking,Completed,2018-05-14,TXN-00006545,58.17,2026-08-06 01:41:39.368897
6547,6546,UPI,Completed,2018-05-16,TXN-00006546,5.04,2026-08-06 01:41:39.368897
6548,6547,Credit Card,Completed,2018-05-16,TXN-00006547,24.78,2026-08-06 01:41:39.368897
6549,6548,Debit Card,Completed,2015-03-02,TXN-00006548,634.12,2026-08-06 01:41:39.368897
6550,6549,Credit Card,Completed,2015-03-02,TXN-00006549,17.47,2026-08-06 01:41:39.368897
6551,6550,UPI,Completed,2016-07-30,TXN-00006550,155.88,2026-08-06 01:41:39.368897
6552,6551,UPI,Completed,2016-11-04,TXN-00006551,327.56,2026-08-06 01:41:39.368897
6553,6552,Net Banking,Pending,2018-12-20,TXN-00006552,13.36,2026-08-06 01:41:39.368897
6554,6553,Net Banking,Completed,2018-12-20,TXN-00006553,158.9,2026-08-06 01:41:39.368897
6555,6554,Cash,Completed,2015-10-21,TXN-00006554,319.97,2026-08-06 01:41:39.368897
6556,6555,Debit Card,Completed,2015-10-23,TXN-00006555,505.32,2026-08-06 01:41:39.368897
6557,6556,Net Banking,Completed,2015-10-24,TXN-00006556,3.81,2026-08-06 01:41:39.368897
6558,6557,Debit Card,Completed,2015-10-24,TXN-00006557,8.68,2026-08-06 01:41:39.368897
6559,6558,Debit Card,Completed,2015-10-20,TXN-00006558,24.42,2026-08-06 01:41:39.368897
6560,6559,Credit Card,Completed,2016-06-07,TXN-00006559,1522.64,2026-08-06 01:41:39.368897
6561,6560,Net Banking,Completed,2017-07-25,TXN-00006560,419.9,2026-08-06 01:41:39.368897
6562,6561,Cash,Completed,2017-07-23,TXN-00006561,3.15,2026-08-06 01:41:39.368897
6563,6562,Debit Card,Completed,2018-04-02,TXN-00006562,33.62,2026-08-06 01:41:39.368897
6564,6563,Net Banking,Completed,2015-05-08,TXN-00006563,16.14,2026-08-06 01:41:39.368897
6565,6564,Cash,Completed,2015-05-11,TXN-00006564,194.25,2026-08-06 01:41:39.368897
6566,6565,UPI,Completed,2015-05-09,TXN-00006565,8.64,2026-08-06 01:41:39.368897
6567,6566,Wallet,Completed,2015-05-10,TXN-00006566,872.32,2026-08-06 01:41:39.368897
6568,6567,Cash,Completed,2018-02-07,TXN-00006567,243.99,2026-08-06 01:41:39.368897
6569,6568,Debit Card,Completed,2018-02-05,TXN-00006568,7.12,2026-08-06 01:41:39.368897
6570,6569,Debit Card,Completed,2015-04-22,TXN-00006569,2.69,2026-08-06 01:41:39.368897
6571,6570,Wallet,Completed,2015-04-21,TXN-00006570,317.06,2026-08-06 01:41:39.368897
6572,6571,Credit Card,Completed,2015-04-20,TXN-00006571,149.35,2026-08-06 01:41:39.368897
6573,6572,Net Banking,Completed,2015-04-19,TXN-00006572,227.98,2026-08-06 01:41:39.368897
6574,6573,Net Banking,Pending,2017-05-14,TXN-00006573,11.96,2026-08-06 01:41:39.368897
6575,6574,UPI,Completed,2017-11-28,TXN-00006574,563.4,2026-08-06 01:41:39.368897
6576,6575,Debit Card,Completed,2017-11-29,TXN-00006575,319.92,2026-08-06 01:41:39.368897
6577,6576,Debit Card,Completed,2018-03-04,TXN-00006576,1049.44,2026-08-06 01:41:39.368897
6578,6577,Net Banking,Completed,2018-03-07,TXN-00006577,170.35,2026-08-06 01:41:39.368897
6579,6578,Credit Card,Completed,2016-12-06,TXN-00006578,173.94,2026-08-06 01:41:39.368897
6580,6579,Net Banking,Completed,2015-08-26,TXN-00006579,1007.94,2026-08-06 01:41:39.368897
6581,6580,Cash,Completed,2017-10-23,TXN-00006580,6.68,2026-08-06 01:41:39.368897
6582,6581,Net Banking,Completed,2017-10-24,TXN-00006581,8.34,2026-08-06 01:41:39.368897
6583,6582,Net Banking,Completed,2017-10-25,TXN-00006582,101.94,2026-08-06 01:41:39.368897
6584,6583,Net Banking,Completed,2017-08-11,TXN-00006583,179.97,2026-08-06 01:41:39.368897
6585,6584,Net Banking,Completed,2018-07-21,TXN-00006584,101.94,2026-08-06 01:41:39.368897
6586,6585,Net Banking,Completed,2018-07-21,TXN-00006585,271.96,2026-08-06 01:41:39.368897
6587,6586,Net Banking,Completed,2018-07-23,TXN-00006586,8.8,2026-08-06 01:41:39.368897
6588,6587,Debit Card,Completed,2018-07-21,TXN-00006587,19.68,2026-08-06 01:41:39.368897
6589,6588,UPI,Completed,2018-07-24,TXN-00006588,302.94,2026-08-06 01:41:39.368897
6590,6589,Credit Card,Completed,2018-07-22,TXN-00006589,14.94,2026-08-06 01:41:39.368897
6591,6590,Cash,Completed,2018-07-25,TXN-00006590,231.72,2026-08-06 01:41:39.368897
6592,6591,UPI,Pending,2015-03-24,TXN-00006591,9.91,2026-08-06 01:41:39.368897
6593,6592,Credit Card,Completed,2016-05-01,TXN-00006592,34.65,2026-08-06 01:41:39.368897
6594,6593,UPI,Completed,2016-05-04,TXN-00006593,19.8,2026-08-06 01:41:39.368897
6595,6594,Wallet,Completed,2017-06-17,TXN-00006594,33.57,2026-08-06 01:41:39.368897
6596,6595,Wallet,Completed,2016-05-06,TXN-00006595,125.93,2026-08-06 01:41:39.368897
6597,6596,Debit Card,Pending,2018-04-27,TXN-00006596,11.76,2026-08-06 01:41:39.368897
6598,6597,Credit Card,Completed,2018-04-27,TXN-00006597,5.34,2026-08-06 01:41:39.368897
6599,6598,Net Banking,Completed,2015-06-07,TXN-00006598,1.37,2026-08-06 01:41:39.368897
6600,6599,Cash,Completed,2015-06-06,TXN-00006599,62.02,2026-08-06 01:41:39.368897
6601,6600,Net Banking,Completed,2015-12-06,TXN-00006600,60.72,2026-08-06 01:41:39.368897
6602,6601,UPI,Completed,2015-12-05,TXN-00006601,146.82,2026-08-06 01:41:39.368897
6603,6602,UPI,Completed,2015-12-04,TXN-00006602,239.84,2026-08-06 01:41:39.368897
6604,6603,Debit Card,Completed,2015-12-05,TXN-00006603,15.66,2026-08-06 01:41:39.368897
6605,6604,Wallet,Completed,2018-06-17,TXN-00006604,146.35,2026-08-06 01:41:39.368897
6606,6605,Cash,Completed,2017-05-29,TXN-00006605,5.94,2026-08-06 01:41:39.368897
6607,6606,Net Banking,Completed,2017-05-28,TXN-00006606,45.36,2026-08-06 01:41:39.368897
6608,6607,Debit Card,Completed,2017-05-27,TXN-00006607,211.17,2026-08-06 01:41:39.368897
6609,6608,Credit Card,Completed,2017-05-26,TXN-00006608,484.7,2026-08-06 01:41:39.368897
6610,6609,Debit Card,Completed,2017-05-27,TXN-00006609,371.98,2026-08-06 01:41:39.368897
6611,6610,Cash,Completed,2016-03-11,TXN-00006610,89.82,2026-08-06 01:41:39.368897
6612,6611,Cash,Completed,2017-10-21,TXN-00006611,19.3,2026-08-06 01:41:39.368897
6613,6612,Wallet,Completed,2016-04-25,TXN-00006612,191.96,2026-08-06 01:41:39.368897
6614,6613,Wallet,Completed,2016-04-21,TXN-00006613,21.3,2026-08-06 01:41:39.368897
6615,6614,Wallet,Completed,2016-04-22,TXN-00006614,469.95,2026-08-06 01:41:39.368897
6616,6615,Credit Card,Pending,2016-04-21,TXN-00006615,209.88,2026-08-06 01:41:39.368897
6617,6616,Debit Card,Completed,2017-06-20,TXN-00006616,239.67,2026-08-06 01:41:39.368897
6618,6617,Wallet,Completed,2017-06-21,TXN-00006617,22.5,2026-08-06 01:41:39.368897
6619,6618,Credit Card,Completed,2017-06-21,TXN-00006618,219.84,2026-08-06 01:41:39.368897
6620,6619,Cash,Completed,2018-01-16,TXN-00006619,32.4,2026-08-06 01:41:39.368897
6621,6620,Cash,Completed,2018-01-14,TXN-00006620,209.94,2026-08-06 01:41:39.368897
6622,6621,Net Banking,Completed,2018-01-15,TXN-00006621,4164.05,2026-08-06 01:41:39.368897
6623,6622,Cash,Completed,2018-01-14,TXN-00006622,212.94,2026-08-06 01:41:39.368897
6624,6623,Wallet,Completed,2015-09-10,TXN-00006623,41.88,2026-08-06 01:41:39.368897
6625,6624,Debit Card,Completed,2015-09-10,TXN-00006624,58.48,2026-08-06 01:41:39.368897
6626,6625,UPI,Completed,2016-01-20,TXN-00006625,102.44,2026-08-06 01:41:39.368897
6627,6626,UPI,Completed,2016-01-19,TXN-00006626,199.3,2026-08-06 01:41:39.368897
6628,6627,UPI,Pending,2015-12-18,TXN-00006627,6999.96,2026-08-06 01:41:39.368897
6629,6628,Debit Card,Completed,2015-05-27,TXN-00006628,12.96,2026-08-06 01:41:39.368897
6630,6629,Credit Card,Pending,2016-09-20,TXN-00006629,279.86,2026-08-06 01:41:39.368897
6631,6630,Cash,Completed,2016-10-05,TXN-00006630,7.38,2026-08-06 01:41:39.368897
6632,6631,Wallet,Pending,2017-12-26,TXN-00006631,698.35,2026-08-06 01:41:39.368897
6633,6632,Net Banking,Completed,2017-12-27,TXN-00006632,1747.25,2026-08-06 01:41:39.368897
6634,6633,Credit Card,Completed,2017-05-06,TXN-00006633,54.48,2026-08-06 01:41:39.368897
6635,6634,Wallet,Completed,2017-10-26,TXN-00006634,199.99,2026-08-06 01:41:39.368897
6636,6635,Cash,Completed,2018-05-06,TXN-00006635,68.54,2026-08-06 01:41:39.368897
6637,6636,Net Banking,Completed,2018-05-10,TXN-00006636,627.17,2026-08-06 01:41:39.368897
6638,6637,Net Banking,Completed,2018-05-07,TXN-00006637,122.12,2026-08-06 01:41:39.368897
6639,6638,Cash,Completed,2018-11-29,TXN-00006638,6.99,2026-08-06 01:41:39.368897
6640,6639,Debit Card,Completed,2018-11-27,TXN-00006639,107.42,2026-08-06 01:41:39.368897
6641,6640,Debit Card,Completed,2015-11-01,TXN-00006640,1421.66,2026-08-06 01:41:39.368897
6642,6641,Debit Card,Completed,2018-08-09,TXN-00006641,125.88,2026-08-06 01:41:39.368897
6643,6642,UPI,Completed,2018-08-05,TXN-00006642,79.78,2026-08-06 01:41:39.368897
6644,6643,Wallet,Completed,2018-08-08,TXN-00006643,133.2,2026-08-06 01:41:39.368897
6645,6644,Cash,Completed,2016-08-11,TXN-00006644,438.37,2026-08-06 01:41:39.368897
6646,6645,Cash,Completed,2016-08-14,TXN-00006645,139.94,2026-08-06 01:41:39.368897
6647,6646,Debit Card,Completed,2016-08-10,TXN-00006646,133.47,2026-08-06 01:41:39.368897
6648,6647,UPI,Completed,2017-12-19,TXN-00006647,564.2,2026-08-06 01:41:39.368897
6649,6648,Credit Card,Completed,2017-12-16,TXN-00006648,87.17,2026-08-06 01:41:39.368897
6650,6649,Credit Card,Completed,2018-09-08,TXN-00006649,42.62,2026-08-06 01:41:39.368897
6651,6650,Cash,Completed,2018-09-11,TXN-00006650,319.98,2026-08-06 01:41:39.368897
6652,6651,Debit Card,Completed,2018-09-08,TXN-00006651,45.92,2026-08-06 01:41:39.368897
6653,6652,Net Banking,Completed,2018-09-12,TXN-00006652,21.18,2026-08-06 01:41:39.368897
6654,6653,Net Banking,Completed,2018-09-09,TXN-00006653,20.74,2026-08-06 01:41:39.368897
6655,6654,Wallet,Completed,2018-09-12,TXN-00006654,213.43,2026-08-06 01:41:39.368897
6656,6655,Cash,Completed,2018-02-20,TXN-00006655,333.58,2026-08-06 01:41:39.368897
6657,6656,UPI,Completed,2018-02-21,TXN-00006656,31.99,2026-08-06 01:41:39.368897
6658,6657,Debit Card,Completed,2018-02-22,TXN-00006657,51.17,2026-08-06 01:41:39.368897
6659,6658,Debit Card,Completed,2018-02-21,TXN-00006658,10.64,2026-08-06 01:41:39.368897
6660,6659,UPI,Completed,2018-02-22,TXN-00006659,68.7,2026-08-06 01:41:39.368897
6661,6660,Wallet,Completed,2018-02-21,TXN-00006660,386.91,2026-08-06 01:41:39.368897
6662,6661,Debit Card,Completed,2016-08-09,TXN-00006661,39.66,2026-08-06 01:41:39.368897
6663,6662,Wallet,Completed,2016-08-09,TXN-00006662,113.92,2026-08-06 01:41:39.368897
6664,6663,UPI,Completed,2016-08-09,TXN-00006663,447.86,2026-08-06 01:41:39.368897
6665,6664,Net Banking,Completed,2018-10-28,TXN-00006664,356.85,2026-08-06 01:41:39.368897
6666,6665,Debit Card,Completed,2018-10-26,TXN-00006665,251.58,2026-08-06 01:41:39.368897
6667,6666,UPI,Completed,2017-07-18,TXN-00006666,219.84,2026-08-06 01:41:39.368897
6668,6667,Cash,Completed,2018-05-13,TXN-00006667,42.85,2026-08-06 01:41:39.368897
6669,6668,Cash,Completed,2018-05-12,TXN-00006668,6.16,2026-08-06 01:41:39.368897
6670,6669,Cash,Completed,2018-05-14,TXN-00006669,17.0,2026-08-06 01:41:39.368897
6671,6670,Credit Card,Completed,2018-05-14,TXN-00006670,87.4,2026-08-06 01:41:39.368897
6672,6671,Net Banking,Completed,2018-05-29,TXN-00006671,29.84,2026-08-06 01:41:39.368897
6673,6672,Debit Card,Completed,2015-08-26,TXN-00006672,49.57,2026-08-06 01:41:39.368897
6674,6673,Wallet,Completed,2016-09-14,TXN-00006673,265.86,2026-08-06 01:41:39.368897
6675,6674,Wallet,Completed,2016-09-05,TXN-00006674,67.96,2026-08-06 01:41:39.368897
6676,6675,Wallet,Completed,2016-11-21,TXN-00006675,10.92,2026-08-06 01:41:39.368897
6677,6676,Cash,Completed,2016-11-21,TXN-00006676,83.9,2026-08-06 01:41:39.368897
6678,6677,Wallet,Completed,2016-11-25,TXN-00006677,19.75,2026-08-06 01:41:39.368897
6679,6678,Net Banking,Completed,2016-11-25,TXN-00006678,393.54,2026-08-06 01:41:39.368897
6680,6679,Credit Card,Pending,2015-10-10,TXN-00006679,46.87,2026-08-06 01:41:39.368897
6681,6680,Cash,Completed,2018-09-02,TXN-00006680,10.9,2026-08-06 01:41:39.368897
6682,6681,Net Banking,Completed,2018-09-02,TXN-00006681,79.92,2026-08-06 01:41:39.368897
6683,6682,Cash,Completed,2018-09-06,TXN-00006682,146.82,2026-08-06 01:41:39.368897
6684,6683,Wallet,Completed,2018-01-03,TXN-00006683,3.6,2026-08-06 01:41:39.368897
6685,6684,UPI,Completed,2015-11-07,TXN-00006684,20.04,2026-08-06 01:41:39.368897
6686,6685,Cash,Completed,2016-12-19,TXN-00006685,180.02,2026-08-06 01:41:39.368897
6687,6686,UPI,Completed,2016-12-21,TXN-00006686,41.55,2026-08-06 01:41:39.368897
6688,6687,Credit Card,Pending,2016-12-21,TXN-00006687,13.12,2026-08-06 01:41:39.368897
6689,6688,Cash,Completed,2016-05-15,TXN-00006688,1117.92,2026-08-06 01:41:39.368897
6690,6689,Cash,Completed,2018-03-11,TXN-00006689,111.96,2026-08-06 01:41:39.368897
6691,6690,Wallet,Completed,2018-12-03,TXN-00006690,12.16,2026-08-06 01:41:39.368897
6692,6691,Net Banking,Completed,2018-07-31,TXN-00006691,17.52,2026-08-06 01:41:39.368897
6693,6692,Credit Card,Completed,2018-08-03,TXN-00006692,155.88,2026-08-06 01:41:39.368897
6694,6693,Credit Card,Completed,2018-08-12,TXN-00006693,477.51,2026-08-06 01:41:39.368897
6695,6694,Wallet,Completed,2018-10-01,TXN-00006694,164.88,2026-08-06 01:41:39.368897
6696,6695,Debit Card,Completed,2017-08-28,TXN-00006695,47.97,2026-08-06 01:41:39.368897
6697,6696,Cash,Completed,2017-12-04,TXN-00006696,415.18,2026-08-06 01:41:39.368897
6698,6697,UPI,Completed,2017-12-03,TXN-00006697,35.23,2026-08-06 01:41:39.368897
6699,6698,Wallet,Completed,2017-12-04,TXN-00006698,54.96,2026-08-06 01:41:39.368897
6700,6699,Net Banking,Completed,2018-07-22,TXN-00006699,16.34,2026-08-06 01:41:39.368897
6701,6700,Cash,Completed,2018-07-25,TXN-00006700,225.3,2026-08-06 01:41:39.368897
6702,6701,Credit Card,Completed,2018-07-21,TXN-00006701,50.35,2026-08-06 01:41:39.368897
6703,6702,UPI,Completed,2016-05-20,TXN-00006702,163.14,2026-08-06 01:41:39.368897
6704,6703,UPI,Completed,2016-05-21,TXN-00006703,6.41,2026-08-06 01:41:39.368897
6705,6704,Debit Card,Completed,2016-06-24,TXN-00006704,217.58,2026-08-06 01:41:39.368897
6706,6705,Wallet,Completed,2016-06-24,TXN-00006705,5.43,2026-08-06 01:41:39.368897
6707,6706,Credit Card,Completed,2016-06-25,TXN-00006706,143.98,2026-08-06 01:41:39.368897
6708,6707,Cash,Completed,2017-09-10,TXN-00006707,519.68,2026-08-06 01:41:39.368897
6709,6708,Cash,Completed,2015-04-17,TXN-00006708,7.83,2026-08-06 01:41:39.368897
6710,6709,Wallet,Completed,2016-11-17,TXN-00006709,883.84,2026-08-06 01:41:39.368897
6711,6710,Wallet,Completed,2016-11-15,TXN-00006710,230.35,2026-08-06 01:41:39.368897
6712,6711,Net Banking,Completed,2017-12-12,TXN-00006711,273.92,2026-08-06 01:41:39.368897
6713,6712,Credit Card,Completed,2018-08-18,TXN-00006712,9.91,2026-08-06 01:41:39.368897
6714,6713,Debit Card,Completed,2018-12-15,TXN-00006713,266.35,2026-08-06 01:41:39.368897
6715,6714,Credit Card,Completed,2018-12-18,TXN-00006714,56.33,2026-08-06 01:41:39.368897
6716,6715,Cash,Completed,2018-12-18,TXN-00006715,39.26,2026-08-06 01:41:39.368897
6717,6716,Cash,Completed,2018-12-15,TXN-00006716,95.23,2026-08-06 01:41:39.368897
6718,6717,Cash,Completed,2017-04-12,TXN-00006717,30.0,2026-08-06 01:41:39.368897
6719,6718,Wallet,Completed,2017-04-10,TXN-00006718,25.92,2026-08-06 01:41:39.368897
6720,6719,Wallet,Completed,2017-04-11,TXN-00006719,159.92,2026-08-06 01:41:39.368897
6721,6720,Wallet,Completed,2017-12-19,TXN-00006720,34.94,2026-08-06 01:41:39.368897
6722,6721,Net Banking,Completed,2018-09-21,TXN-00006721,149.95,2026-08-06 01:41:39.368897
6723,6722,Debit Card,Completed,2018-09-21,TXN-00006722,23.32,2026-08-06 01:41:39.368897
6724,6723,Wallet,Completed,2018-09-19,TXN-00006723,16.74,2026-08-06 01:41:39.368897
6725,6724,UPI,Completed,2018-09-06,TXN-00006724,14.82,2026-08-06 01:41:39.368897
6726,6725,Credit Card,Completed,2017-09-15,TXN-00006725,10.47,2026-08-06 01:41:39.368897
6727,6726,Credit Card,Completed,2017-09-16,TXN-00006726,11.07,2026-08-06 01:41:39.368897
6728,6727,Net Banking,Completed,2017-09-15,TXN-00006727,20.7,2026-08-06 01:41:39.368897
6729,6728,Wallet,Completed,2018-08-13,TXN-00006728,177.2,2026-08-06 01:41:39.368897
6730,6729,UPI,Completed,2017-11-04,TXN-00006729,50.5,2026-08-06 01:41:39.368897
6731,6730,Net Banking,Completed,2016-06-22,TXN-00006730,6.13,2026-08-06 01:41:39.368897
6732,6731,Debit Card,Completed,2016-06-19,TXN-00006731,643.14,2026-08-06 01:41:39.368897
6733,6732,Net Banking,Completed,2016-06-21,TXN-00006732,20.74,2026-08-06 01:41:39.368897
6734,6733,UPI,Completed,2015-07-04,TXN-00006733,177.54,2026-08-06 01:41:39.368897
6735,6734,Credit Card,Completed,2015-07-08,TXN-00006734,32.43,2026-08-06 01:41:39.368897
6736,6735,Wallet,Completed,2016-12-24,TXN-00006735,11.7,2026-08-06 01:41:39.368897
6737,6736,Net Banking,Completed,2017-04-10,TXN-00006736,113.76,2026-08-06 01:41:39.368897
6738,6737,Wallet,Completed,2017-04-13,TXN-00006737,579.51,2026-08-06 01:41:39.368897
6739,6738,Debit Card,Completed,2017-04-12,TXN-00006738,150.66,2026-08-06 01:41:39.368897
6740,6739,Credit Card,Completed,2017-04-13,TXN-00006739,48.03,2026-08-06 01:41:39.368897
6741,6740,Net Banking,Completed,2015-05-29,TXN-00006740,102.62,2026-08-06 01:41:39.368897
6742,6741,Wallet,Completed,2015-05-28,TXN-00006741,359.77,2026-08-06 01:41:39.368897
6743,6742,Wallet,Completed,2015-05-28,TXN-00006742,13.39,2026-08-06 01:41:39.368897
6744,6743,UPI,Completed,2018-07-06,TXN-00006743,122.14,2026-08-06 01:41:39.368897
6745,6744,Credit Card,Completed,2016-02-17,TXN-00006744,35.88,2026-08-06 01:41:39.368897
6746,6745,UPI,Completed,2018-06-17,TXN-00006745,479.95,2026-08-06 01:41:39.368897
6747,6746,Wallet,Completed,2018-06-17,TXN-00006746,23.92,2026-08-06 01:41:39.368897
6748,6747,Wallet,Completed,2018-11-16,TXN-00006747,629.95,2026-08-06 01:41:39.368897
6749,6748,Debit Card,Completed,2018-12-14,TXN-00006748,14.95,2026-08-06 01:41:39.368897
6750,6749,Credit Card,Completed,2018-12-15,TXN-00006749,17.94,2026-08-06 01:41:39.368897
6751,6750,Credit Card,Completed,2018-12-12,TXN-00006750,116.98,2026-08-06 01:41:39.368897
6752,6751,Net Banking,Completed,2017-06-29,TXN-00006751,121.96,2026-08-06 01:41:39.368897
6753,6752,UPI,Completed,2017-06-30,TXN-00006752,8.74,2026-08-06 01:41:39.368897
6754,6753,Net Banking,Completed,2017-06-28,TXN-00006753,61.96,2026-08-06 01:41:39.368897
6755,6754,Debit Card,Completed,2017-07-01,TXN-00006754,7.96,2026-08-06 01:41:39.368897
6756,6755,Wallet,Completed,2017-06-30,TXN-00006755,275.24,2026-08-06 01:41:39.368897
6757,6756,Wallet,Completed,2018-09-16,TXN-00006756,47.4,2026-08-06 01:41:39.368897
6758,6757,Wallet,Completed,2018-09-19,TXN-00006757,512.96,2026-08-06 01:41:39.368897
6759,6758,Wallet,Completed,2018-09-18,TXN-00006758,395.94,2026-08-06 01:41:39.368897
6760,6759,Cash,Completed,2018-09-19,TXN-00006759,81.96,2026-08-06 01:41:39.368897
6761,6760,Net Banking,Completed,2018-12-03,TXN-00006760,32.78,2026-08-06 01:41:39.368897
6762,6761,UPI,Completed,2018-06-29,TXN-00006761,272.94,2026-08-06 01:41:39.368897
6763,6762,Credit Card,Completed,2017-07-27,TXN-00006762,253.76,2026-08-06 01:41:39.368897
6764,6763,Net Banking,Completed,2017-09-04,TXN-00006763,29.24,2026-08-06 01:41:39.368897
6765,6764,Net Banking,Completed,2017-09-03,TXN-00006764,35.17,2026-08-06 01:41:39.368897
6766,6765,UPI,Completed,2017-09-05,TXN-00006765,1362.9,2026-08-06 01:41:39.368897
6767,6766,Cash,Completed,2018-04-22,TXN-00006766,317.06,2026-08-06 01:41:39.368897
6768,6767,Cash,Completed,2018-04-23,TXN-00006767,15.76,2026-08-06 01:41:39.368897
6769,6769,Wallet,Completed,2015-08-13,TXN-00006769,196.21,2026-08-06 01:41:39.368897
6770,6770,Wallet,Completed,2018-09-21,TXN-00006770,35.4,2026-08-06 01:41:39.368897
6771,6771,Credit Card,Completed,2018-12-11,TXN-00006771,419.4,2026-08-06 01:41:39.368897
6772,6772,UPI,Completed,2018-12-10,TXN-00006772,13.01,2026-08-06 01:41:39.368897
6773,6773,UPI,Completed,2017-11-04,TXN-00006773,7.71,2026-08-06 01:41:39.368897
6774,6774,Cash,Completed,2017-11-05,TXN-00006774,4.18,2026-08-06 01:41:39.368897
6775,6775,Wallet,Completed,2017-11-08,TXN-00006775,38.88,2026-08-06 01:41:39.368897
6776,6776,Wallet,Completed,2016-03-30,TXN-00006776,17.64,2026-08-06 01:41:39.368897
6777,6777,Credit Card,Completed,2017-09-05,TXN-00006777,93.46,2026-08-06 01:41:39.368897
6778,6778,Credit Card,Completed,2018-01-29,TXN-00006778,449.91,2026-08-06 01:41:39.368897
6779,6779,Debit Card,Completed,2017-09-03,TXN-00006779,344.94,2026-08-06 01:41:39.368897
6780,6780,Net Banking,Completed,2017-09-06,TXN-00006780,14.76,2026-08-06 01:41:39.368897
6781,6781,Cash,Completed,2017-09-07,TXN-00006781,12.76,2026-08-06 01:41:39.368897
6782,6782,Wallet,Completed,2017-09-03,TXN-00006782,58.48,2026-08-06 01:41:39.368897
6783,6783,Debit Card,Completed,2018-07-29,TXN-00006783,20.1,2026-08-06 01:41:39.368897
6784,6784,Credit Card,Completed,2018-07-29,TXN-00006784,37.75,2026-08-06 01:41:39.368897
6785,6785,Cash,Completed,2018-07-26,TXN-00006785,138.59,2026-08-06 01:41:39.368897
6786,6786,Cash,Pending,2018-07-27,TXN-00006786,259.92,2026-08-06 01:41:39.368897
6787,6787,Net Banking,Completed,2018-07-29,TXN-00006787,20.74,2026-08-06 01:41:39.368897
6788,6788,Credit Card,Completed,2016-09-14,TXN-00006788,129.93,2026-08-06 01:41:39.368897
6789,6789,Net Banking,Completed,2016-09-13,TXN-00006789,69.93,2026-08-06 01:41:39.368897
6790,6790,Wallet,Completed,2016-09-07,TXN-00006790,140.74,2026-08-06 01:41:39.368897
6791,6791,Credit Card,Completed,2017-11-17,TXN-00006791,8.32,2026-08-06 01:41:39.368897
6792,6792,Credit Card,Completed,2017-11-13,TXN-00006792,9.98,2026-08-06 01:41:39.368897
6793,6793,Wallet,Completed,2015-08-15,TXN-00006793,62.94,2026-08-06 01:41:39.368897
6794,6794,UPI,Completed,2016-11-19,TXN-00006794,21.49,2026-08-06 01:41:39.368897
6795,6795,Debit Card,Completed,2016-11-18,TXN-00006795,239.98,2026-08-06 01:41:39.368897
6796,6796,Cash,Completed,2016-11-20,TXN-00006796,34.5,2026-08-06 01:41:39.368897
6797,6797,Net Banking,Completed,2016-08-28,TXN-00006797,20.1,2026-08-06 01:41:39.368897
6798,6798,Debit Card,Completed,2016-08-29,TXN-00006798,3.8,2026-08-06 01:41:39.368897
6799,6799,Credit Card,Completed,2016-08-26,TXN-00006799,7.88,2026-08-06 01:41:39.368897
6800,6800,UPI,Completed,2017-12-28,TXN-00006800,35.45,2026-08-06 01:41:39.368897
6801,6801,Net Banking,Completed,2017-12-25,TXN-00006801,269.97,2026-08-06 01:41:39.368897
6802,6802,Credit Card,Completed,2017-12-28,TXN-00006802,45.12,2026-08-06 01:41:39.368897
6803,6803,Debit Card,Completed,2017-12-26,TXN-00006803,100.8,2026-08-06 01:41:39.368897
6804,6804,Wallet,Completed,2017-12-25,TXN-00006804,47.97,2026-08-06 01:41:39.368897
6805,6805,Cash,Completed,2015-10-06,TXN-00006805,99.98,2026-08-06 01:41:39.368897
6806,6806,Debit Card,Completed,2015-11-25,TXN-00006806,9.96,2026-08-06 01:41:39.368897
6807,6807,Wallet,Completed,2018-12-27,TXN-00006807,3.86,2026-08-06 01:41:39.368897
6808,6808,Wallet,Completed,2016-04-04,TXN-00006808,98.38,2026-08-06 01:41:39.368897
6809,6809,UPI,Completed,2016-04-03,TXN-00006809,22.38,2026-08-06 01:41:39.368897
6810,6810,Net Banking,Completed,2018-09-18,TXN-00006810,3.88,2026-08-06 01:41:39.368897
6811,6811,Net Banking,Completed,2018-09-17,TXN-00006811,12.59,2026-08-06 01:41:39.368897
6812,6812,Net Banking,Completed,2018-09-17,TXN-00006812,113.37,2026-08-06 01:41:39.368897
6813,6813,Net Banking,Completed,2018-09-17,TXN-00006813,18.31,2026-08-06 01:41:39.368897
6814,6814,Wallet,Completed,2018-09-15,TXN-00006814,127.94,2026-08-06 01:41:39.368897
6815,6815,Debit Card,Completed,2018-09-14,TXN-00006815,241.17,2026-08-06 01:41:39.368897
6816,6816,Cash,Completed,2015-06-17,TXN-00006816,6.24,2026-08-06 01:41:39.368897
6817,6817,Cash,Completed,2015-06-19,TXN-00006817,17.9,2026-08-06 01:41:39.368897
6818,6818,Cash,Completed,2015-06-19,TXN-00006818,3266.38,2026-08-06 01:41:39.368897
6819,6819,Credit Card,Completed,2018-12-29,TXN-00006819,1.68,2026-08-06 01:41:39.368897
6820,6820,Credit Card,Completed,2018-12-30,TXN-00006820,7.97,2026-08-06 01:41:39.368897
6821,6821,Wallet,Completed,2018-12-30,TXN-00006821,113.37,2026-08-06 01:41:39.368897
6822,6822,Debit Card,Completed,2019-01-01,TXN-00006822,2.96,2026-08-06 01:41:39.368897
6823,6823,Net Banking,Completed,2018-11-04,TXN-00006823,168.1,2026-08-06 01:41:39.368897
6824,6824,UPI,Completed,2016-07-25,TXN-00006824,98.46,2026-08-06 01:41:39.368897
6825,6825,Cash,Completed,2016-07-26,TXN-00006825,358.58,2026-08-06 01:41:39.368897
6826,6826,Debit Card,Completed,2017-10-02,TXN-00006826,32.48,2026-08-06 01:41:39.368897
6827,6827,Credit Card,Completed,2017-10-04,TXN-00006827,17499.95,2026-08-06 01:41:39.368897
6828,6828,UPI,Completed,2017-10-06,TXN-00006828,735.98,2026-08-06 01:41:39.368897
6829,6829,Net Banking,Completed,2017-10-05,TXN-00006829,34.37,2026-08-06 01:41:39.368897
6830,6830,UPI,Completed,2017-10-06,TXN-00006830,33.96,2026-08-06 01:41:39.368897
6831,6831,Cash,Completed,2017-12-28,TXN-00006831,197.97,2026-08-06 01:41:39.368897
6832,6832,Net Banking,Completed,2018-07-23,TXN-00006832,17.48,2026-08-06 01:41:39.368897
6833,6833,Debit Card,Completed,2016-10-10,TXN-00006833,8.02,2026-08-06 01:41:39.368897
6834,6834,Credit Card,Completed,2017-09-08,TXN-00006834,146.04,2026-08-06 01:41:39.368897
6835,6835,UPI,Completed,2017-11-22,TXN-00006835,27.88,2026-08-06 01:41:39.368897
6836,6836,Cash,Completed,2018-10-16,TXN-00006836,152.65,2026-08-06 01:41:39.368897
6837,6837,UPI,Completed,2018-10-17,TXN-00006837,22.72,2026-08-06 01:41:39.368897
6838,6838,Debit Card,Completed,2016-07-09,TXN-00006838,11.12,2026-08-06 01:41:39.368897
6839,6839,Cash,Completed,2018-02-08,TXN-00006839,1640.7,2026-08-06 01:41:39.368897
6840,6840,Net Banking,Completed,2018-02-09,TXN-00006840,371.2,2026-08-06 01:41:39.368897
6841,6841,Net Banking,Completed,2016-12-10,TXN-00006841,14.83,2026-08-06 01:41:39.368897
6842,6842,Wallet,Completed,2017-09-14,TXN-00006842,20.7,2026-08-06 01:41:39.368897
6843,6843,Net Banking,Completed,2017-09-14,TXN-00006843,11.34,2026-08-06 01:41:39.368897
6844,6844,Credit Card,Pending,2017-09-14,TXN-00006844,67.9,2026-08-06 01:41:39.368897
6845,6845,Cash,Completed,2017-09-14,TXN-00006845,1059.12,2026-08-06 01:41:39.368897
6846,6846,Net Banking,Completed,2015-07-06,TXN-00006846,478.48,2026-08-06 01:41:39.368897
6847,6847,Net Banking,Completed,2017-05-09,TXN-00006847,32.04,2026-08-06 01:41:39.368897
6848,6848,UPI,Completed,2017-07-19,TXN-00006848,55.99,2026-08-06 01:41:39.368897
6849,6849,Cash,Completed,2017-06-19,TXN-00006849,76.86,2026-08-06 01:41:39.368897
6850,6850,Cash,Completed,2015-04-23,TXN-00006850,59.92,2026-08-06 01:41:39.368897
6851,6851,Net Banking,Completed,2017-01-08,TXN-00006851,1565.88,2026-08-06 01:41:39.368897
6852,6852,Cash,Completed,2017-01-09,TXN-00006852,106.05,2026-08-06 01:41:39.368897
6853,6853,Cash,Completed,2018-12-26,TXN-00006853,62.04,2026-08-06 01:41:39.368897
6854,6854,Cash,Completed,2018-12-25,TXN-00006854,494.97,2026-08-06 01:41:39.368897
6855,6855,Debit Card,Completed,2018-12-24,TXN-00006855,367.96,2026-08-06 01:41:39.368897
6856,6856,UPI,Completed,2018-12-23,TXN-00006856,44.96,2026-08-06 01:41:39.368897
6857,6857,Debit Card,Completed,2018-12-27,TXN-00006857,182.94,2026-08-06 01:41:39.368897
6858,6858,Debit Card,Completed,2018-04-19,TXN-00006858,28.14,2026-08-06 01:41:39.368897
6859,6859,UPI,Completed,2018-04-21,TXN-00006859,7.38,2026-08-06 01:41:39.368897
6860,6860,Debit Card,Completed,2018-04-17,TXN-00006860,10.9,2026-08-06 01:41:39.368897
6861,6861,UPI,Completed,2018-04-21,TXN-00006861,274.89,2026-08-06 01:41:39.368897
6862,6862,Debit Card,Completed,2018-04-20,TXN-00006862,23.04,2026-08-06 01:41:39.368897
6863,6863,UPI,Completed,2018-04-19,TXN-00006863,218.35,2026-08-06 01:41:39.368897
6864,6864,Cash,Completed,2018-12-02,TXN-00006864,10.37,2026-08-06 01:41:39.368897
6865,6865,Credit Card,Completed,2017-08-24,TXN-00006865,12.67,2026-08-06 01:41:39.368897
6866,6866,Debit Card,Completed,2017-08-25,TXN-00006866,91.96,2026-08-06 01:41:39.368897
6867,6867,Cash,Completed,2017-08-24,TXN-00006867,254.97,2026-08-06 01:41:39.368897
6868,6868,Credit Card,Completed,2017-08-22,TXN-00006868,31.98,2026-08-06 01:41:39.368897
6869,6869,Debit Card,Completed,2017-08-24,TXN-00006869,2887.06,2026-08-06 01:41:39.368897
6870,6870,Net Banking,Completed,2017-08-24,TXN-00006870,12.96,2026-08-06 01:41:39.368897
6871,6871,Net Banking,Completed,2017-08-21,TXN-00006871,47.52,2026-08-06 01:41:39.368897
6872,6872,Debit Card,Completed,2017-12-08,TXN-00006872,11.95,2026-08-06 01:41:39.368897
6873,6873,Credit Card,Completed,2016-12-16,TXN-00006873,4.98,2026-08-06 01:41:39.368897
6874,6874,Credit Card,Completed,2015-10-21,TXN-00006874,10.78,2026-08-06 01:41:39.368897
6875,6875,Credit Card,Completed,2015-10-20,TXN-00006875,119.98,2026-08-06 01:41:39.368897
6876,6876,Cash,Completed,2017-09-08,TXN-00006876,25.06,2026-08-06 01:41:39.368897
6877,6877,Debit Card,Completed,2017-09-05,TXN-00006877,1652.94,2026-08-06 01:41:39.368897
6878,6878,Wallet,Completed,2016-10-16,TXN-00006878,131.38,2026-08-06 01:41:39.368897
6879,6879,Cash,Completed,2016-10-17,TXN-00006879,5.34,2026-08-06 01:41:39.368897
6880,6880,Debit Card,Completed,2016-12-04,TXN-00006880,2003.92,2026-08-06 01:41:39.368897
6881,6881,Net Banking,Completed,2016-12-04,TXN-00006881,32.4,2026-08-06 01:41:39.368897
6882,6882,Credit Card,Completed,2016-12-05,TXN-00006882,1913.4,2026-08-06 01:41:39.368897
6883,6883,UPI,Completed,2016-12-05,TXN-00006883,146.73,2026-08-06 01:41:39.368897
6884,6884,Credit Card,Completed,2016-12-03,TXN-00006884,114.2,2026-08-06 01:41:39.368897
6885,6885,Debit Card,Completed,2016-06-03,TXN-00006885,2567.84,2026-08-06 01:41:39.368897
6886,6886,Cash,Completed,2018-09-14,TXN-00006886,37.06,2026-08-06 01:41:39.368897
6887,6887,UPI,Completed,2018-09-10,TXN-00006887,259.9,2026-08-06 01:41:39.368897
6888,6888,Credit Card,Completed,2018-04-27,TXN-00006888,19.05,2026-08-06 01:41:39.368897
6889,6889,UPI,Completed,2018-04-25,TXN-00006889,73.34,2026-08-06 01:41:39.368897
6890,6890,Net Banking,Completed,2018-09-22,TXN-00006890,95.68,2026-08-06 01:41:39.368897
6891,6891,Debit Card,Completed,2018-09-21,TXN-00006891,50.96,2026-08-06 01:41:39.368897
6892,6892,Net Banking,Pending,2018-09-20,TXN-00006892,113.94,2026-08-06 01:41:39.368897
6893,6893,Cash,Completed,2018-09-20,TXN-00006893,25.92,2026-08-06 01:41:39.368897
6894,6894,Cash,Completed,2018-09-20,TXN-00006894,20.32,2026-08-06 01:41:39.368897
6895,6895,UPI,Completed,2018-09-20,TXN-00006895,411.98,2026-08-06 01:41:39.368897
6896,6896,Wallet,Completed,2018-09-19,TXN-00006896,34.48,2026-08-06 01:41:39.368897
6897,6897,Net Banking,Completed,2018-09-22,TXN-00006897,244.55,2026-08-06 01:41:39.368897
6898,6898,Net Banking,Completed,2018-08-20,TXN-00006898,10.78,2026-08-06 01:41:39.368897
6899,6899,Net Banking,Completed,2016-05-24,TXN-00006899,602.65,2026-08-06 01:41:39.368897
6900,6900,Wallet,Completed,2016-05-28,TXN-00006900,7.66,2026-08-06 01:41:39.368897
6901,6901,Wallet,Completed,2016-09-10,TXN-00006901,559.93,2026-08-06 01:41:39.368897
6902,6902,UPI,Pending,2018-07-25,TXN-00006902,2399.96,2026-08-06 01:41:39.368897
6903,6903,UPI,Completed,2018-09-02,TXN-00006903,16.0,2026-08-06 01:41:39.368897
6904,6904,UPI,Completed,2018-09-02,TXN-00006904,5.59,2026-08-06 01:41:39.368897
6905,6905,Credit Card,Completed,2018-09-02,TXN-00006905,235.92,2026-08-06 01:41:39.368897
6906,6906,UPI,Completed,2018-12-06,TXN-00006906,10.68,2026-08-06 01:41:39.368897
6907,6907,Debit Card,Completed,2018-05-22,TXN-00006907,41.28,2026-08-06 01:41:39.368897
6908,6908,Credit Card,Completed,2017-09-27,TXN-00006908,1001.58,2026-08-06 01:41:39.368897
6909,6909,Debit Card,Completed,2018-12-14,TXN-00006909,14.76,2026-08-06 01:41:39.368897
6910,6910,Wallet,Completed,2015-09-13,TXN-00006910,2.5,2026-08-06 01:41:39.368897
6911,6911,Credit Card,Completed,2018-07-29,TXN-00006911,115.96,2026-08-06 01:41:39.368897
6912,6912,Cash,Completed,2018-08-03,TXN-00006912,186.54,2026-08-06 01:41:39.368897
6913,6913,Cash,Completed,2018-05-06,TXN-00006913,159.56,2026-08-06 01:41:39.368897
6914,6914,Credit Card,Completed,2016-06-15,TXN-00006914,55.98,2026-08-06 01:41:39.368897
6915,6915,Net Banking,Completed,2015-12-23,TXN-00006915,132.16,2026-08-06 01:41:39.368897
6916,6916,UPI,Completed,2015-12-24,TXN-00006916,17.9,2026-08-06 01:41:39.368897
6917,6917,Net Banking,Completed,2015-12-23,TXN-00006917,124.03,2026-08-06 01:41:39.368897
6918,6918,Credit Card,Completed,2015-12-16,TXN-00006918,1403.92,2026-08-06 01:41:39.368897
6919,6919,Credit Card,Completed,2017-04-17,TXN-00006919,28.8,2026-08-06 01:41:39.368897
6920,6920,Credit Card,Completed,2016-05-21,TXN-00006920,24.59,2026-08-06 01:41:39.368897
6921,6921,Debit Card,Completed,2018-02-28,TXN-00006921,356.79,2026-08-06 01:41:39.368897
6922,6922,UPI,Completed,2018-04-06,TXN-00006922,16.98,2026-08-06 01:41:39.368897
6923,6923,Net Banking,Completed,2016-03-16,TXN-00006923,491.55,2026-08-06 01:41:39.368897
6924,6924,Wallet,Completed,2016-03-17,TXN-00006924,7.38,2026-08-06 01:41:39.368897
6925,6925,Credit Card,Completed,2016-12-04,TXN-00006925,23.66,2026-08-06 01:41:39.368897
6926,6926,Credit Card,Completed,2016-12-01,TXN-00006926,681.41,2026-08-06 01:41:39.368897
6927,6927,Debit Card,Completed,2017-07-28,TXN-00006927,18.9,2026-08-06 01:41:39.368897
6928,6928,Cash,Completed,2017-06-25,TXN-00006928,93.68,2026-08-06 01:41:39.368897
6929,6929,UPI,Pending,2017-06-26,TXN-00006929,21.93,2026-08-06 01:41:39.368897
6930,6930,Credit Card,Completed,2017-06-25,TXN-00006930,862.34,2026-08-06 01:41:39.368897
6931,6931,UPI,Completed,2017-06-27,TXN-00006931,19.98,2026-08-06 01:41:39.368897
6932,6932,Wallet,Pending,2015-07-17,TXN-00006932,13.49,2026-08-06 01:41:39.368897
6933,6933,UPI,Completed,2015-07-18,TXN-00006933,23.99,2026-08-06 01:41:39.368897
6934,6934,Credit Card,Pending,2015-07-15,TXN-00006934,31.98,2026-08-06 01:41:39.368897
6935,6935,Debit Card,Completed,2015-07-14,TXN-00006935,41.58,2026-08-06 01:41:39.368897
6936,6936,Debit Card,Pending,2018-12-03,TXN-00006936,95.98,2026-08-06 01:41:39.368897
6937,6937,Net Banking,Completed,2017-09-03,TXN-00006937,84.27,2026-08-06 01:41:39.368897
6938,6938,Credit Card,Pending,2015-06-15,TXN-00006938,36.54,2026-08-06 01:41:39.368897
6939,6939,UPI,Completed,2017-11-07,TXN-00006939,479.72,2026-08-06 01:41:39.368897
6940,6940,Debit Card,Completed,2018-06-29,TXN-00006940,102.37,2026-08-06 01:41:39.368897
6941,6941,UPI,Completed,2018-06-28,TXN-00006941,28.4,2026-08-06 01:41:39.368897
6942,6942,Debit Card,Completed,2018-06-26,TXN-00006942,713.88,2026-08-06 01:41:39.368897
6943,6943,Wallet,Completed,2018-06-28,TXN-00006943,68.52,2026-08-06 01:41:39.368897
6944,6944,Debit Card,Completed,2016-07-26,TXN-00006944,623.96,2026-08-06 01:41:39.368897
6945,6945,Debit Card,Completed,2015-09-26,TXN-00006945,11.12,2026-08-06 01:41:39.368897
6946,6946,Net Banking,Completed,2017-10-04,TXN-00006946,523.92,2026-08-06 01:41:39.368897
6947,6947,Debit Card,Completed,2016-11-13,TXN-00006947,2.48,2026-08-06 01:41:39.368897
6948,6948,Wallet,Completed,2016-04-26,TXN-00006948,221.02,2026-08-06 01:41:39.368897
6949,6949,Credit Card,Completed,2016-04-28,TXN-00006949,128.06,2026-08-06 01:41:39.368897
6950,6950,Credit Card,Completed,2018-11-22,TXN-00006950,58.41,2026-08-06 01:41:39.368897
6951,6951,Credit Card,Completed,2018-11-21,TXN-00006951,79.97,2026-08-06 01:41:39.368897
6952,6952,Debit Card,Completed,2016-11-20,TXN-00006952,479.99,2026-08-06 01:41:39.368897
6953,6953,Credit Card,Completed,2016-10-03,TXN-00006953,11.81,2026-08-06 01:41:39.368897
6954,6954,UPI,Completed,2016-10-02,TXN-00006954,53.57,2026-08-06 01:41:39.368897
6955,6955,UPI,Completed,2016-10-06,TXN-00006955,503.96,2026-08-06 01:41:39.368897
6956,6956,Debit Card,Completed,2016-04-25,TXN-00006956,21.34,2026-08-06 01:41:39.368897
6957,6957,Net Banking,Completed,2017-07-14,TXN-00006957,36.4,2026-08-06 01:41:39.368897
6958,6958,Debit Card,Completed,2017-07-18,TXN-00006958,51.75,2026-08-06 01:41:39.368897
6959,6959,UPI,Completed,2016-09-29,TXN-00006959,15.51,2026-08-06 01:41:39.368897
6960,6960,Cash,Completed,2016-09-28,TXN-00006960,146.82,2026-08-06 01:41:39.368897
6961,6961,UPI,Completed,2016-09-28,TXN-00006961,12.96,2026-08-06 01:41:39.368897
6962,6962,Wallet,Completed,2018-11-12,TXN-00006962,7.8,2026-08-06 01:41:39.368897
6963,6963,Credit Card,Completed,2017-07-20,TXN-00006963,10.2,2026-08-06 01:41:39.368897
6964,6964,Net Banking,Completed,2017-07-19,TXN-00006964,22.32,2026-08-06 01:41:39.368897
6965,6965,UPI,Completed,2017-07-19,TXN-00006965,24.1,2026-08-06 01:41:39.368897
6966,6966,Credit Card,Completed,2017-07-20,TXN-00006966,75.98,2026-08-06 01:41:39.368897
6967,6967,Cash,Completed,2017-07-20,TXN-00006967,6.46,2026-08-06 01:41:39.368897
6968,6968,Net Banking,Completed,2017-07-20,TXN-00006968,60.12,2026-08-06 01:41:39.368897
6969,6969,UPI,Completed,2016-10-17,TXN-00006969,824.97,2026-08-06 01:41:39.368897
6970,6970,Net Banking,Completed,2017-01-14,TXN-00006970,24.85,2026-08-06 01:41:39.368897
6971,6971,Debit Card,Completed,2018-09-22,TXN-00006971,12.62,2026-08-06 01:41:39.368897
6972,6972,Debit Card,Completed,2018-09-23,TXN-00006972,89.58,2026-08-06 01:41:39.368897
6973,6973,Credit Card,Completed,2018-09-22,TXN-00006973,471.92,2026-08-06 01:41:39.368897
6974,6974,UPI,Completed,2018-09-23,TXN-00006974,18.18,2026-08-06 01:41:39.368897
6975,6975,Wallet,Completed,2018-09-18,TXN-00006975,31.74,2026-08-06 01:41:39.368897
6976,6976,Debit Card,Completed,2016-07-02,TXN-00006976,5.9,2026-08-06 01:41:39.368897
6977,6977,Net Banking,Completed,2016-07-02,TXN-00006977,621.76,2026-08-06 01:41:39.368897
6978,6978,Credit Card,Pending,2017-11-25,TXN-00006978,59.98,2026-08-06 01:41:39.368897
6979,6979,Cash,Completed,2018-11-26,TXN-00006979,48.87,2026-08-06 01:41:39.368897
6980,6980,Cash,Completed,2018-01-15,TXN-00006980,154.9,2026-08-06 01:41:39.368897
6981,6981,UPI,Completed,2015-11-11,TXN-00006981,5.92,2026-08-06 01:41:39.368897
6982,6982,Net Banking,Completed,2015-11-10,TXN-00006982,30.18,2026-08-06 01:41:39.368897
6983,6983,Wallet,Completed,2017-09-01,TXN-00006983,24.1,2026-08-06 01:41:39.368897
6984,6984,Wallet,Completed,2017-09-01,TXN-00006984,8.78,2026-08-06 01:41:39.368897
6985,6985,Wallet,Completed,2017-09-04,TXN-00006985,376.74,2026-08-06 01:41:39.368897
6986,6986,UPI,Completed,2017-09-02,TXN-00006986,29.52,2026-08-06 01:41:39.368897
6987,6987,Debit Card,Completed,2017-09-05,TXN-00006987,11.96,2026-08-06 01:41:39.368897
6988,6988,Wallet,Completed,2017-09-01,TXN-00006988,26.4,2026-08-06 01:41:39.368897
6989,6989,Cash,Completed,2018-11-14,TXN-00006989,1158.12,2026-08-06 01:41:39.368897
6990,6990,Wallet,Completed,2018-12-11,TXN-00006990,1.39,2026-08-06 01:41:39.368897
6991,6991,Debit Card,Completed,2016-11-09,TXN-00006991,44.43,2026-08-06 01:41:39.368897
6992,6992,UPI,Completed,2016-11-11,TXN-00006992,226.2,2026-08-06 01:41:39.368897
6993,6993,Debit Card,Completed,2016-11-12,TXN-00006993,186.54,2026-08-06 01:41:39.368897
6994,6994,Credit Card,Pending,2016-11-11,TXN-00006994,265.86,2026-08-06 01:41:39.368897
6995,6995,Wallet,Completed,2016-11-08,TXN-00006995,27.9,2026-08-06 01:41:39.368897
6996,6996,UPI,Completed,2016-11-21,TXN-00006996,31.08,2026-08-06 01:41:39.368897
6997,6997,Net Banking,Completed,2018-12-24,TXN-00006997,13.84,2026-08-06 01:41:39.368897
6998,6998,UPI,Pending,2018-12-27,TXN-00006998,175.87,2026-08-06 01:41:39.368897
6999,6999,Credit Card,Completed,2017-09-19,TXN-00006999,12.96,2026-08-06 01:41:39.368897
7000,7000,Debit Card,Completed,2018-05-30,TXN-00007000,208.44,2026-08-06 01:41:39.368897
7001,7001,Wallet,Completed,2018-05-27,TXN-00007001,25.76,2026-08-06 01:41:39.368897
7002,7002,Cash,Completed,2016-03-31,TXN-00007002,366.74,2026-08-06 01:41:39.368897
7003,7003,Credit Card,Completed,2015-08-22,TXN-00007003,289.24,2026-08-06 01:41:39.368897
7004,7004,Net Banking,Completed,2015-08-19,TXN-00007004,69.46,2026-08-06 01:41:39.368897
7005,7005,Wallet,Completed,2015-12-24,TXN-00007005,5.18,2026-08-06 01:41:39.368897
7006,7006,Net Banking,Completed,2016-11-04,TXN-00007006,205.16,2026-08-06 01:41:39.368897
7007,7007,Credit Card,Completed,2015-12-17,TXN-00007007,8.54,2026-08-06 01:41:39.368897
7008,7008,Credit Card,Completed,2016-08-23,TXN-00007008,12.83,2026-08-06 01:41:39.368897
7009,7009,Debit Card,Completed,2016-08-23,TXN-00007009,598.46,2026-08-06 01:41:39.368897
7010,7010,Cash,Pending,2016-08-25,TXN-00007010,25.98,2026-08-06 01:41:39.368897
7011,7011,Net Banking,Completed,2015-05-26,TXN-00007011,17.96,2026-08-06 01:41:39.368897
7012,7012,Cash,Completed,2015-05-27,TXN-00007012,5.04,2026-08-06 01:41:39.368897
7013,7013,Net Banking,Completed,2015-05-25,TXN-00007013,208.16,2026-08-06 01:41:39.368897
7014,7014,Credit Card,Completed,2018-12-09,TXN-00007014,148.26,2026-08-06 01:41:39.368897
7015,7015,Net Banking,Completed,2015-03-13,TXN-00007015,146.76,2026-08-06 01:41:39.368897
7016,7016,Debit Card,Completed,2015-03-12,TXN-00007016,32.96,2026-08-06 01:41:39.368897
7017,7017,Credit Card,Completed,2015-03-13,TXN-00007017,587.97,2026-08-06 01:41:39.368897
7018,7018,UPI,Completed,2015-03-14,TXN-00007018,14.94,2026-08-06 01:41:39.368897
7019,7019,Debit Card,Completed,2017-06-25,TXN-00007019,25.83,2026-08-06 01:41:39.368897
7020,7020,Debit Card,Completed,2015-08-26,TXN-00007020,15.55,2026-08-06 01:41:39.368897
7021,7021,Debit Card,Completed,2015-08-27,TXN-00007021,6.8,2026-08-06 01:41:39.368897
7022,7022,Wallet,Completed,2015-08-25,TXN-00007022,4.22,2026-08-06 01:41:39.368897
7023,7023,UPI,Completed,2015-08-26,TXN-00007023,143.64,2026-08-06 01:41:39.368897
7024,7024,Wallet,Pending,2015-08-24,TXN-00007024,31.1,2026-08-06 01:41:39.368897
7025,7025,Debit Card,Completed,2015-08-27,TXN-00007025,223.06,2026-08-06 01:41:39.368897
7026,7026,Cash,Completed,2018-02-09,TXN-00007026,227.46,2026-08-06 01:41:39.368897
7027,7027,Wallet,Completed,2018-02-07,TXN-00007027,46.24,2026-08-06 01:41:39.368897
7028,7028,Wallet,Completed,2018-01-30,TXN-00007028,5.22,2026-08-06 01:41:39.368897
7029,7029,UPI,Completed,2017-12-20,TXN-00007029,33.9,2026-08-06 01:41:39.368897
7030,7030,Cash,Refunded,2017-11-11,TXN-00007030,28.14,2026-08-06 01:41:39.368897
7031,7031,Debit Card,Completed,2017-11-13,TXN-00007031,36.0,2026-08-06 01:41:39.368897
7032,7032,Wallet,Completed,2017-11-13,TXN-00007032,92.94,2026-08-06 01:41:39.368897
7033,7033,Wallet,Completed,2017-11-15,TXN-00007033,245.65,2026-08-06 01:41:39.368897
7034,7034,Cash,Completed,2017-11-11,TXN-00007034,55.01,2026-08-06 01:41:39.368897
7035,7035,Cash,Completed,2017-11-15,TXN-00007035,35.23,2026-08-06 01:41:39.368897
7036,7036,Credit Card,Completed,2018-11-11,TXN-00007036,523.39,2026-08-06 01:41:39.368897
7037,7037,Debit Card,Completed,2015-05-05,TXN-00007037,479.98,2026-08-06 01:41:39.368897
7038,7038,Debit Card,Completed,2018-09-24,TXN-00007038,12.96,2026-08-06 01:41:39.368897
7039,7039,Credit Card,Completed,2018-09-23,TXN-00007039,17.94,2026-08-06 01:41:39.368897
7040,7040,Cash,Completed,2018-12-17,TXN-00007040,166.72,2026-08-06 01:41:39.368897
7041,7041,Wallet,Completed,2018-12-18,TXN-00007041,24.82,2026-08-06 01:41:39.368897
7042,7042,Credit Card,Completed,2018-12-17,TXN-00007042,124.36,2026-08-06 01:41:39.368897
7043,7043,Credit Card,Completed,2018-07-21,TXN-00007043,599.97,2026-08-06 01:41:39.368897
7044,7044,Wallet,Completed,2018-07-19,TXN-00007044,198.74,2026-08-06 01:41:39.368897
7045,7045,UPI,Completed,2018-07-21,TXN-00007045,9.18,2026-08-06 01:41:39.368897
7046,7046,UPI,Completed,2017-11-03,TXN-00007046,9.25,2026-08-06 01:41:39.368897
7047,7047,Credit Card,Pending,2015-04-08,TXN-00007047,99.59,2026-08-06 01:41:39.368897
7048,7048,Debit Card,Completed,2015-04-11,TXN-00007048,399.96,2026-08-06 01:41:39.368897
7049,7049,Net Banking,Completed,2017-08-14,TXN-00007049,15.55,2026-08-06 01:41:39.368897
7050,7050,Wallet,Completed,2015-09-25,TXN-00007050,14.58,2026-08-06 01:41:39.368897
7051,7051,Net Banking,Completed,2017-12-12,TXN-00007051,209.6,2026-08-06 01:41:39.368897
7052,7052,Credit Card,Completed,2017-12-12,TXN-00007052,23.32,2026-08-06 01:41:39.368897
7053,7053,Wallet,Completed,2017-12-13,TXN-00007053,30.98,2026-08-06 01:41:39.368897
7054,7054,Debit Card,Completed,2017-12-13,TXN-00007054,119.96,2026-08-06 01:41:39.368897
7055,7055,Cash,Completed,2017-12-13,TXN-00007055,363.92,2026-08-06 01:41:39.368897
7056,7056,Net Banking,Completed,2017-12-11,TXN-00007056,35.81,2026-08-06 01:41:39.368897
7057,7057,Credit Card,Completed,2017-12-14,TXN-00007057,122.69,2026-08-06 01:41:39.368897
7058,7058,Cash,Completed,2017-12-11,TXN-00007058,892.14,2026-08-06 01:41:39.368897
7059,7059,Wallet,Completed,2017-12-13,TXN-00007059,50.22,2026-08-06 01:41:39.368897
7060,7060,Credit Card,Completed,2017-12-14,TXN-00007060,83.42,2026-08-06 01:41:39.368897
7061,7061,Wallet,Completed,2017-12-15,TXN-00007061,5.87,2026-08-06 01:41:39.368897
7062,7062,Credit Card,Completed,2016-02-03,TXN-00007062,12.14,2026-08-06 01:41:39.368897
7063,7063,UPI,Completed,2018-01-01,TXN-00007063,27.79,2026-08-06 01:41:39.368897
7064,7064,Cash,Completed,2018-09-02,TXN-00007064,6.21,2026-08-06 01:41:39.368897
7065,7065,Wallet,Completed,2018-02-05,TXN-00007065,32.67,2026-08-06 01:41:39.368897
7066,7066,Net Banking,Completed,2015-12-10,TXN-00007066,1261.33,2026-08-06 01:41:39.368897
7067,7067,Credit Card,Completed,2017-05-31,TXN-00007067,38.88,2026-08-06 01:41:39.368897
7068,7068,Credit Card,Completed,2017-05-22,TXN-00007068,1.96,2026-08-06 01:41:39.368897
7069,7069,Credit Card,Completed,2017-05-22,TXN-00007069,82.66,2026-08-06 01:41:39.368897
7070,7070,UPI,Completed,2015-08-09,TXN-00007070,5.98,2026-08-06 01:41:39.368897
7071,7071,Wallet,Completed,2017-09-07,TXN-00007071,9.25,2026-08-06 01:41:39.368897
7072,7072,Debit Card,Completed,2017-07-25,TXN-00007072,4.45,2026-08-06 01:41:39.368897
7073,7073,Credit Card,Completed,2017-07-26,TXN-00007073,5.18,2026-08-06 01:41:39.368897
7074,7074,Cash,Pending,2017-07-23,TXN-00007074,175.92,2026-08-06 01:41:39.368897
7075,7075,Cash,Completed,2017-07-23,TXN-00007075,4.75,2026-08-06 01:41:39.368897
7076,7076,Net Banking,Completed,2017-07-26,TXN-00007076,13.34,2026-08-06 01:41:39.368897
7077,7077,UPI,Completed,2017-05-14,TXN-00007077,54.9,2026-08-06 01:41:39.368897
7078,7078,Credit Card,Completed,2017-09-02,TXN-00007078,22.91,2026-08-06 01:41:39.368897
7079,7079,UPI,Completed,2017-09-02,TXN-00007079,309.46,2026-08-06 01:41:39.368897
7080,7080,Debit Card,Completed,2017-09-05,TXN-00007080,19.46,2026-08-06 01:41:39.368897
7081,7081,Credit Card,Completed,2017-09-04,TXN-00007081,472.52,2026-08-06 01:41:39.368897
7082,7082,Cash,Pending,2017-09-04,TXN-00007082,1012.68,2026-08-06 01:41:39.368897
7083,7083,Credit Card,Completed,2017-09-03,TXN-00007083,17.22,2026-08-06 01:41:39.368897
7084,7084,UPI,Completed,2018-07-24,TXN-00007084,3.52,2026-08-06 01:41:39.368897
7085,7085,Net Banking,Completed,2018-07-22,TXN-00007085,1626.19,2026-08-06 01:41:39.368897
7086,7086,UPI,Completed,2018-09-29,TXN-00007086,8.6,2026-08-06 01:41:39.368897
7087,7087,Cash,Completed,2018-09-29,TXN-00007087,190.9,2026-08-06 01:41:39.368897
7088,7088,Debit Card,Completed,2018-08-07,TXN-00007088,99.87,2026-08-06 01:41:39.368897
7089,7089,Net Banking,Completed,2016-10-26,TXN-00007089,79.36,2026-08-06 01:41:39.368897
7090,7090,Wallet,Completed,2018-06-19,TXN-00007090,119.96,2026-08-06 01:41:39.368897
7091,7091,UPI,Completed,2016-01-13,TXN-00007091,106.32,2026-08-06 01:41:39.368897
7092,7092,Credit Card,Completed,2016-01-11,TXN-00007092,163.44,2026-08-06 01:41:39.368897
7093,7093,Wallet,Completed,2016-01-12,TXN-00007093,42.76,2026-08-06 01:41:39.368897
7094,7094,Net Banking,Completed,2016-01-13,TXN-00007094,51.55,2026-08-06 01:41:39.368897
7095,7095,Wallet,Completed,2016-02-10,TXN-00007095,479.95,2026-08-06 01:41:39.368897
7096,7096,Debit Card,Completed,2017-08-20,TXN-00007096,146.69,2026-08-06 01:41:39.368897
7097,7097,Cash,Completed,2017-08-23,TXN-00007097,276.78,2026-08-06 01:41:39.368897
7098,7098,Credit Card,Completed,2017-08-19,TXN-00007098,25.32,2026-08-06 01:41:39.368897
7099,7099,Net Banking,Completed,2018-11-10,TXN-00007099,318.96,2026-08-06 01:41:39.368897
7100,7100,UPI,Completed,2016-12-26,TXN-00007100,212.64,2026-08-06 01:41:39.368897
7101,7101,Debit Card,Completed,2015-11-23,TXN-00007101,23.47,2026-08-06 01:41:39.368897
7102,7102,UPI,Completed,2017-08-03,TXN-00007102,19.65,2026-08-06 01:41:39.368897
7103,7103,Wallet,Completed,2015-09-23,TXN-00007103,6.57,2026-08-06 01:41:39.368897
7104,7104,Debit Card,Completed,2018-09-05,TXN-00007104,421.1,2026-08-06 01:41:39.368897
7105,7105,Credit Card,Completed,2018-06-21,TXN-00007105,760.12,2026-08-06 01:41:39.368897
7106,7106,UPI,Completed,2018-06-20,TXN-00007106,38.78,2026-08-06 01:41:39.368897
7107,7107,Wallet,Completed,2018-06-20,TXN-00007107,122.33,2026-08-06 01:41:39.368897
7108,7108,Cash,Completed,2017-04-21,TXN-00007108,25.98,2026-08-06 01:41:39.368897
7109,7109,Wallet,Completed,2017-04-21,TXN-00007109,3.28,2026-08-06 01:41:39.368897
7110,7110,Wallet,Completed,2017-04-19,TXN-00007110,459.88,2026-08-06 01:41:39.368897
7111,7111,Cash,Completed,2017-04-21,TXN-00007111,7.76,2026-08-06 01:41:39.368897
7112,7112,Credit Card,Completed,2017-04-22,TXN-00007112,71.96,2026-08-06 01:41:39.368897
7113,7113,UPI,Completed,2017-04-23,TXN-00007113,54.9,2026-08-06 01:41:39.368897
7114,7114,UPI,Completed,2017-04-21,TXN-00007114,9.28,2026-08-06 01:41:39.368897
7115,7115,Credit Card,Completed,2017-05-07,TXN-00007115,1685.88,2026-08-06 01:41:39.368897
7116,7116,UPI,Completed,2017-05-06,TXN-00007116,5.73,2026-08-06 01:41:39.368897
7117,7117,Wallet,Completed,2015-10-18,TXN-00007117,61.96,2026-08-06 01:41:39.368897
7118,7118,Cash,Completed,2015-10-22,TXN-00007118,1.34,2026-08-06 01:41:39.368897
7119,7119,Cash,Completed,2018-02-13,TXN-00007119,17.94,2026-08-06 01:41:39.368897
7120,7120,Net Banking,Completed,2018-11-21,TXN-00007120,13.9,2026-08-06 01:41:39.368897
7121,7121,Credit Card,Completed,2015-01-24,TXN-00007121,67.19,2026-08-06 01:41:39.368897
7122,7122,Debit Card,Completed,2018-12-03,TXN-00007122,41.86,2026-08-06 01:41:39.368897
7123,7123,Cash,Completed,2018-12-01,TXN-00007123,141.96,2026-08-06 01:41:39.368897
7124,7124,Credit Card,Completed,2016-08-13,TXN-00007124,10.02,2026-08-06 01:41:39.368897
7125,7125,Debit Card,Completed,2016-08-12,TXN-00007125,144.12,2026-08-06 01:41:39.368897
7126,7126,UPI,Pending,2017-09-30,TXN-00007126,17.94,2026-08-06 01:41:39.368897
7127,7127,Cash,Completed,2017-09-28,TXN-00007127,13.89,2026-08-06 01:41:39.368897
7128,7128,Credit Card,Completed,2017-11-18,TXN-00007128,16.45,2026-08-06 01:41:39.368897
7129,7129,Wallet,Completed,2017-11-18,TXN-00007129,19.92,2026-08-06 01:41:39.368897
7130,7130,Wallet,Completed,2017-04-19,TXN-00007130,35.17,2026-08-06 01:41:39.368897
7131,7131,Cash,Completed,2017-04-20,TXN-00007131,123.09,2026-08-06 01:41:39.368897
7132,7132,Cash,Pending,2018-11-27,TXN-00007132,257.94,2026-08-06 01:41:39.368897
7133,7133,Credit Card,Completed,2018-11-30,TXN-00007133,1879.96,2026-08-06 01:41:39.368897
7134,7134,Cash,Completed,2018-11-26,TXN-00007134,27.46,2026-08-06 01:41:39.368897
7135,7135,Debit Card,Completed,2018-11-26,TXN-00007135,89.98,2026-08-06 01:41:39.368897
7136,7136,Net Banking,Completed,2018-11-29,TXN-00007136,828.6,2026-08-06 01:41:39.368897
7137,7137,Net Banking,Completed,2016-11-23,TXN-00007137,7.23,2026-08-06 01:41:39.368897
7138,7138,Wallet,Completed,2016-11-22,TXN-00007138,17.44,2026-08-06 01:41:39.368897
7139,7139,Credit Card,Completed,2016-11-24,TXN-00007139,62.88,2026-08-06 01:41:39.368897
7140,7140,Net Banking,Completed,2016-11-22,TXN-00007140,290.35,2026-08-06 01:41:39.368897
7141,7141,Cash,Completed,2018-09-11,TXN-00007141,113.52,2026-08-06 01:41:39.368897
7142,7142,UPI,Completed,2018-09-09,TXN-00007142,135.3,2026-08-06 01:41:39.368897
7143,7143,Debit Card,Completed,2015-11-27,TXN-00007143,111.15,2026-08-06 01:41:39.368897
7144,7144,Wallet,Completed,2018-03-13,TXN-00007144,776.85,2026-08-06 01:41:39.368897
7145,7145,UPI,Completed,2018-03-15,TXN-00007145,12.29,2026-08-06 01:41:39.368897
7146,7146,Credit Card,Completed,2018-03-14,TXN-00007146,154.76,2026-08-06 01:41:39.368897
7147,7147,UPI,Completed,2018-03-14,TXN-00007147,43.28,2026-08-06 01:41:39.368897
7148,7148,Credit Card,Completed,2017-06-14,TXN-00007148,92.94,2026-08-06 01:41:39.368897
7149,7149,Credit Card,Completed,2017-06-12,TXN-00007149,52.56,2026-08-06 01:41:39.368897
7150,7150,Wallet,Completed,2016-06-26,TXN-00007150,971.88,2026-08-06 01:41:39.368897
7151,7151,Credit Card,Completed,2018-12-23,TXN-00007151,141.96,2026-08-06 01:41:39.368897
7152,7152,Wallet,Completed,2018-12-25,TXN-00007152,182.55,2026-08-06 01:41:39.368897
7153,7153,Credit Card,Completed,2015-10-11,TXN-00007153,88.77,2026-08-06 01:41:39.368897
7154,7154,Cash,Completed,2016-12-12,TXN-00007154,53.09,2026-08-06 01:41:39.368897
7155,7155,Net Banking,Completed,2016-12-29,TXN-00007155,275.88,2026-08-06 01:41:39.368897
7156,7156,Wallet,Completed,2016-12-26,TXN-00007156,157.9,2026-08-06 01:41:39.368897
7157,7157,Credit Card,Completed,2018-05-01,TXN-00007157,4.91,2026-08-06 01:41:39.368897
7158,7158,Debit Card,Completed,2017-03-28,TXN-00007158,87.92,2026-08-06 01:41:39.368897
7159,7159,UPI,Completed,2017-03-28,TXN-00007159,5.98,2026-08-06 01:41:39.368897
7160,7160,Cash,Completed,2016-05-14,TXN-00007160,222.38,2026-08-06 01:41:39.368897
7161,7161,Wallet,Completed,2016-05-14,TXN-00007161,16.0,2026-08-06 01:41:39.368897
7162,7162,Cash,Completed,2015-07-04,TXN-00007162,21.84,2026-08-06 01:41:39.368897
7163,7163,Cash,Completed,2015-07-06,TXN-00007163,15.6,2026-08-06 01:41:39.368897
7164,7164,Net Banking,Completed,2015-04-23,TXN-00007164,247.84,2026-08-06 01:41:39.368897
7165,7165,Cash,Completed,2015-04-25,TXN-00007165,9.91,2026-08-06 01:41:39.368897
7166,7166,Wallet,Completed,2017-09-22,TXN-00007166,69.52,2026-08-06 01:41:39.368897
7167,7167,Credit Card,Completed,2015-07-26,TXN-00007167,11.52,2026-08-06 01:41:39.368897
7168,7168,Debit Card,Completed,2015-07-22,TXN-00007168,717.72,2026-08-06 01:41:39.368897
7169,7169,UPI,Completed,2015-07-26,TXN-00007169,236.5,2026-08-06 01:41:39.368897
7170,7170,Debit Card,Completed,2015-07-24,TXN-00007170,170.35,2026-08-06 01:41:39.368897
7171,7171,Wallet,Completed,2018-10-10,TXN-00007171,145.76,2026-08-06 01:41:39.368897
7172,7172,Cash,Completed,2018-04-25,TXN-00007172,107.97,2026-08-06 01:41:39.368897
7173,7173,Wallet,Completed,2018-03-30,TXN-00007173,143.96,2026-08-06 01:41:39.368897
7174,7174,Debit Card,Completed,2018-03-28,TXN-00007174,2399.96,2026-08-06 01:41:39.368897
7175,7175,Credit Card,Completed,2018-03-26,TXN-00007175,74.35,2026-08-06 01:41:39.368897
7176,7176,Net Banking,Completed,2018-03-30,TXN-00007176,87.17,2026-08-06 01:41:39.368897
7177,7177,Cash,Completed,2018-03-27,TXN-00007177,32.23,2026-08-06 01:41:39.368897
7178,7178,Credit Card,Completed,2018-05-08,TXN-00007178,2.2,2026-08-06 01:41:39.368897
7179,7179,Credit Card,Completed,2018-05-07,TXN-00007179,9.4,2026-08-06 01:41:39.368897
7180,7180,Credit Card,Completed,2017-11-14,TXN-00007180,89.97,2026-08-06 01:41:39.368897
7181,7181,Cash,Pending,2015-01-07,TXN-00007181,12.78,2026-08-06 01:41:39.368897
7182,7182,Cash,Completed,2017-12-27,TXN-00007182,40.0,2026-08-06 01:41:39.368897
7183,7183,Cash,Completed,2018-05-03,TXN-00007183,23.24,2026-08-06 01:41:39.368897
7184,7184,Wallet,Completed,2018-04-23,TXN-00007184,908.82,2026-08-06 01:41:39.368897
7185,7185,Cash,Completed,2018-08-18,TXN-00007185,5.55,2026-08-06 01:41:39.368897
7186,7186,UPI,Completed,2018-08-21,TXN-00007186,8.02,2026-08-06 01:41:39.368897
7187,7187,UPI,Completed,2018-08-18,TXN-00007187,74.59,2026-08-06 01:41:39.368897
7188,7188,Debit Card,Completed,2018-08-18,TXN-00007188,16.78,2026-08-06 01:41:39.368897
7189,7189,Debit Card,Completed,2018-08-17,TXN-00007189,38.86,2026-08-06 01:41:39.368897
7190,7190,Wallet,Completed,2017-11-15,TXN-00007190,203.98,2026-08-06 01:41:39.368897
7191,7191,Wallet,Completed,2017-11-14,TXN-00007191,674.35,2026-08-06 01:41:39.368897
7192,7192,Debit Card,Completed,2017-10-05,TXN-00007192,5.39,2026-08-06 01:41:39.368897
7193,7193,Net Banking,Completed,2017-10-04,TXN-00007193,30.98,2026-08-06 01:41:39.368897
7194,7194,Debit Card,Completed,2017-02-13,TXN-00007194,1350.12,2026-08-06 01:41:39.368897
7195,7195,UPI,Completed,2017-02-16,TXN-00007195,15.92,2026-08-06 01:41:39.368897
7196,7196,UPI,Completed,2017-11-17,TXN-00007196,19.54,2026-08-06 01:41:39.368897
7197,7197,Cash,Completed,2015-04-26,TXN-00007197,21.4,2026-08-06 01:41:39.368897
7198,7198,Net Banking,Completed,2015-04-30,TXN-00007198,12.6,2026-08-06 01:41:39.368897
7199,7199,Credit Card,Completed,2016-08-15,TXN-00007199,11.96,2026-08-06 01:41:39.368897
7200,7200,Credit Card,Completed,2016-08-14,TXN-00007200,138.0,2026-08-06 01:41:39.368897
7201,7201,Cash,Completed,2017-11-27,TXN-00007201,116.76,2026-08-06 01:41:39.368897
7202,7202,UPI,Completed,2017-11-29,TXN-00007202,331.02,2026-08-06 01:41:39.368897
7203,7203,Debit Card,Completed,2017-11-01,TXN-00007203,756.8,2026-08-06 01:41:39.368897
7204,7204,Cash,Completed,2015-12-29,TXN-00007204,8.74,2026-08-06 01:41:39.368897
7205,7205,Credit Card,Completed,2016-09-10,TXN-00007205,6.08,2026-08-06 01:41:39.368897
7206,7206,UPI,Completed,2018-10-06,TXN-00007206,17.46,2026-08-06 01:41:39.368897
7207,7207,UPI,Pending,2018-10-05,TXN-00007207,369.16,2026-08-06 01:41:39.368897
7208,7208,Net Banking,Completed,2017-09-13,TXN-00007208,2.91,2026-08-06 01:41:39.368897
7209,7209,Net Banking,Completed,2017-09-12,TXN-00007209,20.74,2026-08-06 01:41:39.368897
7210,7210,Debit Card,Completed,2017-09-14,TXN-00007210,9.57,2026-08-06 01:41:39.368897
7211,7211,UPI,Pending,2017-06-03,TXN-00007211,30.18,2026-08-06 01:41:39.368897
7212,7212,Credit Card,Completed,2017-06-02,TXN-00007212,51.65,2026-08-06 01:41:39.368897
7213,7213,Debit Card,Completed,2017-06-06,TXN-00007213,11.23,2026-08-06 01:41:39.368897
7214,7214,Credit Card,Pending,2018-10-16,TXN-00007214,14.73,2026-08-06 01:41:39.368897
7215,7215,Cash,Completed,2016-09-27,TXN-00007215,16.4,2026-08-06 01:41:39.368897
7216,7216,Credit Card,Completed,2016-10-01,TXN-00007216,25.92,2026-08-06 01:41:39.368897
7217,7217,UPI,Completed,2016-05-05,TXN-00007217,8.82,2026-08-06 01:41:39.368897
7218,7218,UPI,Completed,2016-05-04,TXN-00007218,62.5,2026-08-06 01:41:39.368897
7219,7219,UPI,Completed,2016-05-06,TXN-00007219,339.96,2026-08-06 01:41:39.368897
7220,7220,UPI,Completed,2016-05-07,TXN-00007220,49.57,2026-08-06 01:41:39.368897
7221,7221,Net Banking,Completed,2018-01-13,TXN-00007221,274.49,2026-08-06 01:41:39.368897
7222,7222,Cash,Completed,2018-01-27,TXN-00007222,137.94,2026-08-06 01:41:39.368897
7223,7223,UPI,Completed,2018-09-06,TXN-00007223,40.68,2026-08-06 01:41:39.368897
7224,7224,Credit Card,Completed,2017-07-16,TXN-00007224,110.38,2026-08-06 01:41:39.368897
7225,7225,Debit Card,Completed,2017-07-14,TXN-00007225,151.62,2026-08-06 01:41:39.368897
7226,7226,Wallet,Completed,2017-07-15,TXN-00007226,30.8,2026-08-06 01:41:39.368897
7227,7227,Credit Card,Pending,2018-02-27,TXN-00007227,123.92,2026-08-06 01:41:39.368897
7228,7228,Wallet,Completed,2018-02-28,TXN-00007228,1319.8,2026-08-06 01:41:39.368897
7229,7229,UPI,Completed,2015-07-23,TXN-00007229,89.71,2026-08-06 01:41:39.368897
7230,7230,Debit Card,Completed,2015-07-20,TXN-00007230,22.83,2026-08-06 01:41:39.368897
7231,7231,Wallet,Completed,2018-03-17,TXN-00007231,30.88,2026-08-06 01:41:39.368897
7232,7232,Debit Card,Completed,2018-03-13,TXN-00007232,465.16,2026-08-06 01:41:39.368897
7233,7233,Wallet,Completed,2018-03-15,TXN-00007233,27.12,2026-08-06 01:41:39.368897
7234,7234,Cash,Completed,2017-03-11,TXN-00007234,113.6,2026-08-06 01:41:39.368897
7235,7235,UPI,Completed,2017-03-09,TXN-00007235,12.96,2026-08-06 01:41:39.368897
7236,7236,Credit Card,Completed,2017-03-09,TXN-00007236,69.46,2026-08-06 01:41:39.368897
7237,7237,Credit Card,Completed,2015-12-08,TXN-00007237,8.64,2026-08-06 01:41:39.368897
7238,7238,Net Banking,Completed,2017-07-10,TXN-00007238,341.99,2026-08-06 01:41:39.368897
7239,7239,Credit Card,Completed,2017-12-25,TXN-00007239,43.96,2026-08-06 01:41:39.368897
7240,7240,Cash,Completed,2017-12-25,TXN-00007240,39.76,2026-08-06 01:41:39.368897
7241,7241,Credit Card,Completed,2018-04-25,TXN-00007241,66.36,2026-08-06 01:41:39.368897
7242,7242,UPI,Completed,2018-04-23,TXN-00007242,92.88,2026-08-06 01:41:39.368897
7243,7243,Debit Card,Completed,2018-04-23,TXN-00007243,24.14,2026-08-06 01:41:39.368897
7244,7244,Cash,Completed,2018-08-17,TXN-00007244,4416.17,2026-08-06 01:41:39.368897
7245,7245,Debit Card,Completed,2018-05-22,TXN-00007245,49.56,2026-08-06 01:41:39.368897
7246,7246,Wallet,Completed,2018-02-12,TXN-00007246,354.9,2026-08-06 01:41:39.368897
7247,7247,Cash,Completed,2015-03-03,TXN-00007247,15.12,2026-08-06 01:41:39.368897
7248,7248,Wallet,Completed,2015-03-03,TXN-00007248,302.45,2026-08-06 01:41:39.368897
7249,7249,Credit Card,Completed,2015-03-04,TXN-00007249,44.67,2026-08-06 01:41:39.368897
7250,7250,UPI,Completed,2016-06-06,TXN-00007250,119.98,2026-08-06 01:41:39.368897
7251,7251,Net Banking,Completed,2016-06-06,TXN-00007251,989.97,2026-08-06 01:41:39.368897
7252,7252,Credit Card,Completed,2017-08-27,TXN-00007252,9.22,2026-08-06 01:41:39.368897
7253,7253,UPI,Completed,2017-09-13,TXN-00007253,68.52,2026-08-06 01:41:39.368897
7254,7254,Credit Card,Completed,2017-05-31,TXN-00007254,364.74,2026-08-06 01:41:39.368897
7255,7255,Credit Card,Completed,2017-06-03,TXN-00007255,47.4,2026-08-06 01:41:39.368897
7256,7256,UPI,Completed,2017-05-30,TXN-00007256,49.76,2026-08-06 01:41:39.368897
7257,7257,Debit Card,Completed,2017-05-30,TXN-00007257,5.56,2026-08-06 01:41:39.368897
7258,7258,Net Banking,Completed,2017-06-03,TXN-00007258,629.1,2026-08-06 01:41:39.368897
7259,7259,Net Banking,Completed,2017-06-02,TXN-00007259,14.7,2026-08-06 01:41:39.368897
7260,7260,Cash,Completed,2017-05-31,TXN-00007260,45.36,2026-08-06 01:41:39.368897
7261,7261,Cash,Completed,2017-05-31,TXN-00007261,125.99,2026-08-06 01:41:39.368897
7262,7262,UPI,Completed,2018-06-10,TXN-00007262,14.7,2026-08-06 01:41:39.368897
7263,7263,Debit Card,Completed,2018-10-23,TXN-00007263,32.7,2026-08-06 01:41:39.368897
7264,7264,Wallet,Completed,2018-10-22,TXN-00007264,31.68,2026-08-06 01:41:39.368897
7265,7265,Credit Card,Completed,2018-06-17,TXN-00007265,181.86,2026-08-06 01:41:39.368897
7266,7266,Wallet,Completed,2015-11-24,TXN-00007266,155.37,2026-08-06 01:41:39.368897
7267,7267,Net Banking,Completed,2018-08-19,TXN-00007267,13.43,2026-08-06 01:41:39.368897
7268,7268,Credit Card,Completed,2018-08-20,TXN-00007268,67.14,2026-08-06 01:41:39.368897
7269,7269,Credit Card,Completed,2017-01-15,TXN-00007269,89.57,2026-08-06 01:41:39.368897
7270,7270,UPI,Completed,2017-01-14,TXN-00007270,315.78,2026-08-06 01:41:39.368897
7271,7271,Debit Card,Completed,2017-09-19,TXN-00007271,273.67,2026-08-06 01:41:39.368897
7272,7272,UPI,Completed,2017-09-19,TXN-00007272,17.48,2026-08-06 01:41:39.368897
7273,7273,Credit Card,Completed,2017-10-11,TXN-00007273,20.61,2026-08-06 01:41:39.368897
7274,7274,Cash,Completed,2017-10-13,TXN-00007274,4.1,2026-08-06 01:41:39.368897
7275,7275,Net Banking,Completed,2016-11-15,TXN-00007275,339.96,2026-08-06 01:41:39.368897
7276,7276,UPI,Completed,2016-11-17,TXN-00007276,63.98,2026-08-06 01:41:39.368897
7277,7277,Net Banking,Completed,2015-11-02,TXN-00007277,799.92,2026-08-06 01:41:39.368897
7278,7278,Debit Card,Completed,2017-07-22,TXN-00007278,35.98,2026-08-06 01:41:39.368897
7279,7279,Cash,Completed,2017-07-20,TXN-00007279,389.97,2026-08-06 01:41:39.368897
7280,7280,Credit Card,Completed,2017-05-14,TXN-00007280,185.53,2026-08-06 01:41:39.368897
7281,7281,Net Banking,Pending,2016-02-25,TXN-00007281,2541.98,2026-08-06 01:41:39.368897
7282,7282,Net Banking,Completed,2018-10-17,TXN-00007282,599.99,2026-08-06 01:41:39.368897
7283,7283,Credit Card,Completed,2018-06-26,TXN-00007283,3.04,2026-08-06 01:41:39.368897
7284,7284,Cash,Completed,2018-09-12,TXN-00007284,25.92,2026-08-06 01:41:39.368897
7285,7285,Credit Card,Completed,2018-09-10,TXN-00007285,66.11,2026-08-06 01:41:39.368897
7286,7286,Debit Card,Completed,2018-10-15,TXN-00007286,46.36,2026-08-06 01:41:39.368897
7287,7287,Credit Card,Completed,2017-06-23,TXN-00007287,6.9,2026-08-06 01:41:39.368897
7288,7288,Credit Card,Completed,2017-06-24,TXN-00007288,57.69,2026-08-06 01:41:39.368897
7289,7289,Net Banking,Completed,2015-09-05,TXN-00007289,559.71,2026-08-06 01:41:39.368897
7290,7290,UPI,Completed,2017-01-31,TXN-00007290,305.01,2026-08-06 01:41:39.368897
7291,7291,Cash,Completed,2017-01-30,TXN-00007291,50.78,2026-08-06 01:41:39.368897
7292,7292,Credit Card,Completed,2017-02-02,TXN-00007292,26.01,2026-08-06 01:41:39.368897
7293,7293,Net Banking,Completed,2018-12-07,TXN-00007293,649.0,2026-08-06 01:41:39.368897
7294,7294,UPI,Completed,2017-01-27,TXN-00007294,59.99,2026-08-06 01:41:39.368897
7295,7295,Cash,Completed,2016-05-29,TXN-00007295,20.24,2026-08-06 01:41:39.368897
7296,7296,Net Banking,Pending,2015-05-07,TXN-00007296,37.84,2026-08-06 01:41:39.368897
7297,7297,UPI,Completed,2015-05-07,TXN-00007297,5.47,2026-08-06 01:41:39.368897
7298,7298,UPI,Completed,2016-02-10,TXN-00007298,77.24,2026-08-06 01:41:39.368897
7299,7299,Cash,Completed,2015-11-22,TXN-00007299,292.1,2026-08-06 01:41:39.368897
7300,7300,Wallet,Completed,2015-11-19,TXN-00007300,8.54,2026-08-06 01:41:39.368897
7301,7301,Wallet,Completed,2015-11-21,TXN-00007301,424.12,2026-08-06 01:41:39.368897
7302,7302,Debit Card,Completed,2015-11-21,TXN-00007302,2.89,2026-08-06 01:41:39.368897
7303,7303,Wallet,Completed,2015-11-20,TXN-00007303,381.72,2026-08-06 01:41:39.368897
7304,7304,Wallet,Completed,2018-09-04,TXN-00007304,97.18,2026-08-06 01:41:39.368897
7305,7305,Cash,Completed,2018-09-06,TXN-00007305,10.37,2026-08-06 01:41:39.368897
7306,7306,UPI,Completed,2015-04-02,TXN-00007306,890.84,2026-08-06 01:41:39.368897
7307,7307,Debit Card,Completed,2017-11-06,TXN-00007307,72.0,2026-08-06 01:41:39.368897
7308,7308,Credit Card,Completed,2017-11-09,TXN-00007308,113.89,2026-08-06 01:41:39.368897
7309,7309,Debit Card,Completed,2017-11-06,TXN-00007309,158.13,2026-08-06 01:41:39.368897
7310,7310,Debit Card,Completed,2018-06-13,TXN-00007310,14.13,2026-08-06 01:41:39.368897
7311,7311,Wallet,Completed,2016-08-13,TXN-00007311,64.75,2026-08-06 01:41:39.368897
7312,7312,UPI,Completed,2016-10-12,TXN-00007312,1.87,2026-08-06 01:41:39.368897
7313,7313,Net Banking,Completed,2016-10-11,TXN-00007313,11.21,2026-08-06 01:41:39.368897
7314,7314,Wallet,Completed,2016-10-10,TXN-00007314,37.38,2026-08-06 01:41:39.368897
7315,7315,Credit Card,Completed,2017-05-29,TXN-00007315,286.4,2026-08-06 01:41:39.368897
7316,7316,UPI,Completed,2018-05-15,TXN-00007316,43.92,2026-08-06 01:41:39.368897
7317,7317,Cash,Completed,2017-10-18,TXN-00007317,142.18,2026-08-06 01:41:39.368897
7318,7318,Credit Card,Completed,2018-11-18,TXN-00007318,19.61,2026-08-06 01:41:39.368897
7319,7319,Wallet,Completed,2018-11-19,TXN-00007319,4.16,2026-08-06 01:41:39.368897
7320,7320,Wallet,Completed,2018-11-26,TXN-00007320,979.95,2026-08-06 01:41:39.368897
7321,7321,UPI,Completed,2018-11-28,TXN-00007321,135.3,2026-08-06 01:41:39.368897
7322,7322,Debit Card,Completed,2018-09-04,TXN-00007322,8.9,2026-08-06 01:41:39.368897
7323,7323,Wallet,Pending,2018-09-07,TXN-00007323,100.8,2026-08-06 01:41:39.368897
7324,7324,UPI,Completed,2018-12-08,TXN-00007324,41.96,2026-08-06 01:41:39.368897
7325,7325,Net Banking,Completed,2018-12-08,TXN-00007325,9.45,2026-08-06 01:41:39.368897
7326,7326,Credit Card,Completed,2018-11-12,TXN-00007326,400.8,2026-08-06 01:41:39.368897
7327,7327,Debit Card,Completed,2018-11-14,TXN-00007327,28.79,2026-08-06 01:41:39.368897
7328,7328,UPI,Completed,2015-03-19,TXN-00007328,111.0,2026-08-06 01:41:39.368897
7329,7329,Debit Card,Completed,2015-03-22,TXN-00007329,1279.97,2026-08-06 01:41:39.368897
7330,7330,Debit Card,Completed,2015-03-21,TXN-00007330,1856.19,2026-08-06 01:41:39.368897
7331,7331,UPI,Completed,2017-11-13,TXN-00007331,22.75,2026-08-06 01:41:39.368897
7332,7332,Debit Card,Completed,2018-10-27,TXN-00007332,61.54,2026-08-06 01:41:39.368897
7333,7333,Credit Card,Completed,2018-10-29,TXN-00007333,81.44,2026-08-06 01:41:39.368897
7334,7334,Debit Card,Completed,2016-04-12,TXN-00007334,67.36,2026-08-06 01:41:39.368897
7335,7335,Debit Card,Completed,2016-04-11,TXN-00007335,54.53,2026-08-06 01:41:39.368897
7336,7336,Wallet,Completed,2016-12-29,TXN-00007336,843.9,2026-08-06 01:41:39.368897
7337,7337,Wallet,Completed,2016-12-27,TXN-00007337,449.57,2026-08-06 01:41:39.368897
7338,7338,Credit Card,Completed,2018-09-24,TXN-00007338,15.51,2026-08-06 01:41:39.368897
7339,7339,Debit Card,Completed,2015-12-24,TXN-00007339,192.19,2026-08-06 01:41:39.368897
7340,7340,Cash,Completed,2016-07-21,TXN-00007340,5.76,2026-08-06 01:41:39.368897
7341,7341,Wallet,Completed,2015-07-29,TXN-00007341,67.88,2026-08-06 01:41:39.368897
7342,7342,Cash,Pending,2015-07-26,TXN-00007342,162.89,2026-08-06 01:41:39.368897
7343,7343,Debit Card,Completed,2015-07-27,TXN-00007343,25.71,2026-08-06 01:41:39.368897
7344,7344,Wallet,Completed,2015-12-29,TXN-00007344,191.88,2026-08-06 01:41:39.368897
7345,7345,Wallet,Completed,2018-12-12,TXN-00007345,721.88,2026-08-06 01:41:39.368897
7346,7346,Cash,Completed,2018-12-12,TXN-00007346,73.57,2026-08-06 01:41:39.368897
7347,7347,UPI,Completed,2018-12-15,TXN-00007347,13.58,2026-08-06 01:41:39.368897
7348,7348,Credit Card,Completed,2018-12-11,TXN-00007348,64.78,2026-08-06 01:41:39.368897
7349,7349,Credit Card,Completed,2015-03-03,TXN-00007349,176.77,2026-08-06 01:41:39.368897
7350,7350,Credit Card,Completed,2018-10-21,TXN-00007350,38.82,2026-08-06 01:41:39.368897
7351,7351,UPI,Completed,2018-10-25,TXN-00007351,21.9,2026-08-06 01:41:39.368897
7352,7352,Credit Card,Completed,2018-11-12,TXN-00007352,111.79,2026-08-06 01:41:39.368897
7353,7353,Debit Card,Pending,2018-03-17,TXN-00007353,445.44,2026-08-06 01:41:39.368897
7354,7354,Credit Card,Completed,2017-09-22,TXN-00007354,16.52,2026-08-06 01:41:39.368897
7355,7355,Net Banking,Completed,2018-02-10,TXN-00007355,29.9,2026-08-06 01:41:39.368897
7356,7356,Debit Card,Completed,2017-01-01,TXN-00007356,116.4,2026-08-06 01:41:39.368897
7357,7357,UPI,Completed,2017-10-12,TXN-00007357,1.41,2026-08-06 01:41:39.368897
7358,7358,Cash,Completed,2017-10-13,TXN-00007358,169.57,2026-08-06 01:41:39.368897
7359,7359,Wallet,Completed,2016-01-01,TXN-00007359,251.96,2026-08-06 01:41:39.368897
7360,7360,Credit Card,Completed,2015-12-31,TXN-00007360,523.76,2026-08-06 01:41:39.368897
7361,7361,Wallet,Completed,2017-04-13,TXN-00007361,19.44,2026-08-06 01:41:39.368897
7362,7362,Wallet,Completed,2017-04-15,TXN-00007362,194.35,2026-08-06 01:41:39.368897
7363,7363,Debit Card,Completed,2017-04-13,TXN-00007363,36.62,2026-08-06 01:41:39.368897
7364,7364,UPI,Completed,2017-12-01,TXN-00007364,340.18,2026-08-06 01:41:39.368897
7365,7365,Wallet,Completed,2017-12-02,TXN-00007365,12.67,2026-08-06 01:41:39.368897
7366,7366,UPI,Completed,2017-12-02,TXN-00007366,6.89,2026-08-06 01:41:39.368897
7367,7367,Net Banking,Completed,2017-11-28,TXN-00007367,32.54,2026-08-06 01:41:39.368897
7368,7368,Credit Card,Completed,2017-11-28,TXN-00007368,347.8,2026-08-06 01:41:39.368897
7369,7369,Cash,Completed,2018-04-17,TXN-00007369,15.57,2026-08-06 01:41:39.368897
7370,7370,Net Banking,Completed,2016-03-09,TXN-00007370,4.61,2026-08-06 01:41:39.368897
7371,7371,Cash,Completed,2015-11-01,TXN-00007371,257.98,2026-08-06 01:41:39.368897
7372,7372,Wallet,Completed,2018-01-09,TXN-00007372,153.78,2026-08-06 01:41:39.368897
7373,7373,Credit Card,Completed,2018-01-08,TXN-00007373,61.02,2026-08-06 01:41:39.368897
7374,7374,Cash,Pending,2018-01-08,TXN-00007374,110.11,2026-08-06 01:41:39.368897
7375,7375,Debit Card,Completed,2018-01-08,TXN-00007375,7.89,2026-08-06 01:41:39.368897
7376,7376,UPI,Completed,2018-08-16,TXN-00007376,36.02,2026-08-06 01:41:39.368897
7377,7377,UPI,Completed,2018-11-06,TXN-00007377,54.34,2026-08-06 01:41:39.368897
7378,7378,Net Banking,Completed,2015-09-21,TXN-00007378,92.52,2026-08-06 01:41:39.368897
7379,7379,UPI,Completed,2016-06-01,TXN-00007379,10.27,2026-08-06 01:41:39.368897
7380,7380,Net Banking,Completed,2017-09-15,TXN-00007380,40.74,2026-08-06 01:41:39.368897
7381,7381,UPI,Completed,2017-09-14,TXN-00007381,14.4,2026-08-06 01:41:39.368897
7382,7382,Cash,Completed,2017-09-15,TXN-00007382,149.95,2026-08-06 01:41:39.368897
7383,7383,Net Banking,Completed,2017-09-13,TXN-00007383,16.9,2026-08-06 01:41:39.368897
7384,7384,Cash,Completed,2017-09-15,TXN-00007384,17.61,2026-08-06 01:41:39.368897
7385,7385,UPI,Completed,2017-09-13,TXN-00007385,378.0,2026-08-06 01:41:39.368897
7386,7386,Net Banking,Completed,2017-09-17,TXN-00007386,17.64,2026-08-06 01:41:39.368897
7387,7387,Debit Card,Completed,2017-09-15,TXN-00007387,373.08,2026-08-06 01:41:39.368897
7388,7388,UPI,Completed,2017-09-13,TXN-00007388,1336.44,2026-08-06 01:41:39.368897
7389,7389,Cash,Completed,2017-09-13,TXN-00007389,29.97,2026-08-06 01:41:39.368897
7390,7390,UPI,Completed,2018-11-29,TXN-00007390,390.37,2026-08-06 01:41:39.368897
7391,7391,Cash,Completed,2018-12-03,TXN-00007391,101.52,2026-08-06 01:41:39.368897
7392,7392,Net Banking,Completed,2018-12-07,TXN-00007392,74.35,2026-08-06 01:41:39.368897
7393,7393,UPI,Pending,2018-05-05,TXN-00007393,15.7,2026-08-06 01:41:39.368897
7394,7394,Net Banking,Completed,2018-05-03,TXN-00007394,59.52,2026-08-06 01:41:39.368897
7395,7395,Cash,Completed,2018-05-05,TXN-00007395,34.4,2026-08-06 01:41:39.368897
7396,7396,UPI,Pending,2017-12-29,TXN-00007396,313.18,2026-08-06 01:41:39.368897
7397,7397,Wallet,Completed,2017-12-28,TXN-00007397,866.65,2026-08-06 01:41:39.368897
7398,7398,Credit Card,Completed,2015-10-01,TXN-00007398,795.41,2026-08-06 01:41:39.368897
7399,7399,Net Banking,Completed,2015-07-15,TXN-00007399,35.86,2026-08-06 01:41:39.368897
7400,7400,Wallet,Completed,2015-07-13,TXN-00007400,23.84,2026-08-06 01:41:39.368897
7401,7401,Credit Card,Completed,2017-09-12,TXN-00007401,43.13,2026-08-06 01:41:39.368897
7402,7402,Wallet,Completed,2017-09-09,TXN-00007402,30.87,2026-08-06 01:41:39.368897
7403,7403,Net Banking,Pending,2018-08-06,TXN-00007403,70.12,2026-08-06 01:41:39.368897
7404,7404,Net Banking,Completed,2016-05-16,TXN-00007404,509.96,2026-08-06 01:41:39.368897
7405,7405,Wallet,Completed,2016-05-15,TXN-00007405,122.91,2026-08-06 01:41:39.368897
7406,7406,UPI,Completed,2016-05-15,TXN-00007406,97.57,2026-08-06 01:41:39.368897
7407,7407,Debit Card,Completed,2016-05-16,TXN-00007407,722.35,2026-08-06 01:41:39.368897
7408,7408,UPI,Completed,2018-01-23,TXN-00007408,11.52,2026-08-06 01:41:39.368897
7409,7409,Net Banking,Completed,2017-06-03,TXN-00007409,167.84,2026-08-06 01:41:39.368897
7410,7410,Net Banking,Completed,2015-04-08,TXN-00007410,172.11,2026-08-06 01:41:39.368897
7411,7411,Credit Card,Completed,2015-07-23,TXN-00007411,99.98,2026-08-06 01:41:39.368897
7412,7412,Debit Card,Completed,2018-06-01,TXN-00007412,156.79,2026-08-06 01:41:39.368897
7413,7413,Wallet,Completed,2018-06-02,TXN-00007413,35.36,2026-08-06 01:41:39.368897
7414,7414,UPI,Completed,2018-05-31,TXN-00007414,13.59,2026-08-06 01:41:39.368897
7415,7415,UPI,Completed,2017-03-16,TXN-00007415,386.68,2026-08-06 01:41:39.368897
7416,7416,Cash,Completed,2017-03-17,TXN-00007416,379.96,2026-08-06 01:41:39.368897
7417,7417,Wallet,Completed,2017-03-13,TXN-00007417,539.91,2026-08-06 01:41:39.368897
7418,7418,Credit Card,Completed,2017-03-17,TXN-00007418,41.24,2026-08-06 01:41:39.368897
7419,7419,Cash,Completed,2017-03-14,TXN-00007419,51.9,2026-08-06 01:41:39.368897
7420,7420,UPI,Completed,2017-03-13,TXN-00007420,552.56,2026-08-06 01:41:39.368897
7421,7421,Cash,Completed,2017-03-16,TXN-00007421,23.16,2026-08-06 01:41:39.368897
7422,7422,Debit Card,Completed,2017-03-17,TXN-00007422,126.08,2026-08-06 01:41:39.368897
7423,7423,Cash,Completed,2017-03-16,TXN-00007423,449.1,2026-08-06 01:41:39.368897
7424,7424,Cash,Completed,2018-04-14,TXN-00007424,195.1,2026-08-06 01:41:39.368897
7425,7425,Cash,Completed,2018-04-13,TXN-00007425,36.67,2026-08-06 01:41:39.368897
7426,7426,Net Banking,Completed,2017-06-26,TXN-00007426,85.25,2026-08-06 01:41:39.368897
7427,7427,UPI,Completed,2017-06-26,TXN-00007427,32.71,2026-08-06 01:41:39.368897
7428,7428,Cash,Completed,2015-03-21,TXN-00007428,11.43,2026-08-06 01:41:39.368897
7429,7429,Cash,Completed,2015-03-18,TXN-00007429,30.44,2026-08-06 01:41:39.368897
7430,7430,Net Banking,Completed,2015-03-17,TXN-00007430,12.96,2026-08-06 01:41:39.368897
7431,7431,Wallet,Completed,2015-03-18,TXN-00007431,16.0,2026-08-06 01:41:39.368897
7432,7432,Wallet,Completed,2015-03-18,TXN-00007432,32.67,2026-08-06 01:41:39.368897
7433,7433,Net Banking,Completed,2015-08-10,TXN-00007433,4.46,2026-08-06 01:41:39.368897
7434,7434,Debit Card,Completed,2015-08-10,TXN-00007434,9.35,2026-08-06 01:41:39.368897
7435,7435,Debit Card,Completed,2016-07-26,TXN-00007435,9.14,2026-08-06 01:41:39.368897
7436,7436,UPI,Completed,2016-07-28,TXN-00007436,23.14,2026-08-06 01:41:39.368897
7437,7437,UPI,Completed,2016-07-28,TXN-00007437,99.2,2026-08-06 01:41:39.368897
7438,7438,Net Banking,Pending,2015-02-16,TXN-00007438,21.36,2026-08-06 01:41:39.368897
7439,7439,Net Banking,Completed,2016-03-25,TXN-00007439,46.9,2026-08-06 01:41:39.368897
7440,7440,Cash,Completed,2018-09-02,TXN-00007440,18.72,2026-08-06 01:41:39.368897
7441,7441,Cash,Completed,2018-09-02,TXN-00007441,236.53,2026-08-06 01:41:39.368897
7442,7442,Debit Card,Completed,2016-11-17,TXN-00007442,18.9,2026-08-06 01:41:39.368897
7443,7443,Cash,Completed,2015-12-13,TXN-00007443,10.69,2026-08-06 01:41:39.368897
7444,7444,Net Banking,Completed,2015-12-12,TXN-00007444,237.1,2026-08-06 01:41:39.368897
7445,7445,Net Banking,Completed,2018-02-03,TXN-00007445,5.18,2026-08-06 01:41:39.368897
7446,7446,Cash,Completed,2018-02-03,TXN-00007446,65.58,2026-08-06 01:41:39.368897
7447,7447,Cash,Completed,2018-02-06,TXN-00007447,22.2,2026-08-06 01:41:39.368897
7448,7448,Credit Card,Completed,2018-02-07,TXN-00007448,419.4,2026-08-06 01:41:39.368897
7449,7449,UPI,Completed,2018-11-15,TXN-00007449,88.92,2026-08-06 01:41:39.368897
7450,7450,Net Banking,Completed,2018-09-17,TXN-00007450,9.91,2026-08-06 01:41:39.368897
7451,7451,Net Banking,Completed,2018-09-17,TXN-00007451,318.43,2026-08-06 01:41:39.368897
7452,7452,Debit Card,Completed,2018-09-19,TXN-00007452,5.8,2026-08-06 01:41:39.368897
7453,7453,Debit Card,Completed,2018-09-17,TXN-00007453,1415.76,2026-08-06 01:41:39.368897
7454,7454,Cash,Pending,2018-06-28,TXN-00007454,148.48,2026-08-06 01:41:39.368897
7455,7455,Wallet,Completed,2017-07-31,TXN-00007455,9.25,2026-08-06 01:41:39.368897
7456,7456,Net Banking,Completed,2017-08-03,TXN-00007456,1036.62,2026-08-06 01:41:39.368897
7457,7457,Credit Card,Completed,2016-04-18,TXN-00007457,569.64,2026-08-06 01:41:39.368897
7458,7458,Debit Card,Completed,2016-04-19,TXN-00007458,9.14,2026-08-06 01:41:39.368897
7459,7459,UPI,Completed,2016-04-19,TXN-00007459,1196.86,2026-08-06 01:41:39.368897
7460,7460,Debit Card,Completed,2016-04-17,TXN-00007460,523.26,2026-08-06 01:41:39.368897
7461,7461,Wallet,Completed,2016-04-12,TXN-00007461,639.97,2026-08-06 01:41:39.368897
7462,7462,Credit Card,Completed,2016-04-14,TXN-00007462,52.76,2026-08-06 01:41:39.368897
7463,7463,Credit Card,Completed,2016-02-27,TXN-00007463,538.92,2026-08-06 01:41:39.368897
7464,7464,Debit Card,Completed,2017-09-12,TXN-00007464,14.88,2026-08-06 01:41:39.368897
7465,7465,Cash,Completed,2017-09-11,TXN-00007465,34.24,2026-08-06 01:41:39.368897
7466,7466,UPI,Completed,2017-09-08,TXN-00007466,261.74,2026-08-06 01:41:39.368897
7467,7467,UPI,Completed,2017-05-20,TXN-00007467,87.84,2026-08-06 01:41:39.368897
7468,7468,UPI,Completed,2018-11-11,TXN-00007468,34.92,2026-08-06 01:41:39.368897
7469,7469,UPI,Completed,2015-09-17,TXN-00007469,14.94,2026-08-06 01:41:39.368897
7470,7470,UPI,Completed,2015-09-19,TXN-00007470,14.56,2026-08-06 01:41:39.368897
7471,7471,Net Banking,Completed,2016-09-17,TXN-00007471,3.58,2026-08-06 01:41:39.368897
7472,7472,Credit Card,Completed,2016-09-15,TXN-00007472,147.18,2026-08-06 01:41:39.368897
7473,7473,UPI,Completed,2017-07-03,TXN-00007473,1499.95,2026-08-06 01:41:39.368897
7474,7474,UPI,Completed,2017-04-10,TXN-00007474,13.57,2026-08-06 01:41:39.368897
7475,7475,Debit Card,Completed,2015-01-08,TXN-00007475,2573.82,2026-08-06 01:41:39.368897
7476,7476,Wallet,Completed,2015-01-09,TXN-00007476,609.98,2026-08-06 01:41:39.368897
7477,7477,Net Banking,Completed,2015-01-09,TXN-00007477,5.48,2026-08-06 01:41:39.368897
7478,7478,Wallet,Completed,2015-01-09,TXN-00007478,391.98,2026-08-06 01:41:39.368897
7479,7479,Credit Card,Completed,2015-01-06,TXN-00007479,755.96,2026-08-06 01:41:39.368897
7480,7480,Wallet,Completed,2015-01-06,TXN-00007480,31.12,2026-08-06 01:41:39.368897
7481,7481,Wallet,Completed,2015-01-08,TXN-00007481,6.54,2026-08-06 01:41:39.368897
7482,7482,UPI,Completed,2017-09-01,TXN-00007482,12.78,2026-08-06 01:41:39.368897
7483,7483,Credit Card,Completed,2015-09-25,TXN-00007483,18.46,2026-08-06 01:41:39.368897
7484,7484,Credit Card,Completed,2015-12-15,TXN-00007484,445.8,2026-08-06 01:41:39.368897
7485,7485,Wallet,Completed,2018-12-31,TXN-00007485,2.48,2026-08-06 01:41:39.368897
7486,7486,Cash,Completed,2019-01-01,TXN-00007486,25.9,2026-08-06 01:41:39.368897
7487,7487,Debit Card,Completed,2016-12-21,TXN-00007487,29.9,2026-08-06 01:41:39.368897
7488,7488,UPI,Completed,2016-12-22,TXN-00007488,2249.91,2026-08-06 01:41:39.368897
7489,7489,Wallet,Completed,2016-12-22,TXN-00007489,1053.16,2026-08-06 01:41:39.368897
7490,7490,Debit Card,Completed,2018-11-05,TXN-00007490,12.96,2026-08-06 01:41:39.368897
7491,7491,Debit Card,Completed,2016-09-10,TXN-00007491,106.68,2026-08-06 01:41:39.368897
7492,7492,Credit Card,Completed,2018-11-18,TXN-00007492,119.94,2026-08-06 01:41:39.368897
7493,7493,Cash,Pending,2018-09-14,TXN-00007493,10.27,2026-08-06 01:41:39.368897
7494,7494,Debit Card,Completed,2018-09-12,TXN-00007494,512.19,2026-08-06 01:41:39.368897
7495,7495,Cash,Completed,2018-09-15,TXN-00007495,1.56,2026-08-06 01:41:39.368897
7496,7496,Net Banking,Pending,2018-07-17,TXN-00007496,4.45,2026-08-06 01:41:39.368897
7497,7497,Credit Card,Completed,2018-07-18,TXN-00007497,276.69,2026-08-06 01:41:39.368897
7498,7498,Cash,Completed,2018-07-14,TXN-00007498,4.96,2026-08-06 01:41:39.368897
7499,7499,Credit Card,Completed,2018-07-18,TXN-00007499,71.92,2026-08-06 01:41:39.368897
7500,7500,Debit Card,Completed,2018-07-15,TXN-00007500,18.84,2026-08-06 01:41:39.368897
7501,7501,Credit Card,Completed,2018-07-18,TXN-00007501,140.97,2026-08-06 01:41:39.368897
7502,7502,Credit Card,Completed,2018-07-14,TXN-00007502,470.38,2026-08-06 01:41:39.368897
7503,7503,Wallet,Completed,2018-04-02,TXN-00007503,6.08,2026-08-06 01:41:39.368897
7504,7504,Credit Card,Completed,2018-04-01,TXN-00007504,164.79,2026-08-06 01:41:39.368897
7505,7505,UPI,Completed,2017-01-31,TXN-00007505,23.36,2026-08-06 01:41:39.368897
7506,7506,Net Banking,Completed,2018-06-12,TXN-00007506,12.18,2026-08-06 01:41:39.368897
7507,7507,UPI,Completed,2015-11-05,TXN-00007507,46.38,2026-08-06 01:41:39.368897
7508,7508,Credit Card,Completed,2015-11-03,TXN-00007508,362.92,2026-08-06 01:41:39.368897
7509,7509,Cash,Completed,2018-07-14,TXN-00007509,9.25,2026-08-06 01:41:39.368897
7510,7510,Net Banking,Completed,2018-07-14,TXN-00007510,1889.95,2026-08-06 01:41:39.368897
7511,7511,UPI,Completed,2018-07-14,TXN-00007511,62.04,2026-08-06 01:41:39.368897
7512,7512,Credit Card,Completed,2018-07-15,TXN-00007512,396.92,2026-08-06 01:41:39.368897
7513,7513,Debit Card,Completed,2018-07-18,TXN-00007513,239.46,2026-08-06 01:41:39.368897
7514,7514,UPI,Completed,2018-07-14,TXN-00007514,13.12,2026-08-06 01:41:39.368897
7515,7515,Debit Card,Completed,2018-12-12,TXN-00007515,29.36,2026-08-06 01:41:39.368897
7516,7516,Wallet,Pending,2018-12-11,TXN-00007516,214.9,2026-08-06 01:41:39.368897
7517,7517,Credit Card,Completed,2018-12-12,TXN-00007517,15.92,2026-08-06 01:41:39.368897
7518,7518,Net Banking,Completed,2018-12-12,TXN-00007518,146.45,2026-08-06 01:41:39.368897
7519,7519,Cash,Pending,2018-12-10,TXN-00007519,15.14,2026-08-06 01:41:39.368897
7520,7520,Net Banking,Completed,2018-12-09,TXN-00007520,5.76,2026-08-06 01:41:39.368897
7521,7521,Net Banking,Completed,2018-12-09,TXN-00007521,1399.98,2026-08-06 01:41:39.368897
7522,7522,Debit Card,Completed,2017-09-06,TXN-00007522,8.95,2026-08-06 01:41:39.368897
7523,7523,Net Banking,Completed,2017-09-08,TXN-00007523,8.86,2026-08-06 01:41:39.368897
7524,7524,Credit Card,Completed,2017-09-07,TXN-00007524,85.25,2026-08-06 01:41:39.368897
7525,7525,Wallet,Completed,2015-09-14,TXN-00007525,21.73,2026-08-06 01:41:39.368897
7526,7526,Cash,Completed,2015-09-11,TXN-00007526,1487.04,2026-08-06 01:41:39.368897
7527,7527,UPI,Completed,2018-09-29,TXN-00007527,71.88,2026-08-06 01:41:39.368897
7528,7528,Debit Card,Completed,2018-09-26,TXN-00007528,9.24,2026-08-06 01:41:39.368897
7529,7529,Debit Card,Completed,2018-09-30,TXN-00007529,35.88,2026-08-06 01:41:39.368897
7530,7530,Wallet,Completed,2018-09-29,TXN-00007530,17.04,2026-08-06 01:41:39.368897
7531,7531,Net Banking,Completed,2018-09-28,TXN-00007531,931.18,2026-08-06 01:41:39.368897
7532,7532,Wallet,Completed,2017-06-18,TXN-00007532,266.35,2026-08-06 01:41:39.368897
7533,7533,Credit Card,Pending,2017-06-20,TXN-00007533,483.14,2026-08-06 01:41:39.368897
7534,7534,Net Banking,Completed,2018-02-28,TXN-00007534,196.78,2026-08-06 01:41:39.368897
7535,7535,Net Banking,Completed,2018-02-27,TXN-00007535,231.92,2026-08-06 01:41:39.368897
7536,7536,Debit Card,Completed,2018-04-03,TXN-00007536,29.7,2026-08-06 01:41:39.368897
7537,7537,Net Banking,Completed,2018-12-06,TXN-00007537,13.59,2026-08-06 01:41:39.368897
7538,7538,Cash,Completed,2017-02-22,TXN-00007538,70.88,2026-08-06 01:41:39.368897
7539,7539,UPI,Completed,2018-12-03,TXN-00007539,114.29,2026-08-06 01:41:39.368897
7540,7540,Wallet,Completed,2018-12-06,TXN-00007540,36.62,2026-08-06 01:41:39.368897
7541,7541,Cash,Completed,2018-12-04,TXN-00007541,242.35,2026-08-06 01:41:39.368897
7542,7542,UPI,Completed,2018-12-03,TXN-00007542,49.62,2026-08-06 01:41:39.368897
7543,7543,UPI,Completed,2018-12-02,TXN-00007543,508.7,2026-08-06 01:41:39.368897
7544,7544,Credit Card,Completed,2018-12-06,TXN-00007544,57.36,2026-08-06 01:41:39.368897
7545,7545,Wallet,Completed,2018-12-02,TXN-00007545,906.68,2026-08-06 01:41:39.368897
7546,7546,Cash,Completed,2015-10-14,TXN-00007546,719.95,2026-08-06 01:41:39.368897
7547,7547,Cash,Completed,2015-10-11,TXN-00007547,755.94,2026-08-06 01:41:39.368897
7548,7548,UPI,Completed,2015-10-13,TXN-00007548,11.98,2026-08-06 01:41:39.368897
7549,7549,Cash,Completed,2015-10-11,TXN-00007549,0.9,2026-08-06 01:41:39.368897
7550,7550,UPI,Completed,2017-09-07,TXN-00007550,21.2,2026-08-06 01:41:39.368897
7551,7551,Net Banking,Completed,2015-11-24,TXN-00007551,34.74,2026-08-06 01:41:39.368897
7552,7552,UPI,Completed,2015-11-20,TXN-00007552,833.94,2026-08-06 01:41:39.368897
7553,7553,Wallet,Completed,2015-11-20,TXN-00007553,12.96,2026-08-06 01:41:39.368897
7554,7554,Debit Card,Completed,2015-11-23,TXN-00007554,25.92,2026-08-06 01:41:39.368897
7555,7555,Net Banking,Completed,2015-05-11,TXN-00007555,349.97,2026-08-06 01:41:39.368897
7556,7556,Net Banking,Completed,2015-05-14,TXN-00007556,22.32,2026-08-06 01:41:39.368897
7557,7557,UPI,Completed,2018-11-29,TXN-00007557,158.28,2026-08-06 01:41:39.368897
7558,7558,Credit Card,Completed,2018-11-30,TXN-00007558,497.94,2026-08-06 01:41:39.368897
7559,7559,Wallet,Completed,2015-11-01,TXN-00007559,533.94,2026-08-06 01:41:39.368897
7560,7560,UPI,Pending,2015-11-05,TXN-00007560,167.94,2026-08-06 01:41:39.368897
7561,7561,UPI,Completed,2015-11-04,TXN-00007561,31.68,2026-08-06 01:41:39.368897
7562,7562,Debit Card,Completed,2018-01-02,TXN-00007562,170.79,2026-08-06 01:41:39.368897
7563,7563,Cash,Completed,2017-09-06,TXN-00007563,198.74,2026-08-06 01:41:39.368897
7564,7564,UPI,Completed,2018-10-06,TXN-00007564,63.82,2026-08-06 01:41:39.368897
7565,7565,Wallet,Completed,2017-01-31,TXN-00007565,435.17,2026-08-06 01:41:39.368897
7566,7566,Cash,Completed,2017-02-03,TXN-00007566,48.58,2026-08-06 01:41:39.368897
7567,7567,Wallet,Completed,2018-04-22,TXN-00007567,47.98,2026-08-06 01:41:39.368897
7568,7568,Net Banking,Completed,2018-04-23,TXN-00007568,20.74,2026-08-06 01:41:39.368897
7569,7569,Cash,Completed,2015-12-05,TXN-00007569,26.46,2026-08-06 01:41:39.368897
7570,7570,Cash,Completed,2015-12-05,TXN-00007570,49.12,2026-08-06 01:41:39.368897
7571,7571,Wallet,Completed,2015-12-08,TXN-00007571,15.0,2026-08-06 01:41:39.368897
7572,7572,Wallet,Completed,2015-10-23,TXN-00007572,194.7,2026-08-06 01:41:39.368897
7573,7573,Net Banking,Completed,2015-10-25,TXN-00007573,591.32,2026-08-06 01:41:39.368897
7574,7574,Wallet,Completed,2015-10-22,TXN-00007574,2.84,2026-08-06 01:41:39.368897
7575,7575,Net Banking,Completed,2016-12-09,TXN-00007575,221.96,2026-08-06 01:41:39.368897
7576,7576,Net Banking,Completed,2016-12-09,TXN-00007576,236.0,2026-08-06 01:41:39.368897
7577,7577,Cash,Completed,2015-11-06,TXN-00007577,41.94,2026-08-06 01:41:39.368897
7578,7578,Net Banking,Completed,2015-11-02,TXN-00007578,52.79,2026-08-06 01:41:39.368897
7579,7579,Cash,Pending,2017-12-18,TXN-00007579,563.94,2026-08-06 01:41:39.368897
7580,7580,UPI,Completed,2016-11-23,TXN-00007580,2625.12,2026-08-06 01:41:39.368897
7581,7581,Cash,Completed,2016-11-24,TXN-00007581,17.94,2026-08-06 01:41:39.368897
7582,7582,UPI,Completed,2016-08-15,TXN-00007582,422.86,2026-08-06 01:41:39.368897
7583,7583,UPI,Completed,2016-04-17,TXN-00007583,127.76,2026-08-06 01:41:39.368897
7584,7584,UPI,Completed,2015-03-25,TXN-00007584,3499.93,2026-08-06 01:41:39.368897
7585,7585,Credit Card,Completed,2015-03-21,TXN-00007585,14.4,2026-08-06 01:41:39.368897
7586,7586,Debit Card,Completed,2015-03-23,TXN-00007586,122.97,2026-08-06 01:41:39.368897
7587,7587,UPI,Completed,2015-03-25,TXN-00007587,9.32,2026-08-06 01:41:39.368897
7588,7588,Wallet,Completed,2015-03-25,TXN-00007588,122.94,2026-08-06 01:41:39.368897
7589,7589,Net Banking,Completed,2018-11-17,TXN-00007589,17.31,2026-08-06 01:41:39.368897
7590,7590,Credit Card,Completed,2016-09-26,TXN-00007590,128.74,2026-08-06 01:41:39.368897
7591,7591,UPI,Pending,2017-09-09,TXN-00007591,58.25,2026-08-06 01:41:39.368897
7592,7592,Debit Card,Completed,2017-09-05,TXN-00007592,71.25,2026-08-06 01:41:39.368897
7593,7593,UPI,Completed,2017-09-07,TXN-00007593,7.87,2026-08-06 01:41:39.368897
7594,7594,Net Banking,Completed,2017-09-06,TXN-00007594,887.27,2026-08-06 01:41:39.368897
7595,7595,Credit Card,Completed,2018-04-20,TXN-00007595,146.86,2026-08-06 01:41:39.368897
7596,7596,Credit Card,Completed,2018-04-23,TXN-00007596,36.56,2026-08-06 01:41:39.368897
7597,7597,Net Banking,Completed,2016-06-18,TXN-00007597,225.58,2026-08-06 01:41:39.368897
7598,7598,UPI,Completed,2015-09-17,TXN-00007598,5.25,2026-08-06 01:41:39.368897
7599,7599,Credit Card,Completed,2015-09-20,TXN-00007599,38.26,2026-08-06 01:41:39.368897
7600,7600,Cash,Completed,2015-09-21,TXN-00007600,40.24,2026-08-06 01:41:39.368897
7601,7601,Credit Card,Completed,2015-09-19,TXN-00007601,29.93,2026-08-06 01:41:39.368897
7602,7602,Net Banking,Completed,2015-09-18,TXN-00007602,148.7,2026-08-06 01:41:39.368897
7603,7603,Credit Card,Completed,2015-09-21,TXN-00007603,55.92,2026-08-06 01:41:39.368897
7604,7604,Credit Card,Completed,2017-07-12,TXN-00007604,12.96,2026-08-06 01:41:39.368897
7605,7605,UPI,Completed,2017-05-30,TXN-00007605,25.18,2026-08-06 01:41:39.368897
7606,7606,Net Banking,Completed,2017-05-27,TXN-00007606,5.58,2026-08-06 01:41:39.368897
7607,7607,Debit Card,Completed,2017-05-28,TXN-00007607,1297.37,2026-08-06 01:41:39.368897
7608,7608,Credit Card,Pending,2018-12-28,TXN-00007608,264.32,2026-08-06 01:41:39.368897
7609,7609,Debit Card,Completed,2018-05-03,TXN-00007609,25.92,2026-08-06 01:41:39.368897
7610,7610,Debit Card,Completed,2018-05-07,TXN-00007610,22.96,2026-08-06 01:41:39.368897
7611,7611,Cash,Completed,2015-02-24,TXN-00007611,19.44,2026-08-06 01:41:39.368897
7612,7612,Net Banking,Completed,2016-02-12,TXN-00007612,9.54,2026-08-06 01:41:39.368897
7613,7613,Debit Card,Completed,2016-02-11,TXN-00007613,5.81,2026-08-06 01:41:39.368897
7614,7614,Cash,Completed,2016-02-12,TXN-00007614,5.76,2026-08-06 01:41:39.368897
7615,7615,Debit Card,Completed,2016-08-28,TXN-00007615,14.91,2026-08-06 01:41:39.368897
7616,7616,Debit Card,Completed,2015-12-02,TXN-00007616,6.64,2026-08-06 01:41:39.368897
7617,7617,Net Banking,Completed,2017-12-13,TXN-00007617,18.54,2026-08-06 01:41:39.368897
7618,7618,UPI,Completed,2017-12-11,TXN-00007618,679.96,2026-08-06 01:41:39.368897
7619,7619,Debit Card,Completed,2018-10-29,TXN-00007619,189.58,2026-08-06 01:41:39.368897
7620,7620,Debit Card,Completed,2018-10-29,TXN-00007620,71.96,2026-08-06 01:41:39.368897
7621,7621,Cash,Completed,2015-11-28,TXN-00007621,539.92,2026-08-06 01:41:39.368897
7622,7622,Cash,Completed,2015-11-29,TXN-00007622,725.34,2026-08-06 01:41:39.368897
7623,7623,Debit Card,Completed,2015-11-29,TXN-00007623,7.44,2026-08-06 01:41:39.368897
7624,7624,Debit Card,Completed,2015-07-17,TXN-00007624,39.48,2026-08-06 01:41:39.368897
7625,7625,Debit Card,Completed,2016-05-24,TXN-00007625,850.5,2026-08-06 01:41:39.368897
7626,7626,UPI,Completed,2016-05-27,TXN-00007626,75.33,2026-08-06 01:41:39.368897
7627,7627,Wallet,Completed,2016-11-25,TXN-00007627,325.63,2026-08-06 01:41:39.368897
7628,7628,Wallet,Completed,2016-11-21,TXN-00007628,23.34,2026-08-06 01:41:39.368897
7629,7629,Cash,Completed,2016-11-22,TXN-00007629,16.52,2026-08-06 01:41:39.368897
7630,7630,Cash,Completed,2015-04-01,TXN-00007630,335.72,2026-08-06 01:41:39.368897
7631,7631,Debit Card,Completed,2015-03-30,TXN-00007631,251.94,2026-08-06 01:41:39.368897
7632,7632,Cash,Completed,2015-04-03,TXN-00007632,127.3,2026-08-06 01:41:39.368897
7633,7633,Cash,Pending,2019-01-02,TXN-00007633,1207.84,2026-08-06 01:41:39.368897
7634,7634,Credit Card,Completed,2018-12-31,TXN-00007634,12.53,2026-08-06 01:41:39.368897
7635,7635,Debit Card,Completed,2019-01-02,TXN-00007635,34.58,2026-08-06 01:41:39.368897
7636,7636,Cash,Completed,2019-01-01,TXN-00007636,300.98,2026-08-06 01:41:39.368897
7637,7637,UPI,Completed,2018-12-29,TXN-00007637,258.75,2026-08-06 01:41:39.368897
7638,7638,Credit Card,Completed,2018-03-06,TXN-00007638,59.52,2026-08-06 01:41:39.368897
7639,7639,Cash,Completed,2018-03-04,TXN-00007639,57.96,2026-08-06 01:41:39.368897
7640,7640,UPI,Completed,2018-03-03,TXN-00007640,441.96,2026-08-06 01:41:39.368897
7641,7641,Debit Card,Completed,2018-03-06,TXN-00007641,68.04,2026-08-06 01:41:39.368897
7642,7642,Credit Card,Completed,2017-10-09,TXN-00007642,703.71,2026-08-06 01:41:39.368897
7643,7643,Net Banking,Completed,2017-10-07,TXN-00007643,17.9,2026-08-06 01:41:39.368897
7644,7644,Debit Card,Completed,2017-10-10,TXN-00007644,11.98,2026-08-06 01:41:39.368897
7645,7645,Cash,Completed,2017-10-09,TXN-00007645,67.96,2026-08-06 01:41:39.368897
7646,7646,Wallet,Completed,2016-04-05,TXN-00007646,892.22,2026-08-06 01:41:39.368897
7647,7647,Debit Card,Completed,2015-09-11,TXN-00007647,1299.99,2026-08-06 01:41:39.368897
7648,7648,Wallet,Completed,2017-03-19,TXN-00007648,4.54,2026-08-06 01:41:39.368897
7649,7649,Debit Card,Completed,2017-03-15,TXN-00007649,1352.03,2026-08-06 01:41:39.368897
7650,7650,Credit Card,Completed,2016-12-29,TXN-00007650,1548.99,2026-08-06 01:41:39.368897
7651,7651,Wallet,Completed,2016-12-31,TXN-00007651,19.87,2026-08-06 01:41:39.368897
7652,7652,Credit Card,Completed,2018-08-10,TXN-00007652,119.45,2026-08-06 01:41:39.368897
7653,7653,Cash,Completed,2018-08-09,TXN-00007653,118.16,2026-08-06 01:41:39.368897
7654,7654,Credit Card,Completed,2016-03-23,TXN-00007654,19.56,2026-08-06 01:41:39.368897
7655,7655,Credit Card,Completed,2016-12-02,TXN-00007655,80.96,2026-08-06 01:41:39.368897
7656,7656,UPI,Completed,2016-12-04,TXN-00007656,25.92,2026-08-06 01:41:39.368897
7657,7657,Net Banking,Completed,2015-04-18,TXN-00007657,106.96,2026-08-06 01:41:39.368897
7658,7658,Cash,Completed,2015-04-17,TXN-00007658,187.76,2026-08-06 01:41:39.368897
7659,7659,UPI,Completed,2018-08-03,TXN-00007659,76.78,2026-08-06 01:41:39.368897
7660,7660,Credit Card,Completed,2018-06-01,TXN-00007660,53.9,2026-08-06 01:41:39.368897
7661,7661,Credit Card,Completed,2015-01-09,TXN-00007661,76.73,2026-08-06 01:41:39.368897
7662,7662,Net Banking,Completed,2015-01-09,TXN-00007662,10.43,2026-08-06 01:41:39.368897
7663,7663,Wallet,Pending,2018-09-30,TXN-00007663,99.2,2026-08-06 01:41:39.368897
7664,7664,Wallet,Completed,2018-09-14,TXN-00007664,15.92,2026-08-06 01:41:39.368897
7665,7665,UPI,Completed,2015-10-25,TXN-00007665,129.92,2026-08-06 01:41:39.368897
7666,7666,Debit Card,Pending,2017-10-08,TXN-00007666,30.4,2026-08-06 01:41:39.368897
7667,7667,Debit Card,Completed,2017-10-04,TXN-00007667,5399.91,2026-08-06 01:41:39.368897
7668,7668,Credit Card,Completed,2017-10-06,TXN-00007668,119.1,2026-08-06 01:41:39.368897
7669,7669,Wallet,Pending,2016-11-29,TXN-00007669,40.08,2026-08-06 01:41:39.368897
7670,7670,Credit Card,Completed,2016-11-28,TXN-00007670,59.94,2026-08-06 01:41:39.368897
7671,7671,UPI,Completed,2016-11-30,TXN-00007671,259.98,2026-08-06 01:41:39.368897
7672,7672,Credit Card,Completed,2016-11-27,TXN-00007672,170.98,2026-08-06 01:41:39.368897
7673,7673,UPI,Completed,2016-11-30,TXN-00007673,38.97,2026-08-06 01:41:39.368897
7674,7674,Net Banking,Completed,2016-11-28,TXN-00007674,154.9,2026-08-06 01:41:39.368897
7675,7675,Wallet,Completed,2016-11-29,TXN-00007675,446.07,2026-08-06 01:41:39.368897
7676,7676,UPI,Completed,2018-05-07,TXN-00007676,152.94,2026-08-06 01:41:39.368897
7677,7677,Credit Card,Completed,2015-10-10,TXN-00007677,23.47,2026-08-06 01:41:39.368897
7678,7678,UPI,Completed,2016-01-01,TXN-00007678,195.64,2026-08-06 01:41:39.368897
7679,7679,Debit Card,Completed,2016-01-01,TXN-00007679,14.94,2026-08-06 01:41:39.368897
7680,7680,Cash,Completed,2016-01-04,TXN-00007680,1687.8,2026-08-06 01:41:39.368897
7681,7681,UPI,Completed,2016-01-03,TXN-00007681,341.96,2026-08-06 01:41:39.368897
7682,7682,UPI,Completed,2016-01-02,TXN-00007682,605.88,2026-08-06 01:41:39.368897
7683,7683,Net Banking,Completed,2016-04-30,TXN-00007683,186.73,2026-08-06 01:41:39.368897
7684,7684,Wallet,Completed,2016-05-01,TXN-00007684,3812.97,2026-08-06 01:41:39.368897
7685,7685,Debit Card,Completed,2016-02-14,TXN-00007685,26.42,2026-08-06 01:41:39.368897
7686,7686,Wallet,Completed,2016-02-15,TXN-00007686,625.99,2026-08-06 01:41:39.368897
7687,7687,UPI,Completed,2017-11-27,TXN-00007687,1568.61,2026-08-06 01:41:39.368897
7688,7688,Net Banking,Completed,2017-11-28,TXN-00007688,17.3,2026-08-06 01:41:39.368897
7689,7689,Cash,Completed,2017-11-25,TXN-00007689,160.0,2026-08-06 01:41:39.368897
7690,7690,Wallet,Completed,2018-07-17,TXN-00007690,179.94,2026-08-06 01:41:39.368897
7691,7691,Debit Card,Completed,2018-07-17,TXN-00007691,872.94,2026-08-06 01:41:39.368897
7692,7692,Net Banking,Completed,2018-07-16,TXN-00007692,12.96,2026-08-06 01:41:39.368897
7693,7693,Net Banking,Completed,2016-01-01,TXN-00007693,88.8,2026-08-06 01:41:39.368897
7694,7694,Cash,Completed,2016-01-01,TXN-00007694,319.97,2026-08-06 01:41:39.368897
7695,7695,UPI,Completed,2017-03-22,TXN-00007695,167.89,2026-08-06 01:41:39.368897
7696,7696,Credit Card,Completed,2018-07-03,TXN-00007696,163.96,2026-08-06 01:41:39.368897
7697,7697,Debit Card,Completed,2018-07-03,TXN-00007697,5.23,2026-08-06 01:41:39.368897
7698,7698,Net Banking,Completed,2018-12-18,TXN-00007698,1199.98,2026-08-06 01:41:39.368897
7699,7699,Wallet,Completed,2018-12-18,TXN-00007699,73.85,2026-08-06 01:41:39.368897
7700,7700,Cash,Completed,2018-12-15,TXN-00007700,25.71,2026-08-06 01:41:39.368897
7701,7701,Net Banking,Completed,2018-12-18,TXN-00007701,17.28,2026-08-06 01:41:39.368897
7702,7702,Wallet,Completed,2018-12-14,TXN-00007702,526.58,2026-08-06 01:41:39.368897
7703,7703,Net Banking,Completed,2017-08-30,TXN-00007703,11.56,2026-08-06 01:41:39.368897
7704,7704,Cash,Completed,2017-08-26,TXN-00007704,209.97,2026-08-06 01:41:39.368897
7705,7705,Cash,Completed,2017-08-26,TXN-00007705,447.84,2026-08-06 01:41:39.368897
7706,7706,Cash,Completed,2017-08-26,TXN-00007706,479.97,2026-08-06 01:41:39.368897
7707,7707,Net Banking,Completed,2017-08-30,TXN-00007707,8.64,2026-08-06 01:41:39.368897
7708,7708,Cash,Completed,2018-10-19,TXN-00007708,11.68,2026-08-06 01:41:39.368897
7709,7709,Credit Card,Completed,2015-10-26,TXN-00007709,40.78,2026-08-06 01:41:39.368897
7710,7710,Debit Card,Completed,2015-10-28,TXN-00007710,13.7,2026-08-06 01:41:39.368897
7711,7711,Wallet,Completed,2016-04-05,TXN-00007711,87.8,2026-08-06 01:41:39.368897
7712,7712,Wallet,Completed,2018-11-01,TXN-00007712,77.95,2026-08-06 01:41:39.368897
7713,7713,Cash,Completed,2018-10-30,TXN-00007713,147.18,2026-08-06 01:41:39.368897
7714,7714,UPI,Completed,2018-11-01,TXN-00007714,47.95,2026-08-06 01:41:39.368897
7715,7715,Cash,Completed,2015-12-09,TXN-00007715,250.26,2026-08-06 01:41:39.368897
7716,7716,Credit Card,Completed,2018-11-06,TXN-00007716,40.78,2026-08-06 01:41:39.368897
7717,7717,Credit Card,Completed,2016-01-06,TXN-00007717,29.6,2026-08-06 01:41:39.368897
7718,7718,UPI,Completed,2016-01-09,TXN-00007718,1.94,2026-08-06 01:41:39.368897
7719,7719,Credit Card,Completed,2018-09-13,TXN-00007719,159.96,2026-08-06 01:41:39.368897
7720,7720,Wallet,Completed,2016-01-05,TXN-00007720,59.52,2026-08-06 01:41:39.368897
7721,7721,Wallet,Completed,2016-01-08,TXN-00007721,17.48,2026-08-06 01:41:39.368897
7722,7722,Net Banking,Completed,2016-01-06,TXN-00007722,13.17,2026-08-06 01:41:39.368897
7723,7723,Net Banking,Completed,2018-04-16,TXN-00007723,40.74,2026-08-06 01:41:39.368897
7724,7724,Debit Card,Completed,2016-09-12,TXN-00007724,179.89,2026-08-06 01:41:39.368897
7725,7725,Debit Card,Completed,2017-09-27,TXN-00007725,286.26,2026-08-06 01:41:39.368897
7726,7726,Debit Card,Pending,2017-09-28,TXN-00007726,24.22,2026-08-06 01:41:39.368897
7727,7727,UPI,Completed,2017-09-28,TXN-00007727,331.54,2026-08-06 01:41:39.368897
7728,7728,Credit Card,Completed,2016-03-19,TXN-00007728,17.52,2026-08-06 01:41:39.368897
7729,7729,Debit Card,Pending,2017-11-29,TXN-00007729,17.86,2026-08-06 01:41:39.368897
7730,7730,Credit Card,Completed,2017-09-26,TXN-00007730,431.98,2026-08-06 01:41:39.368897
7731,7731,Debit Card,Completed,2018-06-14,TXN-00007731,291.14,2026-08-06 01:41:39.368897
7732,7732,Net Banking,Completed,2018-09-19,TXN-00007732,114.85,2026-08-06 01:41:39.368897
7733,7733,Wallet,Completed,2018-06-03,TXN-00007733,10.69,2026-08-06 01:41:39.368897
7734,7734,Debit Card,Completed,2017-05-17,TXN-00007734,15.23,2026-08-06 01:41:39.368897
7735,7735,Wallet,Completed,2018-09-15,TXN-00007735,12.42,2026-08-06 01:41:39.368897
7736,7736,Debit Card,Pending,2017-08-24,TXN-00007736,19.44,2026-08-06 01:41:39.368897
7737,7737,Cash,Completed,2015-06-03,TXN-00007737,70.37,2026-08-06 01:41:39.368897
7738,7738,Cash,Completed,2018-12-18,TXN-00007738,12.67,2026-08-06 01:41:39.368897
7739,7739,Debit Card,Completed,2018-08-01,TXN-00007739,89.95,2026-08-06 01:41:39.368897
7740,7740,Wallet,Completed,2015-11-25,TXN-00007740,6.58,2026-08-06 01:41:39.368897
7741,7741,Wallet,Completed,2015-11-22,TXN-00007741,94.99,2026-08-06 01:41:39.368897
7742,7742,Credit Card,Completed,2016-09-24,TXN-00007742,35.12,2026-08-06 01:41:39.368897
7743,7743,Net Banking,Completed,2018-08-22,TXN-00007743,25.92,2026-08-06 01:41:39.368897
7744,7744,Credit Card,Completed,2017-06-20,TXN-00007744,7.96,2026-08-06 01:41:39.368897
7745,7745,Debit Card,Completed,2017-06-21,TXN-00007745,566.97,2026-08-06 01:41:39.368897
7746,7746,Net Banking,Completed,2017-06-19,TXN-00007746,9.84,2026-08-06 01:41:39.368897
7747,7747,Credit Card,Completed,2016-12-22,TXN-00007747,25.49,2026-08-06 01:41:39.368897
7748,7748,Net Banking,Completed,2016-05-31,TXN-00007748,7.56,2026-08-06 01:41:39.368897
7749,7749,Debit Card,Completed,2016-06-18,TXN-00007749,60.84,2026-08-06 01:41:39.368897
7750,7750,UPI,Completed,2016-06-19,TXN-00007750,450.04,2026-08-06 01:41:39.368897
7751,7751,Credit Card,Completed,2016-06-20,TXN-00007751,34.6,2026-08-06 01:41:39.368897
7752,7752,Debit Card,Completed,2016-06-19,TXN-00007752,467.97,2026-08-06 01:41:39.368897
7753,7753,Credit Card,Completed,2016-06-18,TXN-00007753,33.02,2026-08-06 01:41:39.368897
7754,7754,Wallet,Completed,2016-12-04,TXN-00007754,17.09,2026-08-06 01:41:39.368897
7755,7755,Wallet,Completed,2016-12-23,TXN-00007755,3.01,2026-08-06 01:41:39.368897
7756,7756,Debit Card,Completed,2018-11-17,TXN-00007756,268.24,2026-08-06 01:41:39.368897
7757,7757,Cash,Completed,2018-11-21,TXN-00007757,431.16,2026-08-06 01:41:39.368897
7758,7758,Credit Card,Completed,2018-11-15,TXN-00007758,43.6,2026-08-06 01:41:39.368897
7759,7759,Debit Card,Completed,2018-11-14,TXN-00007759,154.95,2026-08-06 01:41:39.368897
7760,7760,Net Banking,Completed,2017-10-28,TXN-00007760,15.55,2026-08-06 01:41:39.368897
7761,7761,Cash,Completed,2015-12-10,TXN-00007761,42.21,2026-08-06 01:41:39.368897
7762,7762,UPI,Completed,2018-12-07,TXN-00007762,10.37,2026-08-06 01:41:39.368897
7763,7763,Net Banking,Completed,2018-09-27,TXN-00007763,2.22,2026-08-06 01:41:39.368897
7764,7764,Cash,Completed,2016-02-04,TXN-00007764,74.52,2026-08-06 01:41:39.368897
7765,7765,Cash,Completed,2018-08-15,TXN-00007765,17.52,2026-08-06 01:41:39.368897
7766,7766,Net Banking,Completed,2018-08-13,TXN-00007766,1779.9,2026-08-06 01:41:39.368897
7767,7767,Credit Card,Completed,2018-08-12,TXN-00007767,219.9,2026-08-06 01:41:39.368897
7768,7768,Debit Card,Completed,2016-08-26,TXN-00007768,7.15,2026-08-06 01:41:39.368897
7769,7769,Net Banking,Completed,2018-11-12,TXN-00007769,26.72,2026-08-06 01:41:39.368897
7770,7770,Credit Card,Completed,2017-08-04,TXN-00007770,1039.73,2026-08-06 01:41:39.368897
7771,7771,Net Banking,Completed,2017-08-03,TXN-00007771,45.96,2026-08-06 01:41:39.368897
7772,7772,Wallet,Completed,2017-11-29,TXN-00007772,456.59,2026-08-06 01:41:39.368897
7773,7773,Wallet,Completed,2017-11-26,TXN-00007773,4499.99,2026-08-06 01:41:39.368897
7774,7774,Debit Card,Completed,2017-11-28,TXN-00007774,59.98,2026-08-06 01:41:39.368897
7775,7775,Credit Card,Completed,2017-04-17,TXN-00007775,6.12,2026-08-06 01:41:39.368897
7776,7776,Wallet,Completed,2015-12-28,TXN-00007776,10.98,2026-08-06 01:41:39.368897
7777,7777,Cash,Completed,2015-12-28,TXN-00007777,7.86,2026-08-06 01:41:39.368897
7778,7778,Wallet,Completed,2015-12-28,TXN-00007778,51.45,2026-08-06 01:41:39.368897
7779,7779,Debit Card,Completed,2015-12-30,TXN-00007779,37.06,2026-08-06 01:41:39.368897
7780,7780,Wallet,Completed,2017-04-21,TXN-00007780,203.92,2026-08-06 01:41:39.368897
7781,7781,Net Banking,Completed,2017-04-19,TXN-00007781,29.56,2026-08-06 01:41:39.368897
7782,7782,Wallet,Pending,2016-03-09,TXN-00007782,8.57,2026-08-06 01:41:39.368897
7783,7783,Debit Card,Pending,2017-11-08,TXN-00007783,45.25,2026-08-06 01:41:39.368897
7784,7784,Debit Card,Completed,2017-11-04,TXN-00007784,876.3,2026-08-06 01:41:39.368897
7785,7785,Credit Card,Completed,2017-11-05,TXN-00007785,185.38,2026-08-06 01:41:39.368897
7786,7786,Debit Card,Completed,2015-12-03,TXN-00007786,25.06,2026-08-06 01:41:39.368897
7787,7787,Net Banking,Completed,2017-05-18,TXN-00007787,2.89,2026-08-06 01:41:39.368897
7788,7788,Debit Card,Completed,2017-05-18,TXN-00007788,7.9,2026-08-06 01:41:39.368897
7789,7789,Net Banking,Completed,2017-05-17,TXN-00007789,22.61,2026-08-06 01:41:39.368897
7790,7790,Net Banking,Completed,2017-05-17,TXN-00007790,30.53,2026-08-06 01:41:39.368897
7791,7791,Cash,Completed,2018-09-22,TXN-00007791,4.84,2026-08-06 01:41:39.368897
7792,7792,Debit Card,Completed,2017-12-22,TXN-00007792,1.8,2026-08-06 01:41:39.368897
7793,7793,UPI,Completed,2018-10-12,TXN-00007793,39.98,2026-08-06 01:41:39.368897
7794,7794,Wallet,Completed,2016-12-12,TXN-00007794,32.4,2026-08-06 01:41:39.368897
7795,7795,Debit Card,Completed,2016-12-14,TXN-00007795,97.88,2026-08-06 01:41:39.368897
7796,7796,UPI,Completed,2016-07-16,TXN-00007796,307.17,2026-08-06 01:41:39.368897
7797,7797,Cash,Completed,2016-10-03,TXN-00007797,26.9,2026-08-06 01:41:39.368897
7798,7798,Debit Card,Completed,2018-03-26,TXN-00007798,47.01,2026-08-06 01:41:39.368897
7799,7799,Debit Card,Completed,2018-03-28,TXN-00007799,469.99,2026-08-06 01:41:39.368897
7800,7800,Net Banking,Completed,2018-03-24,TXN-00007800,207.85,2026-08-06 01:41:39.368897
7801,7801,UPI,Completed,2018-06-03,TXN-00007801,324.74,2026-08-06 01:41:39.368897
7802,7802,Wallet,Completed,2015-03-26,TXN-00007802,40.48,2026-08-06 01:41:39.368897
7803,7803,Cash,Completed,2016-09-26,TXN-00007803,12.0,2026-08-06 01:41:39.368897
7804,7804,Wallet,Pending,2016-09-22,TXN-00007804,720.06,2026-08-06 01:41:39.368897
7805,7805,Debit Card,Completed,2016-09-22,TXN-00007805,25.42,2026-08-06 01:41:39.368897
7806,7806,Credit Card,Completed,2016-09-22,TXN-00007806,2.82,2026-08-06 01:41:39.368897
7807,7807,Credit Card,Completed,2016-09-22,TXN-00007807,3.2,2026-08-06 01:41:39.368897
7808,7808,UPI,Completed,2017-01-08,TXN-00007808,30.83,2026-08-06 01:41:39.368897
7809,7809,Cash,Completed,2017-01-11,TXN-00007809,47.62,2026-08-06 01:41:39.368897
7810,7810,Credit Card,Completed,2017-01-12,TXN-00007810,108.78,2026-08-06 01:41:39.368897
7811,7811,UPI,Completed,2017-02-18,TXN-00007811,4.77,2026-08-06 01:41:39.368897
7812,7812,Credit Card,Completed,2017-02-14,TXN-00007812,7.98,2026-08-06 01:41:39.368897
7813,7813,Credit Card,Completed,2017-02-17,TXN-00007813,550.43,2026-08-06 01:41:39.368897
7814,7814,UPI,Completed,2017-02-14,TXN-00007814,10.56,2026-08-06 01:41:39.368897
7815,7815,Wallet,Completed,2018-06-09,TXN-00007815,1497.67,2026-08-06 01:41:39.368897
7816,7816,Debit Card,Completed,2018-06-09,TXN-00007816,17.52,2026-08-06 01:41:39.368897
7817,7817,Wallet,Completed,2017-10-25,TXN-00007817,113.22,2026-08-06 01:41:39.368897
7818,7818,UPI,Completed,2017-10-23,TXN-00007818,35.88,2026-08-06 01:41:39.368897
7819,7819,Credit Card,Completed,2017-10-21,TXN-00007819,4535.98,2026-08-06 01:41:39.368897
7820,7820,UPI,Completed,2018-01-26,TXN-00007820,11.84,2026-08-06 01:41:39.368897
7821,7821,Cash,Completed,2018-12-08,TXN-00007821,592.74,2026-08-06 01:41:39.368897
7822,7822,Credit Card,Completed,2017-10-24,TXN-00007822,111.67,2026-08-06 01:41:39.368897
7823,7823,Credit Card,Completed,2015-08-28,TXN-00007823,8.64,2026-08-06 01:41:39.368897
7824,7824,Net Banking,Completed,2015-08-28,TXN-00007824,149.97,2026-08-06 01:41:39.368897
7825,7825,Debit Card,Completed,2015-05-16,TXN-00007825,232.88,2026-08-06 01:41:39.368897
7826,7826,UPI,Completed,2016-02-05,TXN-00007826,90.88,2026-08-06 01:41:39.368897
7827,7827,Debit Card,Completed,2018-11-03,TXN-00007827,508.77,2026-08-06 01:41:39.368897
7828,7828,UPI,Completed,2018-11-01,TXN-00007828,9.91,2026-08-06 01:41:39.368897
7829,7829,Net Banking,Completed,2016-04-27,TXN-00007829,63.94,2026-08-06 01:41:39.368897
7830,7830,Debit Card,Completed,2016-04-30,TXN-00007830,59.52,2026-08-06 01:41:39.368897
7831,7831,Credit Card,Completed,2016-04-28,TXN-00007831,311.98,2026-08-06 01:41:39.368897
7832,7832,Wallet,Completed,2016-04-30,TXN-00007832,50.35,2026-08-06 01:41:39.368897
7833,7833,Cash,Completed,2017-05-10,TXN-00007833,19.14,2026-08-06 01:41:39.368897
7834,7834,Debit Card,Completed,2016-01-26,TXN-00007834,13.12,2026-08-06 01:41:39.368897
7835,7835,Net Banking,Completed,2016-04-17,TXN-00007835,241.57,2026-08-06 01:41:39.368897
7836,7836,Cash,Completed,2016-04-14,TXN-00007836,479.92,2026-08-06 01:41:39.368897
7837,7837,Debit Card,Completed,2016-09-28,TXN-00007837,307.14,2026-08-06 01:41:39.368897
7838,7838,Wallet,Completed,2016-09-29,TXN-00007838,12.6,2026-08-06 01:41:39.368897
7839,7839,Net Banking,Completed,2016-09-28,TXN-00007839,159.98,2026-08-06 01:41:39.368897
7840,7840,Wallet,Completed,2015-03-30,TXN-00007840,6.12,2026-08-06 01:41:39.368897
7841,7841,UPI,Completed,2015-03-30,TXN-00007841,1184.72,2026-08-06 01:41:39.368897
7842,7842,Cash,Completed,2017-07-21,TXN-00007842,45.96,2026-08-06 01:41:39.368897
7843,7843,Credit Card,Completed,2015-04-21,TXN-00007843,58.05,2026-08-06 01:41:39.368897
7844,7844,Credit Card,Completed,2015-04-21,TXN-00007844,71.28,2026-08-06 01:41:39.368897
7845,7845,Wallet,Completed,2018-07-24,TXN-00007845,124.4,2026-08-06 01:41:39.368897
7846,7846,Credit Card,Completed,2016-09-28,TXN-00007846,154.9,2026-08-06 01:41:39.368897
7847,7847,Cash,Completed,2016-09-28,TXN-00007847,1871.88,2026-08-06 01:41:39.368897
7848,7848,Wallet,Completed,2017-03-03,TXN-00007848,16.19,2026-08-06 01:41:39.368897
7849,7849,Debit Card,Completed,2017-05-02,TXN-00007849,18.94,2026-08-06 01:41:39.368897
7850,7850,UPI,Completed,2017-05-05,TXN-00007850,12.67,2026-08-06 01:41:39.368897
7851,7851,Wallet,Completed,2017-05-03,TXN-00007851,5.04,2026-08-06 01:41:39.368897
7852,7852,Credit Card,Completed,2015-12-09,TXN-00007852,8.45,2026-08-06 01:41:39.368897
7853,7853,UPI,Pending,2015-12-10,TXN-00007853,20.39,2026-08-06 01:41:39.368897
7854,7854,Debit Card,Completed,2016-12-25,TXN-00007854,9.96,2026-08-06 01:41:39.368897
7855,7855,Cash,Completed,2018-12-10,TXN-00007855,320.64,2026-08-06 01:41:39.368897
7856,7856,Credit Card,Completed,2018-12-07,TXN-00007856,52.0,2026-08-06 01:41:39.368897
7857,7857,UPI,Completed,2015-05-31,TXN-00007857,25.58,2026-08-06 01:41:39.368897
7858,7858,Debit Card,Completed,2015-06-03,TXN-00007858,464.0,2026-08-06 01:41:39.368897
7859,7859,Wallet,Completed,2015-05-31,TXN-00007859,235.95,2026-08-06 01:41:39.368897
7860,7860,Debit Card,Completed,2015-06-02,TXN-00007860,39.96,2026-08-06 01:41:39.368897
7861,7861,Debit Card,Completed,2018-03-05,TXN-00007861,18.53,2026-08-06 01:41:39.368897
7862,7862,Debit Card,Pending,2016-10-15,TXN-00007862,17.9,2026-08-06 01:41:39.368897
7863,7863,Debit Card,Completed,2016-10-15,TXN-00007863,81.96,2026-08-06 01:41:39.368897
7864,7864,Credit Card,Completed,2016-07-16,TXN-00007864,272.74,2026-08-06 01:41:39.368897
7865,7865,Wallet,Completed,2016-07-17,TXN-00007865,18.5,2026-08-06 01:41:39.368897
7866,7866,Wallet,Completed,2016-07-15,TXN-00007866,441.92,2026-08-06 01:41:39.368897
7867,7867,Wallet,Completed,2016-07-15,TXN-00007867,127.76,2026-08-06 01:41:39.368897
7868,7868,Cash,Completed,2015-11-19,TXN-00007868,166.44,2026-08-06 01:41:39.368897
7869,7869,Debit Card,Completed,2017-05-29,TXN-00007869,13.38,2026-08-06 01:41:39.368897
7870,7870,Credit Card,Completed,2018-07-05,TXN-00007870,24.0,2026-08-06 01:41:39.368897
7871,7871,Credit Card,Completed,2018-09-25,TXN-00007871,24.45,2026-08-06 01:41:39.368897
7872,7872,Cash,Completed,2017-10-03,TXN-00007872,6.16,2026-08-06 01:41:39.368897
7873,7873,Wallet,Completed,2017-10-07,TXN-00007873,915.14,2026-08-06 01:41:39.368897
7874,7874,Wallet,Completed,2017-10-07,TXN-00007874,8.56,2026-08-06 01:41:39.368897
7875,7875,Net Banking,Completed,2017-10-05,TXN-00007875,97.82,2026-08-06 01:41:39.368897
7876,7876,Cash,Completed,2018-09-10,TXN-00007876,31.1,2026-08-06 01:41:39.368897
7877,7877,Debit Card,Completed,2018-09-10,TXN-00007877,11.18,2026-08-06 01:41:39.368897
7878,7878,Cash,Completed,2016-03-15,TXN-00007878,5.04,2026-08-06 01:41:39.368897
7879,7879,Debit Card,Completed,2017-11-30,TXN-00007879,242.18,2026-08-06 01:41:39.368897
7880,7880,Debit Card,Completed,2017-06-15,TXN-00007880,337.18,2026-08-06 01:41:39.368897
7881,7881,UPI,Completed,2018-12-06,TXN-00007881,13.34,2026-08-06 01:41:39.368897
7882,7882,Credit Card,Completed,2018-12-05,TXN-00007882,76.75,2026-08-06 01:41:39.368897
7883,7883,Credit Card,Completed,2018-12-03,TXN-00007883,102.34,2026-08-06 01:41:39.368897
7884,7884,Credit Card,Completed,2018-12-07,TXN-00007884,10.32,2026-08-06 01:41:39.368897
7885,7885,Debit Card,Completed,2018-12-03,TXN-00007885,47.32,2026-08-06 01:41:39.368897
7886,7886,Credit Card,Completed,2018-12-05,TXN-00007886,23.38,2026-08-06 01:41:39.368897
7887,7887,Debit Card,Completed,2018-12-07,TXN-00007887,16.72,2026-08-06 01:41:39.368897
7888,7888,UPI,Completed,2018-12-04,TXN-00007888,16.19,2026-08-06 01:41:39.368897
7889,7889,Cash,Completed,2017-08-16,TXN-00007889,32.4,2026-08-06 01:41:39.368897
7890,7890,Cash,Completed,2017-12-26,TXN-00007890,19.89,2026-08-06 01:41:39.368897
7891,7891,Wallet,Completed,2017-12-25,TXN-00007891,399.98,2026-08-06 01:41:39.368897
7892,7892,Credit Card,Completed,2017-12-25,TXN-00007892,343.85,2026-08-06 01:41:39.368897
7893,7893,Credit Card,Completed,2017-12-27,TXN-00007893,106.32,2026-08-06 01:41:39.368897
7894,7894,Wallet,Completed,2018-07-23,TXN-00007894,13.92,2026-08-06 01:41:39.368897
7895,7895,Cash,Completed,2018-06-25,TXN-00007895,82.4,2026-08-06 01:41:39.368897
7896,7896,Debit Card,Completed,2018-06-21,TXN-00007896,6.24,2026-08-06 01:41:39.368897
7897,7897,Net Banking,Completed,2018-06-21,TXN-00007897,447.84,2026-08-06 01:41:39.368897
7898,7898,Credit Card,Completed,2018-08-14,TXN-00007898,272.05,2026-08-06 01:41:39.368897
7899,7899,UPI,Completed,2018-08-15,TXN-00007899,1614.58,2026-08-06 01:41:39.368897
7900,7900,Wallet,Completed,2018-08-15,TXN-00007900,24.32,2026-08-06 01:41:39.368897
7901,7901,UPI,Completed,2018-08-17,TXN-00007901,1.58,2026-08-06 01:41:39.368897
7902,7902,Credit Card,Completed,2018-08-14,TXN-00007902,31.98,2026-08-06 01:41:39.368897
7903,7903,Credit Card,Completed,2018-08-13,TXN-00007903,14.76,2026-08-06 01:41:39.368897
7904,7904,Net Banking,Completed,2018-08-16,TXN-00007904,423.65,2026-08-06 01:41:39.368897
7905,7905,Cash,Completed,2016-11-10,TXN-00007905,76.64,2026-08-06 01:41:39.368897
7906,7906,UPI,Completed,2016-10-18,TXN-00007906,4.46,2026-08-06 01:41:39.368897
7907,7907,Cash,Completed,2016-10-19,TXN-00007907,3.96,2026-08-06 01:41:39.368897
7908,7908,Wallet,Completed,2017-07-31,TXN-00007908,715.64,2026-08-06 01:41:39.368897
7909,7909,Cash,Completed,2017-12-07,TXN-00007909,268.7,2026-08-06 01:41:39.368897
7910,7910,Debit Card,Completed,2017-12-04,TXN-00007910,21.92,2026-08-06 01:41:39.368897
7911,7911,Wallet,Completed,2017-12-04,TXN-00007911,48.72,2026-08-06 01:41:39.368897
7912,7912,Credit Card,Completed,2017-12-06,TXN-00007912,205.67,2026-08-06 01:41:39.368897
7913,7913,Cash,Completed,2017-05-01,TXN-00007913,30.34,2026-08-06 01:41:39.368897
7914,7914,Cash,Completed,2018-08-26,TXN-00007914,25.7,2026-08-06 01:41:39.368897
7915,7915,UPI,Completed,2018-06-17,TXN-00007915,3404.5,2026-08-06 01:41:39.368897
7916,7916,Debit Card,Pending,2018-06-18,TXN-00007916,101.34,2026-08-06 01:41:39.368897
7917,7917,Net Banking,Completed,2016-11-24,TXN-00007917,344.37,2026-08-06 01:41:39.368897
7918,7918,UPI,Completed,2018-09-06,TXN-00007918,30.38,2026-08-06 01:41:39.368897
7919,7919,Net Banking,Completed,2016-07-08,TXN-00007919,22.85,2026-08-06 01:41:39.368897
7920,7920,Wallet,Completed,2018-09-19,TXN-00007920,38.62,2026-08-06 01:41:39.368897
7921,7921,Net Banking,Completed,2018-09-19,TXN-00007921,59.98,2026-08-06 01:41:39.368897
7922,7922,UPI,Completed,2018-03-15,TXN-00007922,174.3,2026-08-06 01:41:39.368897
7923,7923,UPI,Completed,2018-09-25,TXN-00007923,383.96,2026-08-06 01:41:39.368897
7924,7924,Credit Card,Completed,2018-09-24,TXN-00007924,15.57,2026-08-06 01:41:39.368897
7925,7925,UPI,Completed,2017-08-13,TXN-00007925,22.32,2026-08-06 01:41:39.368897
7926,7926,Wallet,Completed,2017-08-14,TXN-00007926,103.6,2026-08-06 01:41:39.368897
7927,7927,UPI,Completed,2018-11-24,TXN-00007927,2.97,2026-08-06 01:41:39.368897
7928,7928,Credit Card,Pending,2018-11-22,TXN-00007928,569.99,2026-08-06 01:41:39.368897
7929,7929,Debit Card,Completed,2018-11-20,TXN-00007929,50.97,2026-08-06 01:41:39.368897
7930,7930,Net Banking,Completed,2018-07-28,TXN-00007930,298.12,2026-08-06 01:41:39.368897
7931,7931,Net Banking,Completed,2017-03-25,TXN-00007931,59.52,2026-08-06 01:41:39.368897
7932,7932,Wallet,Completed,2017-07-17,TXN-00007932,230.28,2026-08-06 01:41:39.368897
7933,7933,Cash,Completed,2017-07-19,TXN-00007933,105.52,2026-08-06 01:41:39.368897
7934,7934,Wallet,Completed,2018-08-17,TXN-00007934,23.36,2026-08-06 01:41:39.368897
7935,7935,Debit Card,Completed,2018-08-20,TXN-00007935,71.98,2026-08-06 01:41:39.368897
7936,7936,Credit Card,Completed,2018-08-21,TXN-00007936,8.56,2026-08-06 01:41:39.368897
7937,7937,Wallet,Completed,2018-08-17,TXN-00007937,13.92,2026-08-06 01:41:39.368897
7938,7938,Credit Card,Completed,2018-08-20,TXN-00007938,2518.29,2026-08-06 01:41:39.368897
7939,7939,Credit Card,Completed,2018-08-20,TXN-00007939,540.57,2026-08-06 01:41:39.368897
7940,7940,Debit Card,Completed,2018-08-21,TXN-00007940,221.06,2026-08-06 01:41:39.368897
7941,7941,UPI,Completed,2017-12-14,TXN-00007941,81.42,2026-08-06 01:41:39.368897
7942,7942,Cash,Completed,2017-12-18,TXN-00007942,134.8,2026-08-06 01:41:39.368897
7943,7943,Credit Card,Completed,2018-12-29,TXN-00007943,39.58,2026-08-06 01:41:39.368897
7944,7944,Debit Card,Completed,2018-12-25,TXN-00007944,44.69,2026-08-06 01:41:39.368897
7945,7945,UPI,Completed,2018-12-27,TXN-00007945,31.74,2026-08-06 01:41:39.368897
7946,7946,Wallet,Completed,2018-12-27,TXN-00007946,40.98,2026-08-06 01:41:39.368897
7947,7947,UPI,Completed,2018-12-26,TXN-00007947,3.17,2026-08-06 01:41:39.368897
7948,7948,Debit Card,Completed,2015-03-01,TXN-00007948,18.84,2026-08-06 01:41:39.368897
7949,7949,Net Banking,Completed,2015-03-04,TXN-00007949,362.25,2026-08-06 01:41:39.368897
7950,7950,Credit Card,Completed,2015-03-02,TXN-00007950,63.55,2026-08-06 01:41:39.368897
7951,7951,Wallet,Completed,2015-03-04,TXN-00007951,129.55,2026-08-06 01:41:39.368897
7952,7952,Wallet,Completed,2016-11-22,TXN-00007952,5.98,2026-08-06 01:41:39.368897
7953,7953,Cash,Completed,2016-11-22,TXN-00007953,861.76,2026-08-06 01:41:39.368897
7954,7954,UPI,Completed,2015-04-05,TXN-00007954,66.96,2026-08-06 01:41:39.368897
7955,7955,Credit Card,Completed,2015-04-05,TXN-00007955,6.24,2026-08-06 01:41:39.368897
7956,7956,Credit Card,Completed,2018-10-05,TXN-00007956,435.17,2026-08-06 01:41:39.368897
7957,7957,Wallet,Completed,2018-10-07,TXN-00007957,14.9,2026-08-06 01:41:39.368897
7958,7958,Wallet,Completed,2018-10-08,TXN-00007958,15.8,2026-08-06 01:41:39.368897
7959,7959,UPI,Completed,2018-10-07,TXN-00007959,72.9,2026-08-06 01:41:39.368897
7960,7960,UPI,Completed,2018-10-08,TXN-00007960,206.35,2026-08-06 01:41:39.368897
7961,7961,Net Banking,Completed,2018-10-06,TXN-00007961,7.99,2026-08-06 01:41:39.368897
7962,7962,Debit Card,Completed,2018-11-21,TXN-00007962,81.36,2026-08-06 01:41:39.368897
7963,7963,Credit Card,Completed,2018-11-21,TXN-00007963,20.23,2026-08-06 01:41:39.368897
7964,7964,Net Banking,Completed,2018-11-18,TXN-00007964,389.06,2026-08-06 01:41:39.368897
7965,7965,Debit Card,Completed,2018-11-19,TXN-00007965,20.74,2026-08-06 01:41:39.368897
7966,7966,Cash,Completed,2018-11-19,TXN-00007966,41.47,2026-08-06 01:41:39.368897
7967,7967,Debit Card,Completed,2016-03-27,TXN-00007967,33.36,2026-08-06 01:41:39.368897
7968,7968,Credit Card,Completed,2017-10-12,TXN-00007968,90.88,2026-08-06 01:41:39.368897
7969,7969,Debit Card,Completed,2017-10-12,TXN-00007969,15.99,2026-08-06 01:41:39.368897
7970,7970,Wallet,Completed,2017-10-13,TXN-00007970,120.78,2026-08-06 01:41:39.368897
7971,7971,Cash,Completed,2016-08-18,TXN-00007971,519.79,2026-08-06 01:41:39.368897
7972,7972,Credit Card,Completed,2016-08-18,TXN-00007972,31.18,2026-08-06 01:41:39.368897
7973,7973,Cash,Completed,2016-08-17,TXN-00007973,10.37,2026-08-06 01:41:39.368897
7974,7974,Debit Card,Completed,2016-08-17,TXN-00007974,2.72,2026-08-06 01:41:39.368897
7975,7975,Debit Card,Completed,2016-08-18,TXN-00007975,254.35,2026-08-06 01:41:39.368897
7976,7976,Wallet,Completed,2016-08-17,TXN-00007976,3.76,2026-08-06 01:41:39.368897
7977,7977,Net Banking,Completed,2016-08-17,TXN-00007977,10.27,2026-08-06 01:41:39.368897
7978,7978,Cash,Completed,2015-06-02,TXN-00007978,659.97,2026-08-06 01:41:39.368897
7979,7979,Cash,Completed,2015-06-03,TXN-00007979,113.73,2026-08-06 01:41:39.368897
7980,7980,Credit Card,Completed,2016-08-30,TXN-00007980,5.1,2026-08-06 01:41:39.368897
7981,7981,Credit Card,Completed,2015-01-07,TXN-00007981,16.45,2026-08-06 01:41:39.368897
7982,7982,Wallet,Completed,2015-09-13,TXN-00007982,81.92,2026-08-06 01:41:39.368897
7983,7983,Wallet,Completed,2015-09-14,TXN-00007983,254.9,2026-08-06 01:41:39.368897
7984,7984,Cash,Completed,2018-01-26,TXN-00007984,15.12,2026-08-06 01:41:39.368897
7985,7985,Wallet,Completed,2018-01-23,TXN-00007985,7.87,2026-08-06 01:41:39.368897
7986,7986,Credit Card,Completed,2017-04-23,TXN-00007986,8.32,2026-08-06 01:41:39.368897
7987,7987,Debit Card,Completed,2017-07-24,TXN-00007987,89.95,2026-08-06 01:41:39.368897
7988,7988,Credit Card,Completed,2017-08-26,TXN-00007988,25.2,2026-08-06 01:41:39.368897
7989,7989,Cash,Completed,2017-08-24,TXN-00007989,37.59,2026-08-06 01:41:39.368897
7990,7990,Cash,Completed,2017-08-23,TXN-00007990,14.97,2026-08-06 01:41:39.368897
7991,7991,Net Banking,Completed,2017-08-26,TXN-00007991,1.98,2026-08-06 01:41:39.368897
7992,7992,UPI,Completed,2017-06-16,TXN-00007992,39.94,2026-08-06 01:41:39.368897
7993,7993,Credit Card,Completed,2017-06-17,TXN-00007993,18.46,2026-08-06 01:41:39.368897
7994,7994,Cash,Completed,2016-11-22,TXN-00007994,4.9,2026-08-06 01:41:39.368897
7995,7995,Wallet,Completed,2016-11-24,TXN-00007995,145.76,2026-08-06 01:41:39.368897
7996,7996,Debit Card,Completed,2016-11-20,TXN-00007996,9.61,2026-08-06 01:41:39.368897
7997,7997,Debit Card,Completed,2018-11-06,TXN-00007997,199.75,2026-08-06 01:41:39.368897
7998,7998,Wallet,Completed,2018-11-07,TXN-00007998,1673.18,2026-08-06 01:41:39.368897
7999,7999,Wallet,Completed,2015-05-06,TXN-00007999,12.18,2026-08-06 01:41:39.368897
8000,8000,Wallet,Completed,2015-05-06,TXN-00008000,57.68,2026-08-06 01:41:39.368897
8001,8001,Wallet,Completed,2016-11-09,TXN-00008001,263.96,2026-08-06 01:41:39.368897
8002,8002,UPI,Completed,2016-12-13,TXN-00008002,299.94,2026-08-06 01:41:39.368897
8003,8003,Wallet,Pending,2016-12-12,TXN-00008003,25.76,2026-08-06 01:41:39.368897
8004,8004,Net Banking,Completed,2015-12-05,TXN-00008004,271.9,2026-08-06 01:41:39.368897
8005,8005,UPI,Completed,2015-12-02,TXN-00008005,45.84,2026-08-06 01:41:39.368897
8006,8006,Credit Card,Completed,2015-12-03,TXN-00008006,9.82,2026-08-06 01:41:39.368897
8007,8007,Credit Card,Completed,2017-10-08,TXN-00008007,93.36,2026-08-06 01:41:39.368897
8008,8008,Cash,Completed,2016-11-21,TXN-00008008,541.24,2026-08-06 01:41:39.368897
8009,8009,UPI,Completed,2016-11-20,TXN-00008009,106.32,2026-08-06 01:41:39.368897
8010,8010,Net Banking,Completed,2016-11-19,TXN-00008010,1323.9,2026-08-06 01:41:39.368897
8011,8011,Cash,Completed,2015-03-20,TXN-00008011,126.62,2026-08-06 01:41:39.368897
8012,8012,UPI,Completed,2016-06-21,TXN-00008012,125.94,2026-08-06 01:41:39.368897
8013,8013,UPI,Completed,2018-05-25,TXN-00008013,663.92,2026-08-06 01:41:39.368897
8014,8014,Debit Card,Completed,2018-05-28,TXN-00008014,120.0,2026-08-06 01:41:39.368897
8015,8015,Credit Card,Completed,2018-05-28,TXN-00008015,3.29,2026-08-06 01:41:39.368897
8016,8016,UPI,Completed,2018-05-29,TXN-00008016,18.84,2026-08-06 01:41:39.368897
8017,8017,Debit Card,Completed,2015-09-10,TXN-00008017,60.67,2026-08-06 01:41:39.368897
8018,8018,Credit Card,Completed,2015-09-12,TXN-00008018,30.82,2026-08-06 01:41:39.368897
8019,8019,Net Banking,Completed,2018-10-19,TXN-00008019,52.79,2026-08-06 01:41:39.368897
8020,8020,Cash,Completed,2018-11-06,TXN-00008020,83.9,2026-08-06 01:41:39.368897
8021,8021,UPI,Completed,2018-11-03,TXN-00008021,11.76,2026-08-06 01:41:39.368897
8022,8022,Net Banking,Completed,2015-07-24,TXN-00008022,4.99,2026-08-06 01:41:39.368897
8023,8023,UPI,Completed,2015-07-21,TXN-00008023,87.92,2026-08-06 01:41:39.368897
8024,8024,Credit Card,Completed,2015-07-23,TXN-00008024,657.93,2026-08-06 01:41:39.368897
8025,8025,Credit Card,Completed,2015-07-24,TXN-00008025,1.04,2026-08-06 01:41:39.368897
8026,8026,Credit Card,Completed,2016-09-15,TXN-00008026,210.68,2026-08-06 01:41:39.368897
8027,8027,UPI,Completed,2016-09-11,TXN-00008027,78.8,2026-08-06 01:41:39.368897
8028,8028,Net Banking,Completed,2016-09-11,TXN-00008028,19.99,2026-08-06 01:41:39.368897
8029,8029,Net Banking,Completed,2016-09-13,TXN-00008029,772.68,2026-08-06 01:41:39.368897
8030,8030,Cash,Completed,2017-10-25,TXN-00008030,106.08,2026-08-06 01:41:39.368897
8031,8031,Net Banking,Completed,2017-01-08,TXN-00008031,23.08,2026-08-06 01:41:39.368897
8032,8032,Net Banking,Completed,2017-01-08,TXN-00008032,25.92,2026-08-06 01:41:39.368897
8033,8033,UPI,Completed,2016-06-26,TXN-00008033,47.95,2026-08-06 01:41:39.368897
8034,8034,Wallet,Completed,2016-06-25,TXN-00008034,0.98,2026-08-06 01:41:39.368897
8035,8035,Wallet,Completed,2016-06-25,TXN-00008035,75.38,2026-08-06 01:41:39.368897
8036,8036,Wallet,Completed,2016-06-26,TXN-00008036,4.61,2026-08-06 01:41:39.368897
8037,8037,Net Banking,Completed,2016-09-23,TXN-00008037,37.68,2026-08-06 01:41:39.368897
8038,8038,Debit Card,Completed,2018-07-14,TXN-00008038,41.91,2026-08-06 01:41:39.368897
8039,8039,Credit Card,Completed,2018-07-01,TXN-00008039,436.0,2026-08-06 01:41:39.368897
8040,8040,Cash,Completed,2018-08-22,TXN-00008040,388.7,2026-08-06 01:41:39.368897
8041,8041,UPI,Completed,2018-08-21,TXN-00008041,572.58,2026-08-06 01:41:39.368897
8042,8042,Net Banking,Completed,2018-08-24,TXN-00008042,33.18,2026-08-06 01:41:39.368897
8043,8043,Wallet,Completed,2018-03-15,TXN-00008043,63.88,2026-08-06 01:41:39.368897
8044,8044,Net Banking,Completed,2018-03-12,TXN-00008044,26.72,2026-08-06 01:41:39.368897
8045,8045,Net Banking,Completed,2018-09-18,TXN-00008045,295.06,2026-08-06 01:41:39.368897
8046,8046,Cash,Completed,2017-09-20,TXN-00008046,393.25,2026-08-06 01:41:39.368897
8047,8047,Debit Card,Completed,2017-12-16,TXN-00008047,2.21,2026-08-06 01:41:39.368897
8048,8048,UPI,Completed,2018-11-06,TXN-00008048,16.27,2026-08-06 01:41:39.368897
8049,8049,Cash,Completed,2017-07-04,TXN-00008049,706.86,2026-08-06 01:41:39.368897
8050,8050,UPI,Completed,2015-09-26,TXN-00008050,5.97,2026-08-06 01:41:39.368897
8051,8051,Wallet,Completed,2015-09-29,TXN-00008051,21.18,2026-08-06 01:41:39.368897
8052,8052,Cash,Completed,2015-09-29,TXN-00008052,41.38,2026-08-06 01:41:39.368897
8053,8053,Wallet,Completed,2015-07-14,TXN-00008053,17.94,2026-08-06 01:41:39.368897
8054,8054,Credit Card,Completed,2018-09-29,TXN-00008054,2.66,2026-08-06 01:41:39.368897
8055,8055,Cash,Completed,2016-08-30,TXN-00008055,892.35,2026-08-06 01:41:39.368897
8056,8056,Credit Card,Completed,2016-08-30,TXN-00008056,307.67,2026-08-06 01:41:39.368897
8057,8057,UPI,Completed,2016-08-30,TXN-00008057,728.82,2026-08-06 01:41:39.368897
8058,8058,Wallet,Pending,2016-08-29,TXN-00008058,41.36,2026-08-06 01:41:39.368897
8059,8059,Debit Card,Completed,2016-08-31,TXN-00008059,43.18,2026-08-06 01:41:39.368897
8060,8060,Credit Card,Completed,2016-09-01,TXN-00008060,4.16,2026-08-06 01:41:39.368897
8061,8061,Debit Card,Completed,2016-09-24,TXN-00008061,61.4,2026-08-06 01:41:39.368897
8062,8062,Debit Card,Completed,2016-09-24,TXN-00008062,24.45,2026-08-06 01:41:39.368897
8063,8063,Cash,Completed,2017-11-11,TXN-00008063,263.96,2026-08-06 01:41:39.368897
8064,8064,Cash,Completed,2017-11-07,TXN-00008064,359.97,2026-08-06 01:41:39.368897
8065,8065,UPI,Completed,2017-11-10,TXN-00008065,12.96,2026-08-06 01:41:39.368897
8066,8066,Cash,Completed,2017-11-11,TXN-00008066,116.82,2026-08-06 01:41:39.368897
8067,8067,Wallet,Completed,2017-11-07,TXN-00008067,276.78,2026-08-06 01:41:39.368897
8068,8068,Net Banking,Completed,2016-10-23,TXN-00008068,239.97,2026-08-06 01:41:39.368897
8069,8069,Wallet,Completed,2016-10-22,TXN-00008069,16.02,2026-08-06 01:41:39.368897
8070,8070,UPI,Completed,2018-01-03,TXN-00008070,454.56,2026-08-06 01:41:39.368897
8071,8071,UPI,Completed,2018-01-01,TXN-00008071,141.42,2026-08-06 01:41:39.368897
8072,8072,UPI,Completed,2018-01-04,TXN-00008072,310.74,2026-08-06 01:41:39.368897
8073,8073,UPI,Completed,2018-01-01,TXN-00008073,12.74,2026-08-06 01:41:39.368897
8074,8074,UPI,Completed,2018-01-01,TXN-00008074,6.47,2026-08-06 01:41:39.368897
8075,8075,Debit Card,Completed,2018-01-05,TXN-00008075,13.75,2026-08-06 01:41:39.368897
8076,8076,UPI,Completed,2018-01-02,TXN-00008076,15.22,2026-08-06 01:41:39.368897
8077,8077,Debit Card,Completed,2016-06-24,TXN-00008077,27.42,2026-08-06 01:41:39.368897
8078,8078,UPI,Completed,2016-06-27,TXN-00008078,165.98,2026-08-06 01:41:39.368897
8079,8079,Wallet,Completed,2016-06-23,TXN-00008079,75.0,2026-08-06 01:41:39.368897
8080,8080,Cash,Completed,2017-11-23,TXN-00008080,134.27,2026-08-06 01:41:39.368897
8081,8081,Wallet,Completed,2016-10-27,TXN-00008081,146.54,2026-08-06 01:41:39.368897
8082,8082,Debit Card,Completed,2016-10-30,TXN-00008082,131.9,2026-08-06 01:41:39.368897
8083,8083,UPI,Completed,2016-10-27,TXN-00008083,203.88,2026-08-06 01:41:39.368897
8084,8084,Debit Card,Completed,2016-10-30,TXN-00008084,14.3,2026-08-06 01:41:39.368897
8085,8085,Cash,Completed,2016-10-28,TXN-00008085,718.64,2026-08-06 01:41:39.368897
8086,8086,Credit Card,Completed,2017-10-20,TXN-00008086,61.1,2026-08-06 01:41:39.368897
8087,8087,Net Banking,Completed,2018-04-28,TXN-00008087,28.08,2026-08-06 01:41:39.368897
8088,8088,Debit Card,Completed,2017-09-30,TXN-00008088,10.5,2026-08-06 01:41:39.368897
8089,8089,UPI,Completed,2016-07-13,TXN-00008089,39.92,2026-08-06 01:41:39.368897
8090,8090,Debit Card,Completed,2016-08-07,TXN-00008090,77.58,2026-08-06 01:41:39.368897
8091,8091,Credit Card,Completed,2015-12-07,TXN-00008091,269.36,2026-08-06 01:41:39.368897
8092,8092,Cash,Completed,2016-12-11,TXN-00008092,5.76,2026-08-06 01:41:39.368897
8093,8093,Wallet,Completed,2018-11-08,TXN-00008093,109.9,2026-08-06 01:41:39.368897
8094,8094,Credit Card,Completed,2018-07-29,TXN-00008094,23.88,2026-08-06 01:41:39.368897
8095,8095,Cash,Pending,2018-07-31,TXN-00008095,26.2,2026-08-06 01:41:39.368897
8096,8096,Wallet,Completed,2018-07-31,TXN-00008096,12.96,2026-08-06 01:41:39.368897
8097,8097,Wallet,Completed,2018-07-31,TXN-00008097,234.95,2026-08-06 01:41:39.368897
8098,8098,Cash,Completed,2018-12-28,TXN-00008098,118.25,2026-08-06 01:41:39.368897
8099,8099,Credit Card,Completed,2019-01-01,TXN-00008099,4.28,2026-08-06 01:41:39.368897
8100,8100,Net Banking,Completed,2017-03-14,TXN-00008100,26.85,2026-08-06 01:41:39.368897
8101,8101,Net Banking,Completed,2017-03-11,TXN-00008101,3357.6,2026-08-06 01:41:39.368897
8102,8102,Net Banking,Completed,2016-05-26,TXN-00008102,8.26,2026-08-06 01:41:39.368897
8103,8103,Credit Card,Completed,2016-05-23,TXN-00008103,2973.32,2026-08-06 01:41:39.368897
8104,8104,Cash,Completed,2016-05-22,TXN-00008104,104.79,2026-08-06 01:41:39.368897
8105,8105,Credit Card,Completed,2016-05-23,TXN-00008105,775.73,2026-08-06 01:41:39.368897
8106,8106,Wallet,Completed,2018-02-18,TXN-00008106,89.07,2026-08-06 01:41:39.368897
8107,8107,Net Banking,Completed,2018-02-18,TXN-00008107,175.44,2026-08-06 01:41:39.368897
8108,8108,Cash,Completed,2018-02-19,TXN-00008108,438.34,2026-08-06 01:41:39.368897
8109,8109,Cash,Completed,2018-12-09,TXN-00008109,215.54,2026-08-06 01:41:39.368897
8110,8110,Wallet,Completed,2018-11-19,TXN-00008110,55.58,2026-08-06 01:41:39.368897
8111,8111,Wallet,Completed,2018-11-20,TXN-00008111,127.39,2026-08-06 01:41:39.368897
8112,8112,Credit Card,Completed,2017-12-03,TXN-00008112,248.43,2026-08-06 01:41:39.368897
8113,8113,Credit Card,Completed,2017-12-01,TXN-00008113,11.65,2026-08-06 01:41:39.368897
8114,8114,UPI,Completed,2017-12-02,TXN-00008114,85.25,2026-08-06 01:41:39.368897
8115,8115,Credit Card,Completed,2018-10-06,TXN-00008115,20.64,2026-08-06 01:41:39.368897
8116,8116,Debit Card,Completed,2018-08-29,TXN-00008116,148.02,2026-08-06 01:41:39.368897
8117,8117,Net Banking,Completed,2018-11-26,TXN-00008117,33.29,2026-08-06 01:41:39.368897
8118,8118,Debit Card,Completed,2018-07-02,TXN-00008118,204.95,2026-08-06 01:41:39.368897
8119,8119,Wallet,Completed,2018-07-26,TXN-00008119,526.34,2026-08-06 01:41:39.368897
8120,8120,Debit Card,Completed,2017-11-12,TXN-00008120,41.96,2026-08-06 01:41:39.368897
8121,8121,Cash,Completed,2017-11-13,TXN-00008121,451.15,2026-08-06 01:41:39.368897
8122,8122,Wallet,Completed,2017-11-15,TXN-00008122,31.5,2026-08-06 01:41:39.368897
8123,8123,Credit Card,Pending,2015-12-09,TXN-00008123,30.67,2026-08-06 01:41:39.368897
8124,8124,Credit Card,Completed,2015-12-11,TXN-00008124,1079.98,2026-08-06 01:41:39.368897
8125,8125,Credit Card,Completed,2018-09-09,TXN-00008125,161.57,2026-08-06 01:41:39.368897
8126,8126,Credit Card,Completed,2016-02-08,TXN-00008126,2.93,2026-08-06 01:41:39.368897
8127,8127,Cash,Completed,2016-02-06,TXN-00008127,18.53,2026-08-06 01:41:39.368897
8128,8128,Cash,Completed,2016-02-09,TXN-00008128,670.75,2026-08-06 01:41:39.368897
8129,8129,Debit Card,Completed,2018-08-30,TXN-00008129,64.96,2026-08-06 01:41:39.368897
8130,8130,Net Banking,Completed,2015-07-21,TXN-00008130,41.94,2026-08-06 01:41:39.368897
8131,8131,Cash,Completed,2015-07-24,TXN-00008131,11.96,2026-08-06 01:41:39.368897
8132,8132,Cash,Completed,2015-07-21,TXN-00008132,13.12,2026-08-06 01:41:39.368897
8133,8133,Net Banking,Completed,2015-07-21,TXN-00008133,535.41,2026-08-06 01:41:39.368897
8134,8134,UPI,Completed,2016-10-09,TXN-00008134,72.78,2026-08-06 01:41:39.368897
8135,8135,Debit Card,Completed,2016-02-20,TXN-00008135,36.84,2026-08-06 01:41:39.368897
8136,8136,UPI,Completed,2016-02-18,TXN-00008136,87.71,2026-08-06 01:41:39.368897
8137,8137,Net Banking,Completed,2017-08-14,TXN-00008137,562.29,2026-08-06 01:41:39.368897
8138,8138,Net Banking,Completed,2015-11-09,TXN-00008138,56.52,2026-08-06 01:41:39.368897
8139,8139,Debit Card,Completed,2017-07-19,TXN-00008139,11.26,2026-08-06 01:41:39.368897
8140,8140,Wallet,Completed,2017-07-20,TXN-00008140,284.08,2026-08-06 01:41:39.368897
8141,8141,Wallet,Completed,2017-07-21,TXN-00008141,18.5,2026-08-06 01:41:39.368897
8142,8142,Wallet,Completed,2017-02-08,TXN-00008142,14.73,2026-08-06 01:41:39.368897
8143,8143,UPI,Completed,2017-02-08,TXN-00008143,186.54,2026-08-06 01:41:39.368897
8144,8144,Credit Card,Completed,2017-02-07,TXN-00008144,557.73,2026-08-06 01:41:39.368897
8145,8145,UPI,Completed,2017-02-07,TXN-00008145,159.97,2026-08-06 01:41:39.368897
8146,8146,UPI,Completed,2015-06-23,TXN-00008146,471.9,2026-08-06 01:41:39.368897
8147,8147,Wallet,Completed,2015-06-23,TXN-00008147,3.52,2026-08-06 01:41:39.368897
8148,8148,Cash,Completed,2018-06-13,TXN-00008148,49.12,2026-08-06 01:41:39.368897
8149,8149,Cash,Completed,2017-12-27,TXN-00008149,20.16,2026-08-06 01:41:39.368897
8150,8150,Debit Card,Completed,2015-01-28,TXN-00008150,10.68,2026-08-06 01:41:39.368897
8151,8151,Net Banking,Completed,2015-01-27,TXN-00008151,141.96,2026-08-06 01:41:39.368897
8152,8152,Wallet,Completed,2018-03-23,TXN-00008152,32.48,2026-08-06 01:41:39.368897
8153,8153,Debit Card,Completed,2018-03-25,TXN-00008153,20.04,2026-08-06 01:41:39.368897
8154,8154,Cash,Completed,2018-03-27,TXN-00008154,13999.96,2026-08-06 01:41:39.368897
8155,8155,Cash,Completed,2018-03-23,TXN-00008155,238.0,2026-08-06 01:41:39.368897
8156,8156,Net Banking,Completed,2018-03-22,TXN-00008156,61.96,2026-08-06 01:41:39.368897
8157,8157,Net Banking,Completed,2017-10-04,TXN-00008157,239.37,2026-08-06 01:41:39.368897
8158,8158,UPI,Completed,2017-11-19,TXN-00008158,595.0,2026-08-06 01:41:39.368897
8159,8159,Debit Card,Completed,2018-12-26,TXN-00008159,16.03,2026-08-06 01:41:39.368897
8160,8160,UPI,Completed,2017-03-13,TXN-00008160,199.75,2026-08-06 01:41:39.368897
8161,8161,Debit Card,Completed,2017-02-20,TXN-00008161,227.96,2026-08-06 01:41:39.368897
8162,8162,Wallet,Completed,2016-09-29,TXN-00008162,293.52,2026-08-06 01:41:39.368897
8163,8163,Net Banking,Completed,2016-09-28,TXN-00008163,307.98,2026-08-06 01:41:39.368897
8164,8164,Cash,Completed,2016-11-06,TXN-00008164,96.96,2026-08-06 01:41:39.368897
8165,8165,Cash,Completed,2016-11-04,TXN-00008165,117.49,2026-08-06 01:41:39.368897
8166,8166,UPI,Completed,2016-11-02,TXN-00008166,11.95,2026-08-06 01:41:39.368897
8167,8167,Cash,Completed,2016-11-03,TXN-00008167,512.5,2026-08-06 01:41:39.368897
8168,8168,Wallet,Completed,2017-08-02,TXN-00008168,863.13,2026-08-06 01:41:39.368897
8169,8169,Cash,Completed,2018-11-09,TXN-00008169,2036.86,2026-08-06 01:41:39.368897
8170,8170,Net Banking,Completed,2018-11-07,TXN-00008170,449.57,2026-08-06 01:41:39.368897
8171,8171,Debit Card,Completed,2018-11-10,TXN-00008171,108.96,2026-08-06 01:41:39.368897
8172,8172,Debit Card,Completed,2017-02-16,TXN-00008172,264.18,2026-08-06 01:41:39.368897
8173,8173,Debit Card,Completed,2015-07-11,TXN-00008173,2.88,2026-08-06 01:41:39.368897
8174,8174,Cash,Completed,2015-07-12,TXN-00008174,41.9,2026-08-06 01:41:39.368897
8175,8175,Wallet,Completed,2015-07-12,TXN-00008175,23.92,2026-08-06 01:41:39.368897
8176,8176,Cash,Completed,2017-02-01,TXN-00008176,156.51,2026-08-06 01:41:39.368897
8177,8177,Wallet,Completed,2017-09-22,TXN-00008177,128.34,2026-08-06 01:41:39.368897
8178,8178,Net Banking,Completed,2018-12-24,TXN-00008178,474.95,2026-08-06 01:41:39.368897
8179,8179,Net Banking,Completed,2017-09-03,TXN-00008179,999.98,2026-08-06 01:41:39.368897
8180,8180,UPI,Completed,2016-08-02,TXN-00008180,277.5,2026-08-06 01:41:39.368897
8181,8181,Wallet,Completed,2016-11-21,TXN-00008181,1252.7,2026-08-06 01:41:39.368897
8182,8182,UPI,Completed,2016-11-25,TXN-00008182,110.97,2026-08-06 01:41:39.368897
8183,8183,Debit Card,Completed,2018-05-20,TXN-00008183,22.61,2026-08-06 01:41:39.368897
8184,8184,Debit Card,Completed,2018-05-21,TXN-00008184,1.89,2026-08-06 01:41:39.368897
8185,8185,Cash,Completed,2018-07-27,TXN-00008185,63.31,2026-08-06 01:41:39.368897
8186,8186,Cash,Completed,2016-09-16,TXN-00008186,7.82,2026-08-06 01:41:39.368897
8187,8187,Debit Card,Completed,2016-09-16,TXN-00008187,170.07,2026-08-06 01:41:39.368897
8188,8188,UPI,Completed,2017-12-11,TXN-00008188,62.82,2026-08-06 01:41:39.368897
8189,8189,UPI,Completed,2016-10-02,TXN-00008189,19.44,2026-08-06 01:41:39.368897
8190,8190,Debit Card,Completed,2016-10-03,TXN-00008190,7.38,2026-08-06 01:41:39.368897
8191,8191,UPI,Completed,2018-11-20,TXN-00008191,38.88,2026-08-06 01:41:39.368897
8192,8192,Debit Card,Completed,2018-11-18,TXN-00008192,187.76,2026-08-06 01:41:39.368897
8193,8193,Net Banking,Pending,2016-12-04,TXN-00008193,6.05,2026-08-06 01:41:39.368897
8194,8194,UPI,Completed,2016-12-04,TXN-00008194,98.35,2026-08-06 01:41:39.368897
8195,8195,Credit Card,Completed,2016-11-30,TXN-00008195,335.74,2026-08-06 01:41:39.368897
8196,8196,Net Banking,Completed,2016-12-07,TXN-00008196,8.96,2026-08-06 01:41:39.368897
8197,8197,Credit Card,Pending,2018-09-05,TXN-00008197,89.57,2026-08-06 01:41:39.368897
8198,8198,Credit Card,Completed,2018-09-09,TXN-00008198,71.96,2026-08-06 01:41:39.368897
8199,8199,UPI,Completed,2018-09-07,TXN-00008199,15.55,2026-08-06 01:41:39.368897
8200,8200,Net Banking,Completed,2018-04-28,TXN-00008200,10.43,2026-08-06 01:41:39.368897
8201,8201,Credit Card,Completed,2018-04-26,TXN-00008201,72.78,2026-08-06 01:41:39.368897
8202,8202,Wallet,Completed,2016-11-09,TXN-00008202,67.15,2026-08-06 01:41:39.368897
8203,8203,Debit Card,Completed,2016-11-12,TXN-00008203,549.98,2026-08-06 01:41:39.368897
8204,8204,Wallet,Completed,2016-11-09,TXN-00008204,11.82,2026-08-06 01:41:39.368897
8205,8205,Net Banking,Completed,2016-11-09,TXN-00008205,4643.8,2026-08-06 01:41:39.368897
8206,8206,Cash,Completed,2016-11-09,TXN-00008206,577.76,2026-08-06 01:41:39.368897
8207,8207,Net Banking,Completed,2016-04-27,TXN-00008207,191.52,2026-08-06 01:41:39.368897
8208,8208,Cash,Completed,2016-04-29,TXN-00008208,2.62,2026-08-06 01:41:39.368897
8209,8209,Cash,Completed,2016-09-24,TXN-00008209,1369.76,2026-08-06 01:41:39.368897
8210,8210,Wallet,Completed,2016-09-24,TXN-00008210,294.37,2026-08-06 01:41:39.368897
8211,8211,Debit Card,Completed,2018-09-07,TXN-00008211,81.57,2026-08-06 01:41:39.368897
8212,8212,Net Banking,Completed,2017-11-10,TXN-00008212,44.46,2026-08-06 01:41:39.368897
8213,8213,Cash,Completed,2017-11-09,TXN-00008213,314.09,2026-08-06 01:41:39.368897
8214,8214,Debit Card,Completed,2016-09-28,TXN-00008214,6.34,2026-08-06 01:41:39.368897
8215,8215,Wallet,Completed,2016-09-25,TXN-00008215,10.48,2026-08-06 01:41:39.368897
8216,8216,Wallet,Completed,2016-09-26,TXN-00008216,2.47,2026-08-06 01:41:39.368897
8217,8217,Credit Card,Completed,2016-09-25,TXN-00008217,3.26,2026-08-06 01:41:39.368897
8218,8218,UPI,Completed,2015-10-05,TXN-00008218,4.34,2026-08-06 01:41:39.368897
8219,8219,Debit Card,Completed,2015-10-06,TXN-00008219,31.78,2026-08-06 01:41:39.368897
8220,8220,Credit Card,Completed,2015-10-06,TXN-00008220,4.93,2026-08-06 01:41:39.368897
8221,8221,Net Banking,Pending,2015-10-05,TXN-00008221,1.79,2026-08-06 01:41:39.368897
8222,8222,Debit Card,Pending,2015-10-04,TXN-00008222,15.07,2026-08-06 01:41:39.368897
8223,8223,Net Banking,Completed,2015-02-18,TXN-00008223,12.62,2026-08-06 01:41:39.368897
8224,8224,Debit Card,Pending,2017-06-14,TXN-00008224,185.88,2026-08-06 01:41:39.368897
8225,8225,Cash,Completed,2017-06-15,TXN-00008225,12.96,2026-08-06 01:41:39.368897
8226,8226,UPI,Pending,2018-11-04,TXN-00008226,189.7,2026-08-06 01:41:39.368897
8227,8227,Cash,Completed,2018-11-04,TXN-00008227,40.99,2026-08-06 01:41:39.368897
8228,8228,UPI,Pending,2017-04-05,TXN-00008228,82.64,2026-08-06 01:41:39.368897
8229,8229,Debit Card,Completed,2017-04-07,TXN-00008229,31.02,2026-08-06 01:41:39.368897
8230,8230,Credit Card,Completed,2017-04-04,TXN-00008230,89.97,2026-08-06 01:41:39.368897
8231,8231,Cash,Completed,2017-07-04,TXN-00008231,35.97,2026-08-06 01:41:39.368897
8232,8232,Cash,Completed,2017-07-03,TXN-00008232,1266.86,2026-08-06 01:41:39.368897
8233,8233,UPI,Pending,2015-09-23,TXN-00008233,169.45,2026-08-06 01:41:39.368897
8234,8234,Cash,Pending,2015-09-22,TXN-00008234,40.68,2026-08-06 01:41:39.368897
8235,8235,UPI,Completed,2018-05-04,TXN-00008235,3.33,2026-08-06 01:41:39.368897
8236,8236,Credit Card,Completed,2018-05-01,TXN-00008236,933.26,2026-08-06 01:41:39.368897
8237,8237,Debit Card,Completed,2018-05-01,TXN-00008237,2803.92,2026-08-06 01:41:39.368897
8238,8238,Debit Card,Completed,2018-10-24,TXN-00008238,4.77,2026-08-06 01:41:39.368897
8239,8239,Debit Card,Completed,2018-10-24,TXN-00008239,6.67,2026-08-06 01:41:39.368897
8240,8240,Net Banking,Completed,2018-10-24,TXN-00008240,4.45,2026-08-06 01:41:39.368897
8241,8241,Cash,Completed,2018-10-23,TXN-00008241,43.94,2026-08-06 01:41:39.368897
8242,8242,Wallet,Completed,2015-09-04,TXN-00008242,23.74,2026-08-06 01:41:39.368897
8243,8243,Debit Card,Completed,2015-09-04,TXN-00008243,357.0,2026-08-06 01:41:39.368897
8244,8244,Credit Card,Completed,2015-08-12,TXN-00008244,806.34,2026-08-06 01:41:39.368897
8245,8245,Net Banking,Completed,2015-08-13,TXN-00008245,85.44,2026-08-06 01:41:39.368897
8246,8246,Cash,Completed,2015-08-23,TXN-00008246,344.91,2026-08-06 01:41:39.368897
8247,8247,Credit Card,Completed,2016-05-11,TXN-00008247,70.97,2026-08-06 01:41:39.368897
8248,8248,Credit Card,Completed,2016-05-11,TXN-00008248,36.78,2026-08-06 01:41:39.368897
8249,8249,Wallet,Completed,2017-05-13,TXN-00008249,743.99,2026-08-06 01:41:39.368897
8250,8250,Wallet,Completed,2016-03-05,TXN-00008250,11.21,2026-08-06 01:41:39.368897
8251,8251,Net Banking,Completed,2016-03-05,TXN-00008251,4.71,2026-08-06 01:41:39.368897
8252,8252,UPI,Completed,2016-03-09,TXN-00008252,180.98,2026-08-06 01:41:39.368897
8253,8253,Debit Card,Completed,2016-03-09,TXN-00008253,60.42,2026-08-06 01:41:39.368897
8254,8254,Debit Card,Completed,2018-08-16,TXN-00008254,299.99,2026-08-06 01:41:39.368897
8255,8255,Net Banking,Completed,2018-08-16,TXN-00008255,192.16,2026-08-06 01:41:39.368897
8256,8256,UPI,Completed,2018-08-13,TXN-00008256,242.62,2026-08-06 01:41:39.368897
8257,8257,UPI,Pending,2018-08-12,TXN-00008257,46.74,2026-08-06 01:41:39.368897
8258,8258,Debit Card,Completed,2018-08-14,TXN-00008258,174.95,2026-08-06 01:41:39.368897
8259,8259,Cash,Completed,2018-08-14,TXN-00008259,100.7,2026-08-06 01:41:39.368897
8260,8260,Wallet,Completed,2017-06-27,TXN-00008260,368.91,2026-08-06 01:41:39.368897
8261,8261,UPI,Completed,2017-06-26,TXN-00008261,8.02,2026-08-06 01:41:39.368897
8262,8262,Credit Card,Completed,2017-06-27,TXN-00008262,171.04,2026-08-06 01:41:39.368897
8263,8263,Wallet,Completed,2017-12-15,TXN-00008263,19.44,2026-08-06 01:41:39.368897
8264,8264,Net Banking,Completed,2016-09-14,TXN-00008264,13.09,2026-08-06 01:41:39.368897
8265,8265,Wallet,Completed,2016-01-03,TXN-00008265,122.94,2026-08-06 01:41:39.368897
8266,8266,Cash,Completed,2016-01-01,TXN-00008266,35.45,2026-08-06 01:41:39.368897
8267,8267,UPI,Completed,2015-05-02,TXN-00008267,19.98,2026-08-06 01:41:39.368897
8268,8268,Wallet,Completed,2018-02-01,TXN-00008268,69.38,2026-08-06 01:41:39.368897
8269,8269,Cash,Completed,2018-02-01,TXN-00008269,31.68,2026-08-06 01:41:39.368897
8270,8270,Credit Card,Completed,2018-02-03,TXN-00008270,2003.17,2026-08-06 01:41:39.368897
8271,8271,Credit Card,Completed,2018-02-03,TXN-00008271,9.34,2026-08-06 01:41:39.368897
8272,8272,Credit Card,Completed,2017-12-26,TXN-00008272,2563.06,2026-08-06 01:41:39.368897
8273,8273,Net Banking,Completed,2017-10-23,TXN-00008273,387.14,2026-08-06 01:41:39.368897
8274,8274,Net Banking,Completed,2016-06-17,TXN-00008274,3.42,2026-08-06 01:41:39.368897
8275,8275,Net Banking,Completed,2018-07-03,TXN-00008275,1085.42,2026-08-06 01:41:39.368897
8276,8276,UPI,Completed,2016-06-27,TXN-00008276,43.06,2026-08-06 01:41:39.368897
8277,8277,Debit Card,Completed,2017-02-23,TXN-00008277,3.76,2026-08-06 01:41:39.368897
8278,8278,Cash,Completed,2017-02-25,TXN-00008278,34.86,2026-08-06 01:41:39.368897
8279,8279,Cash,Completed,2017-02-23,TXN-00008279,432.46,2026-08-06 01:41:39.368897
8280,8280,UPI,Completed,2018-04-22,TXN-00008280,675.06,2026-08-06 01:41:39.368897
8281,8281,Debit Card,Completed,2018-05-13,TXN-00008281,65.23,2026-08-06 01:41:39.368897
8282,8282,Credit Card,Completed,2018-05-13,TXN-00008282,207.0,2026-08-06 01:41:39.368897
8283,8283,Debit Card,Completed,2016-12-23,TXN-00008283,600.53,2026-08-06 01:41:39.368897
8284,8284,UPI,Completed,2016-12-21,TXN-00008284,59.9,2026-08-06 01:41:39.368897
8285,8285,UPI,Completed,2016-12-21,TXN-00008285,637.44,2026-08-06 01:41:39.368897
8286,8286,UPI,Completed,2016-12-21,TXN-00008286,51.76,2026-08-06 01:41:39.368897
8287,8287,Debit Card,Completed,2015-08-15,TXN-00008287,31.1,2026-08-06 01:41:39.368897
8288,8288,UPI,Completed,2015-08-13,TXN-00008288,47.96,2026-08-06 01:41:39.368897
8289,8289,Credit Card,Completed,2015-08-16,TXN-00008289,158.93,2026-08-06 01:41:39.368897
8290,8290,Net Banking,Completed,2015-08-15,TXN-00008290,211.25,2026-08-06 01:41:39.368897
8291,8291,Credit Card,Completed,2015-08-14,TXN-00008291,5.55,2026-08-06 01:41:39.368897
8292,8292,Cash,Completed,2015-08-16,TXN-00008292,2.95,2026-08-06 01:41:39.368897
8293,8293,Net Banking,Completed,2016-12-15,TXN-00008293,10.33,2026-08-06 01:41:39.368897
8294,8294,Wallet,Completed,2018-11-04,TXN-00008294,18.37,2026-08-06 01:41:39.368897
8295,8295,Credit Card,Completed,2018-03-17,TXN-00008295,299.9,2026-08-06 01:41:39.368897
8296,8296,Credit Card,Completed,2017-06-03,TXN-00008296,26.55,2026-08-06 01:41:39.368897
8297,8297,Credit Card,Completed,2017-06-03,TXN-00008297,111.98,2026-08-06 01:41:39.368897
8298,8298,Credit Card,Completed,2016-07-05,TXN-00008298,4.93,2026-08-06 01:41:39.368897
8299,8299,Debit Card,Completed,2016-07-07,TXN-00008299,11.78,2026-08-06 01:41:39.368897
8300,8300,Net Banking,Completed,2015-03-15,TXN-00008300,7.98,2026-08-06 01:41:39.368897
8301,8301,Wallet,Completed,2016-04-23,TXN-00008301,180.96,2026-08-06 01:41:39.368897
8302,8302,Net Banking,Completed,2018-07-27,TXN-00008302,1649.95,2026-08-06 01:41:39.368897
8303,8303,Wallet,Completed,2018-07-28,TXN-00008303,362.35,2026-08-06 01:41:39.368897
8304,8304,Net Banking,Completed,2015-11-04,TXN-00008304,73.58,2026-08-06 01:41:39.368897
8305,8305,UPI,Completed,2018-11-03,TXN-00008305,486.37,2026-08-06 01:41:39.368897
8306,8306,Wallet,Completed,2017-08-15,TXN-00008306,32.4,2026-08-06 01:41:39.368897
8307,8307,Credit Card,Completed,2017-08-11,TXN-00008307,41.86,2026-08-06 01:41:39.368897
8308,8308,Wallet,Completed,2017-08-11,TXN-00008308,77.56,2026-08-06 01:41:39.368897
8309,8309,Net Banking,Completed,2017-07-27,TXN-00008309,37.17,2026-08-06 01:41:39.368897
8310,8310,Wallet,Completed,2015-03-01,TXN-00008310,137.35,2026-08-06 01:41:39.368897
8311,8311,Cash,Completed,2015-03-05,TXN-00008311,376.51,2026-08-06 01:41:39.368897
8312,8312,UPI,Completed,2018-01-28,TXN-00008312,62.72,2026-08-06 01:41:39.368897
8313,8313,Credit Card,Completed,2018-01-27,TXN-00008313,2939.93,2026-08-06 01:41:39.368897
8314,8314,Wallet,Completed,2015-07-15,TXN-00008314,512.36,2026-08-06 01:41:39.368897
8315,8315,UPI,Completed,2015-07-15,TXN-00008315,3.49,2026-08-06 01:41:39.368897
8316,8316,Net Banking,Completed,2015-07-15,TXN-00008316,22.29,2026-08-06 01:41:39.368897
8317,8317,Cash,Completed,2015-07-15,TXN-00008317,16.03,2026-08-06 01:41:39.368897
8318,8318,Wallet,Completed,2018-04-13,TXN-00008318,1.75,2026-08-06 01:41:39.368897
8319,8319,Wallet,Completed,2018-04-15,TXN-00008319,20.99,2026-08-06 01:41:39.368897
8320,8320,Debit Card,Completed,2018-11-15,TXN-00008320,11.21,2026-08-06 01:41:39.368897
8321,8321,UPI,Completed,2016-12-08,TXN-00008321,45.04,2026-08-06 01:41:39.368897
8322,8322,Net Banking,Completed,2017-09-27,TXN-00008322,15.62,2026-08-06 01:41:39.368897
8323,8323,UPI,Completed,2017-11-20,TXN-00008323,8.74,2026-08-06 01:41:39.368897
8324,8324,UPI,Completed,2017-11-20,TXN-00008324,44.75,2026-08-06 01:41:39.368897
8325,8325,Cash,Completed,2018-09-08,TXN-00008325,61.68,2026-08-06 01:41:39.368897
8326,8326,Cash,Completed,2018-09-12,TXN-00008326,158.38,2026-08-06 01:41:39.368897
8327,8327,Wallet,Completed,2018-07-23,TXN-00008327,2.86,2026-08-06 01:41:39.368897
8328,8328,Debit Card,Pending,2018-07-24,TXN-00008328,94.19,2026-08-06 01:41:39.368897
8329,8329,Cash,Completed,2018-10-09,TXN-00008329,143.7,2026-08-06 01:41:39.368897
8330,8330,UPI,Completed,2018-10-10,TXN-00008330,6.48,2026-08-06 01:41:39.368897
8331,8331,Debit Card,Completed,2018-11-07,TXN-00008331,7.88,2026-08-06 01:41:39.368897
8332,8332,Net Banking,Completed,2017-03-13,TXN-00008332,11.21,2026-08-06 01:41:39.368897
8333,8333,Credit Card,Completed,2017-03-12,TXN-00008333,354.9,2026-08-06 01:41:39.368897
8334,8334,UPI,Completed,2017-03-09,TXN-00008334,17.94,2026-08-06 01:41:39.368897
8335,8335,Net Banking,Completed,2017-03-10,TXN-00008335,51.8,2026-08-06 01:41:39.368897
8336,8336,Wallet,Completed,2018-05-15,TXN-00008336,299.52,2026-08-06 01:41:39.368897
8337,8337,Net Banking,Completed,2017-07-06,TXN-00008337,7.7,2026-08-06 01:41:39.368897
8338,8338,UPI,Completed,2015-12-29,TXN-00008338,23.92,2026-08-06 01:41:39.368897
8339,8339,Debit Card,Completed,2015-12-29,TXN-00008339,498.0,2026-08-06 01:41:39.368897
8340,8340,Debit Card,Completed,2018-04-16,TXN-00008340,436.7,2026-08-06 01:41:39.368897
8341,8341,UPI,Completed,2015-11-15,TXN-00008341,32.4,2026-08-06 01:41:39.368897
8342,8342,Net Banking,Completed,2018-06-12,TXN-00008342,61.44,2026-08-06 01:41:39.368897
8343,8343,UPI,Completed,2017-11-25,TXN-00008343,73.36,2026-08-06 01:41:39.368897
8344,8344,Net Banking,Completed,2015-03-25,TXN-00008344,59.2,2026-08-06 01:41:39.368897
8345,8345,UPI,Completed,2015-03-24,TXN-00008345,32.95,2026-08-06 01:41:39.368897
8346,8346,UPI,Completed,2015-03-24,TXN-00008346,218.38,2026-08-06 01:41:39.368897
8347,8347,UPI,Completed,2016-05-01,TXN-00008347,31.4,2026-08-06 01:41:39.368897
8348,8348,Debit Card,Completed,2016-05-03,TXN-00008348,9.48,2026-08-06 01:41:39.368897
8349,8349,Cash,Completed,2016-05-04,TXN-00008349,209.5,2026-08-06 01:41:39.368897
8350,8350,UPI,Completed,2016-05-01,TXN-00008350,24.3,2026-08-06 01:41:39.368897
8351,8351,UPI,Completed,2016-05-03,TXN-00008351,6.48,2026-08-06 01:41:39.368897
8352,8352,Credit Card,Completed,2018-05-04,TXN-00008352,32.45,2026-08-06 01:41:39.368897
8353,8353,Debit Card,Completed,2018-05-05,TXN-00008353,26.39,2026-08-06 01:41:39.368897
8354,8354,Credit Card,Completed,2018-05-05,TXN-00008354,373.47,2026-08-06 01:41:39.368897
8355,8355,Cash,Completed,2018-05-04,TXN-00008355,64.2,2026-08-06 01:41:39.368897
8356,8356,Credit Card,Completed,2018-05-07,TXN-00008356,8.0,2026-08-06 01:41:39.368897
8357,8357,Wallet,Completed,2017-08-27,TXN-00008357,186.54,2026-08-06 01:41:39.368897
8358,8358,Credit Card,Pending,2015-04-13,TXN-00008358,87.08,2026-08-06 01:41:39.368897
8359,8359,Debit Card,Completed,2015-04-14,TXN-00008359,105.58,2026-08-06 01:41:39.368897
8360,8360,Credit Card,Completed,2015-04-12,TXN-00008360,217.44,2026-08-06 01:41:39.368897
8361,8361,UPI,Pending,2018-01-02,TXN-00008361,31.74,2026-08-06 01:41:39.368897
8362,8362,Wallet,Completed,2018-01-06,TXN-00008362,5.43,2026-08-06 01:41:39.368897
8363,8363,Cash,Completed,2018-01-03,TXN-00008363,913.43,2026-08-06 01:41:39.368897
8364,8364,Credit Card,Completed,2018-01-02,TXN-00008364,372.14,2026-08-06 01:41:39.368897
8365,8365,Credit Card,Completed,2018-05-01,TXN-00008365,751.98,2026-08-06 01:41:39.368897
8366,8366,UPI,Completed,2018-01-31,TXN-00008366,604.77,2026-08-06 01:41:39.368897
8367,8367,Debit Card,Completed,2015-09-08,TXN-00008367,27.36,2026-08-06 01:41:39.368897
8368,8368,Debit Card,Completed,2015-09-08,TXN-00008368,20.56,2026-08-06 01:41:39.368897
8369,8369,Credit Card,Completed,2015-09-07,TXN-00008369,83.92,2026-08-06 01:41:39.368897
8370,8370,Debit Card,Completed,2017-06-11,TXN-00008370,902.71,2026-08-06 01:41:39.368897
8371,8371,Cash,Completed,2017-10-19,TXN-00008371,120.67,2026-08-06 01:41:39.368897
8372,8372,Cash,Completed,2015-12-29,TXN-00008372,4.98,2026-08-06 01:41:39.368897
8373,8373,Cash,Completed,2017-11-25,TXN-00008373,82.26,2026-08-06 01:41:39.368897
8374,8374,Wallet,Completed,2017-11-13,TXN-00008374,29.74,2026-08-06 01:41:39.368897
8375,8375,Debit Card,Completed,2016-01-08,TXN-00008375,87.36,2026-08-06 01:41:39.368897
8376,8376,UPI,Pending,2016-01-06,TXN-00008376,56.16,2026-08-06 01:41:39.368897
8377,8377,UPI,Completed,2018-03-24,TXN-00008377,64.38,2026-08-06 01:41:39.368897
8378,8378,UPI,Completed,2016-11-14,TXN-00008378,64.78,2026-08-06 01:41:39.368897
8379,8379,Wallet,Completed,2016-11-14,TXN-00008379,15.55,2026-08-06 01:41:39.368897
8380,8380,Debit Card,Completed,2016-11-14,TXN-00008380,223.89,2026-08-06 01:41:39.368897
8381,8381,Cash,Completed,2015-09-11,TXN-00008381,10.9,2026-08-06 01:41:39.368897
8382,8382,Debit Card,Completed,2017-03-21,TXN-00008382,84.78,2026-08-06 01:41:39.368897
8383,8383,Cash,Completed,2017-02-12,TXN-00008383,241.5,2026-08-06 01:41:39.368897
8384,8384,UPI,Completed,2017-11-30,TXN-00008384,59.97,2026-08-06 01:41:39.368897
8385,8385,Debit Card,Completed,2017-11-29,TXN-00008385,13.36,2026-08-06 01:41:39.368897
8386,8386,Credit Card,Completed,2018-09-06,TXN-00008386,11.81,2026-08-06 01:41:39.368897
8387,8387,Credit Card,Pending,2016-05-28,TXN-00008387,16.24,2026-08-06 01:41:39.368897
8388,8388,Cash,Completed,2016-05-29,TXN-00008388,77.55,2026-08-06 01:41:39.368897
8389,8389,UPI,Pending,2015-11-03,TXN-00008389,76.12,2026-08-06 01:41:39.368897
8390,8390,Credit Card,Completed,2017-12-30,TXN-00008390,17.18,2026-08-06 01:41:39.368897
8391,8391,Cash,Completed,2018-12-08,TXN-00008391,11.76,2026-08-06 01:41:39.368897
8392,8392,Credit Card,Completed,2018-12-24,TXN-00008392,27.46,2026-08-06 01:41:39.368897
8393,8393,Net Banking,Pending,2017-12-04,TXN-00008393,137.94,2026-08-06 01:41:39.368897
8394,8394,Wallet,Completed,2017-12-05,TXN-00008394,111.15,2026-08-06 01:41:39.368897
8395,8395,UPI,Completed,2017-12-02,TXN-00008395,901.95,2026-08-06 01:41:39.368897
8396,8396,Debit Card,Completed,2017-12-03,TXN-00008396,366.01,2026-08-06 01:41:39.368897
8397,8397,Wallet,Refunded,2015-06-30,TXN-00008397,310.69,2026-08-06 01:41:39.368897
8398,8398,Net Banking,Completed,2015-09-04,TXN-00008398,7.68,2026-08-06 01:41:39.368897
8399,8399,UPI,Completed,2018-11-06,TXN-00008399,155.37,2026-08-06 01:41:39.368897
8400,8400,Credit Card,Completed,2016-04-17,TXN-00008400,10.74,2026-08-06 01:41:39.368897
8401,8401,Wallet,Completed,2016-12-07,TXN-00008401,232.4,2026-08-06 01:41:39.368897
8402,8402,Credit Card,Completed,2016-12-07,TXN-00008402,164.65,2026-08-06 01:41:39.368897
8403,8403,Net Banking,Completed,2016-12-07,TXN-00008403,22.68,2026-08-06 01:41:39.368897
8404,8404,Cash,Completed,2017-02-04,TXN-00008404,105.52,2026-08-06 01:41:39.368897
8405,8405,UPI,Completed,2018-07-08,TXN-00008405,83.92,2026-08-06 01:41:39.368897
8406,8406,Credit Card,Pending,2018-07-11,TXN-00008406,141.9,2026-08-06 01:41:39.368897
8407,8407,Credit Card,Completed,2018-07-09,TXN-00008407,39.98,2026-08-06 01:41:39.368897
8408,8408,Net Banking,Completed,2018-07-11,TXN-00008408,28.91,2026-08-06 01:41:39.368897
8409,8409,Wallet,Completed,2018-07-09,TXN-00008409,174.95,2026-08-06 01:41:39.368897
8410,8410,Debit Card,Completed,2016-12-15,TXN-00008410,110.53,2026-08-06 01:41:39.368897
8411,8411,UPI,Completed,2017-11-16,TXN-00008411,630.02,2026-08-06 01:41:39.368897
8412,8412,Net Banking,Completed,2017-05-11,TXN-00008412,27.86,2026-08-06 01:41:39.368897
8413,8413,UPI,Completed,2018-03-14,TXN-00008413,933.41,2026-08-06 01:41:39.368897
8414,8414,Cash,Completed,2017-12-21,TXN-00008414,51.84,2026-08-06 01:41:39.368897
8415,8415,Cash,Completed,2017-12-18,TXN-00008415,165.6,2026-08-06 01:41:39.368897
8416,8416,Wallet,Completed,2018-04-08,TXN-00008416,106.32,2026-08-06 01:41:39.368897
8417,8417,Credit Card,Completed,2018-05-10,TXN-00008417,147.92,2026-08-06 01:41:39.368897
8418,8418,Net Banking,Completed,2018-05-13,TXN-00008418,104.28,2026-08-06 01:41:39.368897
8419,8419,UPI,Completed,2018-05-13,TXN-00008419,286.85,2026-08-06 01:41:39.368897
8420,8420,Credit Card,Completed,2018-05-09,TXN-00008420,66.96,2026-08-06 01:41:39.368897
8421,8421,Cash,Completed,2018-05-09,TXN-00008421,199.98,2026-08-06 01:41:39.368897
8422,8422,Net Banking,Completed,2018-10-13,TXN-00008422,45.0,2026-08-06 01:41:39.368897
8423,8423,UPI,Completed,2018-10-12,TXN-00008423,17.9,2026-08-06 01:41:39.368897
8424,8424,Net Banking,Completed,2018-10-13,TXN-00008424,40.48,2026-08-06 01:41:39.368897
8425,8425,Credit Card,Completed,2018-10-12,TXN-00008425,2154.9,2026-08-06 01:41:39.368897
8426,8426,Debit Card,Completed,2017-08-29,TXN-00008426,18.43,2026-08-06 01:41:39.368897
8427,8427,Wallet,Completed,2016-10-05,TXN-00008427,10.94,2026-08-06 01:41:39.368897
8428,8428,Wallet,Completed,2018-11-25,TXN-00008428,4.36,2026-08-06 01:41:39.368897
8429,8429,Cash,Completed,2018-11-14,TXN-00008429,62.35,2026-08-06 01:41:39.368897
8430,8430,Cash,Completed,2017-12-19,TXN-00008430,303.92,2026-08-06 01:41:39.368897
8431,8431,Credit Card,Completed,2015-04-02,TXN-00008431,129.3,2026-08-06 01:41:39.368897
8432,8432,Cash,Completed,2018-11-10,TXN-00008432,274.2,2026-08-06 01:41:39.368897
8433,8433,Wallet,Completed,2015-09-14,TXN-00008433,6.05,2026-08-06 01:41:39.368897
8434,8434,UPI,Completed,2015-09-15,TXN-00008434,6.85,2026-08-06 01:41:39.368897
8435,8435,Credit Card,Completed,2015-09-17,TXN-00008435,9.96,2026-08-06 01:41:39.368897
8436,8436,Wallet,Completed,2015-09-15,TXN-00008436,8.55,2026-08-06 01:41:39.368897
8437,8437,UPI,Completed,2016-09-24,TXN-00008437,45.58,2026-08-06 01:41:39.368897
8438,8438,Wallet,Completed,2016-12-11,TXN-00008438,25.49,2026-08-06 01:41:39.368897
8439,8439,UPI,Completed,2015-05-29,TXN-00008439,136.96,2026-08-06 01:41:39.368897
8440,8440,Wallet,Completed,2018-03-15,TXN-00008440,49.62,2026-08-06 01:41:39.368897
8441,8441,Debit Card,Completed,2017-12-12,TXN-00008441,10.58,2026-08-06 01:41:39.368897
8442,8442,Credit Card,Completed,2018-05-08,TXN-00008442,84.42,2026-08-06 01:41:39.368897
8443,8443,Wallet,Completed,2017-03-07,TXN-00008443,431.94,2026-08-06 01:41:39.368897
8444,8444,Net Banking,Completed,2017-03-06,TXN-00008444,2.04,2026-08-06 01:41:39.368897
8445,8445,Credit Card,Completed,2017-03-09,TXN-00008445,68.24,2026-08-06 01:41:39.368897
8446,8446,UPI,Completed,2018-10-26,TXN-00008446,240.74,2026-08-06 01:41:39.368897
8447,8447,Cash,Completed,2018-10-24,TXN-00008447,35.0,2026-08-06 01:41:39.368897
8448,8448,Net Banking,Completed,2018-10-24,TXN-00008448,210.68,2026-08-06 01:41:39.368897
8449,8449,Cash,Completed,2018-10-24,TXN-00008449,637.9,2026-08-06 01:41:39.368897
8450,8450,Debit Card,Completed,2018-10-24,TXN-00008450,43.44,2026-08-06 01:41:39.368897
8451,8451,Cash,Completed,2018-10-25,TXN-00008451,2.22,2026-08-06 01:41:39.368897
8452,8452,Net Banking,Completed,2015-05-02,TXN-00008452,1679.96,2026-08-06 01:41:39.368897
8453,8453,Debit Card,Completed,2017-04-18,TXN-00008453,344.37,2026-08-06 01:41:39.368897
8454,8454,Cash,Completed,2017-04-18,TXN-00008454,1554.94,2026-08-06 01:41:39.368897
8455,8455,Debit Card,Completed,2017-04-20,TXN-00008455,127.88,2026-08-06 01:41:39.368897
8456,8456,UPI,Completed,2017-05-23,TXN-00008456,222.38,2026-08-06 01:41:39.368897
8457,8457,Debit Card,Pending,2018-05-31,TXN-00008457,106.87,2026-08-06 01:41:39.368897
8458,8458,Wallet,Completed,2018-05-28,TXN-00008458,3.56,2026-08-06 01:41:39.368897
8459,8459,Net Banking,Completed,2015-08-29,TXN-00008459,25.68,2026-08-06 01:41:39.368897
8460,8460,Credit Card,Completed,2015-08-26,TXN-00008460,12.38,2026-08-06 01:41:39.368897
8461,8461,Cash,Completed,2015-09-03,TXN-00008461,25.3,2026-08-06 01:41:39.368897
8462,8462,Debit Card,Completed,2015-09-02,TXN-00008462,95.94,2026-08-06 01:41:39.368897
8463,8463,Debit Card,Completed,2016-09-03,TXN-00008463,7.5,2026-08-06 01:41:39.368897
8464,8464,Wallet,Completed,2015-03-30,TXN-00008464,302.38,2026-08-06 01:41:39.368897
8465,8465,UPI,Completed,2016-05-11,TXN-00008465,46.69,2026-08-06 01:41:39.368897
8466,8466,Credit Card,Completed,2016-04-10,TXN-00008466,17.94,2026-08-06 01:41:39.368897
8467,8467,Wallet,Completed,2016-04-13,TXN-00008467,370.14,2026-08-06 01:41:39.368897
8468,8468,Net Banking,Completed,2017-09-20,TXN-00008468,8.93,2026-08-06 01:41:39.368897
8469,8469,Wallet,Completed,2017-11-15,TXN-00008469,2678.94,2026-08-06 01:41:39.368897
8470,8470,Debit Card,Completed,2018-04-25,TXN-00008470,387.14,2026-08-06 01:41:39.368897
8471,8471,Cash,Pending,2018-04-27,TXN-00008471,45.41,2026-08-06 01:41:39.368897
8472,8472,Net Banking,Completed,2018-04-27,TXN-00008472,77.95,2026-08-06 01:41:39.368897
8473,8473,Cash,Completed,2018-04-23,TXN-00008473,3.0,2026-08-06 01:41:39.368897
8474,8474,UPI,Completed,2016-10-26,TXN-00008474,9.95,2026-08-06 01:41:39.368897
8475,8475,Wallet,Completed,2018-04-11,TXN-00008475,37.9,2026-08-06 01:41:39.368897
8476,8476,Debit Card,Completed,2018-04-13,TXN-00008476,65.58,2026-08-06 01:41:39.368897
8477,8477,UPI,Completed,2018-10-27,TXN-00008477,44.78,2026-08-06 01:41:39.368897
8478,8478,Debit Card,Pending,2016-11-02,TXN-00008478,1035.8,2026-08-06 01:41:39.368897
8479,8479,Credit Card,Completed,2018-12-21,TXN-00008479,5.76,2026-08-06 01:41:39.368897
8480,8480,Debit Card,Completed,2017-03-12,TXN-00008480,19.98,2026-08-06 01:41:39.368897
8481,8481,Net Banking,Completed,2015-07-22,TXN-00008481,35.98,2026-08-06 01:41:39.368897
8482,8482,Credit Card,Completed,2017-05-24,TXN-00008482,16.66,2026-08-06 01:41:39.368897
8483,8483,Debit Card,Completed,2018-02-15,TXN-00008483,20.7,2026-08-06 01:41:39.368897
8484,8484,Debit Card,Completed,2017-09-23,TXN-00008484,83.7,2026-08-06 01:41:39.368897
8485,8485,Credit Card,Completed,2018-09-24,TXN-00008485,199.8,2026-08-06 01:41:39.368897
8486,8486,Net Banking,Completed,2018-03-29,TXN-00008486,45.68,2026-08-06 01:41:39.368897
8487,8487,Net Banking,Completed,2018-03-30,TXN-00008487,110.96,2026-08-06 01:41:39.368897
8488,8488,Cash,Completed,2018-03-30,TXN-00008488,11.94,2026-08-06 01:41:39.368897
8489,8489,Debit Card,Completed,2017-02-02,TXN-00008489,8749.95,2026-08-06 01:41:39.368897
8490,8490,Cash,Completed,2017-02-06,TXN-00008490,36.4,2026-08-06 01:41:39.368897
8491,8491,Net Banking,Completed,2017-02-03,TXN-00008491,18.69,2026-08-06 01:41:39.368897
8492,8492,Debit Card,Completed,2018-07-11,TXN-00008492,5.94,2026-08-06 01:41:39.368897
8493,8493,Cash,Completed,2016-10-27,TXN-00008493,60.74,2026-08-06 01:41:39.368897
8494,8494,Credit Card,Completed,2016-10-26,TXN-00008494,479.98,2026-08-06 01:41:39.368897
8495,8495,Credit Card,Completed,2016-10-26,TXN-00008495,6.08,2026-08-06 01:41:39.368897
8496,8496,Debit Card,Completed,2017-12-06,TXN-00008496,165.6,2026-08-06 01:41:39.368897
8497,8497,Net Banking,Completed,2015-03-05,TXN-00008497,59.52,2026-08-06 01:41:39.368897
8498,8498,Credit Card,Completed,2015-03-08,TXN-00008498,479.97,2026-08-06 01:41:39.368897
8499,8499,Wallet,Completed,2015-03-09,TXN-00008499,18.62,2026-08-06 01:41:39.368897
8500,8500,UPI,Completed,2015-03-09,TXN-00008500,49.63,2026-08-06 01:41:39.368897
8501,8501,Credit Card,Completed,2015-03-06,TXN-00008501,97.82,2026-08-06 01:41:39.368897
8502,8502,Net Banking,Completed,2016-03-01,TXN-00008502,15.98,2026-08-06 01:41:39.368897
8503,8503,Credit Card,Completed,2016-03-04,TXN-00008503,184.75,2026-08-06 01:41:39.368897
8504,8504,Debit Card,Completed,2015-02-23,TXN-00008504,12.96,2026-08-06 01:41:39.368897
8505,8505,Credit Card,Completed,2017-05-04,TXN-00008505,366.74,2026-08-06 01:41:39.368897
8506,8506,Cash,Completed,2017-03-09,TXN-00008506,8.86,2026-08-06 01:41:39.368897
8507,8507,Net Banking,Completed,2017-03-12,TXN-00008507,27.96,2026-08-06 01:41:39.368897
8508,8508,Net Banking,Completed,2017-03-12,TXN-00008508,146.35,2026-08-06 01:41:39.368897
8509,8509,Cash,Completed,2016-12-11,TXN-00008509,175.23,2026-08-06 01:41:39.368897
8510,8510,Debit Card,Completed,2016-12-11,TXN-00008510,125.99,2026-08-06 01:41:39.368897
8511,8511,UPI,Completed,2016-12-13,TXN-00008511,23.0,2026-08-06 01:41:39.368897
8512,8512,Cash,Completed,2017-12-26,TXN-00008512,25.58,2026-08-06 01:41:39.368897
8513,8513,Net Banking,Completed,2017-02-04,TXN-00008513,73.78,2026-08-06 01:41:39.368897
8514,8514,Wallet,Completed,2018-06-08,TXN-00008514,20.74,2026-08-06 01:41:39.368897
8515,8515,UPI,Completed,2016-08-21,TXN-00008515,17.52,2026-08-06 01:41:39.368897
8516,8516,Debit Card,Completed,2016-08-23,TXN-00008516,35.76,2026-08-06 01:41:39.368897
8517,8517,Cash,Completed,2017-04-11,TXN-00008517,3.64,2026-08-06 01:41:39.368897
8518,8518,Cash,Completed,2018-06-08,TXN-00008518,30.34,2026-08-06 01:41:39.368897
8519,8519,Debit Card,Completed,2018-12-08,TXN-00008519,12.99,2026-08-06 01:41:39.368897
8520,8520,Credit Card,Completed,2018-12-05,TXN-00008520,182.22,2026-08-06 01:41:39.368897
8521,8521,Cash,Completed,2018-12-06,TXN-00008521,302.94,2026-08-06 01:41:39.368897
8522,8522,Net Banking,Completed,2017-01-12,TXN-00008522,54.99,2026-08-06 01:41:39.368897
8523,8523,Net Banking,Completed,2017-04-04,TXN-00008523,12.99,2026-08-06 01:41:39.368897
8524,8524,Net Banking,Completed,2018-09-25,TXN-00008524,55.86,2026-08-06 01:41:39.368897
8525,8525,UPI,Completed,2018-03-16,TXN-00008525,44.38,2026-08-06 01:41:39.368897
8526,8526,UPI,Completed,2018-03-16,TXN-00008526,51.26,2026-08-06 01:41:39.368897
8527,8527,Net Banking,Completed,2018-03-18,TXN-00008527,5.19,2026-08-06 01:41:39.368897
8528,8528,Wallet,Completed,2018-03-17,TXN-00008528,159.98,2026-08-06 01:41:39.368897
8529,8529,UPI,Pending,2018-03-17,TXN-00008529,54.22,2026-08-06 01:41:39.368897
8530,8530,Cash,Completed,2018-11-10,TXN-00008530,241.42,2026-08-06 01:41:39.368897
8531,8531,Net Banking,Completed,2017-12-04,TXN-00008531,33.36,2026-08-06 01:41:39.368897
8532,8532,Wallet,Pending,2017-12-04,TXN-00008532,13.76,2026-08-06 01:41:39.368897
8533,8533,Cash,Completed,2017-12-02,TXN-00008533,496.86,2026-08-06 01:41:39.368897
8534,8534,Wallet,Completed,2017-12-01,TXN-00008534,389.97,2026-08-06 01:41:39.368897
8535,8535,Net Banking,Completed,2016-01-17,TXN-00008535,9.82,2026-08-06 01:41:39.368897
8536,8536,Cash,Completed,2015-05-19,TXN-00008536,56.4,2026-08-06 01:41:39.368897
8537,8537,UPI,Completed,2016-06-08,TXN-00008537,18.31,2026-08-06 01:41:39.368897
8538,8538,Cash,Completed,2016-06-10,TXN-00008538,25.92,2026-08-06 01:41:39.368897
8539,8539,Debit Card,Completed,2016-06-11,TXN-00008539,8.02,2026-08-06 01:41:39.368897
8540,8540,Cash,Completed,2018-03-09,TXN-00008540,479.98,2026-08-06 01:41:39.368897
8541,8541,Net Banking,Completed,2018-03-13,TXN-00008541,30.84,2026-08-06 01:41:39.368897
8542,8542,Credit Card,Pending,2016-12-24,TXN-00008542,33.57,2026-08-06 01:41:39.368897
8543,8543,Wallet,Completed,2016-12-22,TXN-00008543,422.63,2026-08-06 01:41:39.368897
8544,8544,Net Banking,Completed,2015-08-09,TXN-00008544,199.98,2026-08-06 01:41:39.368897
8545,8545,Debit Card,Completed,2017-03-27,TXN-00008545,20.24,2026-08-06 01:41:39.368897
8546,8546,Net Banking,Completed,2017-03-27,TXN-00008546,39.92,2026-08-06 01:41:39.368897
8547,8547,Credit Card,Completed,2017-03-30,TXN-00008547,32.54,2026-08-06 01:41:39.368897
8548,8548,Debit Card,Completed,2016-12-08,TXN-00008548,39.0,2026-08-06 01:41:39.368897
8549,8549,Wallet,Completed,2016-12-05,TXN-00008549,12.6,2026-08-06 01:41:39.368897
8550,8550,Debit Card,Completed,2016-09-13,TXN-00008550,24.64,2026-08-06 01:41:39.368897
8551,8551,Net Banking,Completed,2016-07-18,TXN-00008551,6.26,2026-08-06 01:41:39.368897
8552,8552,Debit Card,Completed,2016-07-18,TXN-00008552,14.43,2026-08-06 01:41:39.368897
8553,8553,Credit Card,Completed,2015-05-30,TXN-00008553,719.98,2026-08-06 01:41:39.368897
8554,8554,Net Banking,Completed,2018-11-15,TXN-00008554,239.92,2026-08-06 01:41:39.368897
8555,8555,Wallet,Completed,2017-12-09,TXN-00008555,1056.86,2026-08-06 01:41:39.368897
8556,8556,Wallet,Pending,2016-03-26,TXN-00008556,447.94,2026-08-06 01:41:39.368897
8557,8557,UPI,Pending,2016-03-22,TXN-00008557,150.41,2026-08-06 01:41:39.368897
8558,8558,Net Banking,Completed,2017-12-24,TXN-00008558,453.58,2026-08-06 01:41:39.368897
8559,8559,Debit Card,Completed,2017-12-27,TXN-00008559,45.36,2026-08-06 01:41:39.368897
8560,8560,Net Banking,Completed,2017-12-24,TXN-00008560,287.88,2026-08-06 01:41:39.368897
8561,8561,Debit Card,Completed,2017-12-24,TXN-00008561,131.88,2026-08-06 01:41:39.368897
8562,8562,Cash,Completed,2017-12-25,TXN-00008562,2.33,2026-08-06 01:41:39.368897
8563,8563,Credit Card,Completed,2017-04-04,TXN-00008563,1454.9,2026-08-06 01:41:39.368897
8564,8564,Wallet,Completed,2018-05-04,TXN-00008564,4.84,2026-08-06 01:41:39.368897
8565,8565,Credit Card,Completed,2018-05-02,TXN-00008565,220.7,2026-08-06 01:41:39.368897
8566,8566,UPI,Completed,2017-11-21,TXN-00008566,67.18,2026-08-06 01:41:39.368897
8567,8567,Credit Card,Pending,2017-11-19,TXN-00008567,15.23,2026-08-06 01:41:39.368897
8568,8568,Wallet,Completed,2017-11-11,TXN-00008568,31.1,2026-08-06 01:41:39.368897
8569,8569,Debit Card,Completed,2017-12-07,TXN-00008569,968.74,2026-08-06 01:41:39.368897
8570,8570,Wallet,Completed,2017-12-10,TXN-00008570,222.35,2026-08-06 01:41:39.368897
8571,8571,UPI,Completed,2017-12-09,TXN-00008571,479.98,2026-08-06 01:41:39.368897
8572,8572,Net Banking,Completed,2017-04-07,TXN-00008572,10.27,2026-08-06 01:41:39.368897
8573,8573,Credit Card,Completed,2015-11-29,TXN-00008573,998.85,2026-08-06 01:41:39.368897
8574,8574,Credit Card,Completed,2016-10-22,TXN-00008574,24.56,2026-08-06 01:41:39.368897
8575,8575,UPI,Completed,2015-09-23,TXN-00008575,5.67,2026-08-06 01:41:39.368897
8576,8576,UPI,Completed,2018-08-30,TXN-00008576,14.34,2026-08-06 01:41:39.368897
8577,8577,Wallet,Completed,2018-07-05,TXN-00008577,102.3,2026-08-06 01:41:39.368897
8578,8578,UPI,Completed,2018-12-22,TXN-00008578,607.52,2026-08-06 01:41:39.368897
8579,8579,UPI,Completed,2018-12-25,TXN-00008579,31.16,2026-08-06 01:41:39.368897
8580,8580,Cash,Completed,2017-12-30,TXN-00008580,2.61,2026-08-06 01:41:39.368897
8581,8581,Net Banking,Completed,2015-05-20,TXN-00008581,10.33,2026-08-06 01:41:39.368897
8582,8582,Cash,Pending,2015-05-20,TXN-00008582,10.37,2026-08-06 01:41:39.368897
8583,8583,Debit Card,Completed,2015-05-20,TXN-00008583,20.78,2026-08-06 01:41:39.368897
8584,8584,Credit Card,Completed,2015-05-20,TXN-00008584,66.96,2026-08-06 01:41:39.368897
8585,8585,Net Banking,Completed,2015-02-07,TXN-00008585,17.25,2026-08-06 01:41:39.368897
8586,8586,UPI,Completed,2018-12-11,TXN-00008586,11.09,2026-08-06 01:41:39.368897
8587,8587,UPI,Completed,2018-07-15,TXN-00008587,1287.45,2026-08-06 01:41:39.368897
8588,8588,Wallet,Completed,2018-07-13,TXN-00008588,168.1,2026-08-06 01:41:39.368897
8589,8589,Wallet,Completed,2016-05-16,TXN-00008589,51.97,2026-08-06 01:41:39.368897
8590,8590,UPI,Completed,2018-02-02,TXN-00008590,4.77,2026-08-06 01:41:39.368897
8591,8591,Debit Card,Completed,2018-10-03,TXN-00008591,7.98,2026-08-06 01:41:39.368897
8592,8592,Net Banking,Completed,2018-04-23,TXN-00008592,18.69,2026-08-06 01:41:39.368897
8593,8593,Credit Card,Completed,2018-04-26,TXN-00008593,11.66,2026-08-06 01:41:39.368897
8594,8594,Cash,Completed,2018-11-10,TXN-00008594,191.98,2026-08-06 01:41:39.368897
8595,8595,Wallet,Completed,2018-11-10,TXN-00008595,499.17,2026-08-06 01:41:39.368897
8596,8596,Debit Card,Completed,2015-05-08,TXN-00008596,11.88,2026-08-06 01:41:39.368897
8597,8597,Cash,Completed,2015-05-05,TXN-00008597,35.44,2026-08-06 01:41:39.368897
8598,8598,Credit Card,Completed,2017-10-30,TXN-00008598,67.14,2026-08-06 01:41:39.368897
8599,8599,UPI,Completed,2015-11-28,TXN-00008599,4.32,2026-08-06 01:41:39.368897
8600,8600,Net Banking,Completed,2015-11-26,TXN-00008600,14.94,2026-08-06 01:41:39.368897
8601,8601,Net Banking,Completed,2015-11-30,TXN-00008601,40.54,2026-08-06 01:41:39.368897
8602,8602,Wallet,Completed,2015-11-28,TXN-00008602,7.31,2026-08-06 01:41:39.368897
8603,8603,Wallet,Completed,2015-12-31,TXN-00008603,475.94,2026-08-06 01:41:39.368897
8604,8604,Wallet,Completed,2017-01-05,TXN-00008604,30.08,2026-08-06 01:41:39.368897
8605,8605,Net Banking,Completed,2017-01-06,TXN-00008605,165.6,2026-08-06 01:41:39.368897
8606,8606,UPI,Completed,2017-01-04,TXN-00008606,180.96,2026-08-06 01:41:39.368897
8607,8607,Debit Card,Completed,2018-08-20,TXN-00008607,23.18,2026-08-06 01:41:39.368897
8608,8608,Wallet,Completed,2015-06-04,TXN-00008608,56.96,2026-08-06 01:41:39.368897
8609,8609,Wallet,Completed,2015-06-08,TXN-00008609,15.56,2026-08-06 01:41:39.368897
8610,8610,Debit Card,Completed,2015-06-04,TXN-00008610,353.57,2026-08-06 01:41:39.368897
8611,8611,Debit Card,Completed,2015-06-06,TXN-00008611,13.96,2026-08-06 01:41:39.368897
8612,8612,Net Banking,Completed,2018-11-15,TXN-00008612,82.95,2026-08-06 01:41:39.368897
8613,8613,Wallet,Completed,2017-01-29,TXN-00008613,39.68,2026-08-06 01:41:39.368897
8614,8614,Credit Card,Completed,2017-11-12,TXN-00008614,479.97,2026-08-06 01:41:39.368897
8615,8615,Debit Card,Completed,2017-09-14,TXN-00008615,7.38,2026-08-06 01:41:39.368897
8616,8616,Wallet,Completed,2017-09-10,TXN-00008616,14.26,2026-08-06 01:41:39.368897
8617,8617,Wallet,Completed,2017-09-13,TXN-00008617,81.98,2026-08-06 01:41:39.368897
8618,8618,UPI,Completed,2017-09-13,TXN-00008618,39.62,2026-08-06 01:41:39.368897
8619,8619,Cash,Completed,2018-03-04,TXN-00008619,399.67,2026-08-06 01:41:39.368897
8620,8620,Cash,Completed,2018-09-09,TXN-00008620,65.12,2026-08-06 01:41:39.368897
8621,8621,Cash,Completed,2018-11-06,TXN-00008621,30.56,2026-08-06 01:41:39.368897
8622,8622,Debit Card,Completed,2018-05-16,TXN-00008622,20.77,2026-08-06 01:41:39.368897
8623,8623,Cash,Completed,2017-11-29,TXN-00008623,39.81,2026-08-06 01:41:39.368897
8624,8624,Net Banking,Completed,2016-11-17,TXN-00008624,121.1,2026-08-06 01:41:39.368897
8625,8625,Debit Card,Completed,2016-11-14,TXN-00008625,111.96,2026-08-06 01:41:39.368897
8626,8626,Credit Card,Completed,2016-12-09,TXN-00008626,15.7,2026-08-06 01:41:39.368897
8627,8627,Wallet,Completed,2016-09-07,TXN-00008627,70.26,2026-08-06 01:41:39.368897
8628,8628,Wallet,Completed,2016-09-10,TXN-00008628,90.0,2026-08-06 01:41:39.368897
8629,8629,Cash,Completed,2016-09-09,TXN-00008629,6.1,2026-08-06 01:41:39.368897
8630,8630,Debit Card,Completed,2016-09-08,TXN-00008630,481.18,2026-08-06 01:41:39.368897
8631,8631,Net Banking,Completed,2016-09-09,TXN-00008631,7.24,2026-08-06 01:41:39.368897
8632,8632,UPI,Completed,2017-08-01,TXN-00008632,177.45,2026-08-06 01:41:39.368897
8633,8633,Net Banking,Completed,2017-07-29,TXN-00008633,1369.76,2026-08-06 01:41:39.368897
8634,8634,UPI,Completed,2017-07-31,TXN-00008634,9.48,2026-08-06 01:41:39.368897
8635,8635,Wallet,Completed,2018-08-25,TXN-00008635,130.98,2026-08-06 01:41:39.368897
8636,8636,Cash,Completed,2015-05-02,TXN-00008636,174.95,2026-08-06 01:41:39.368897
8637,8637,Cash,Completed,2015-05-01,TXN-00008637,826.0,2026-08-06 01:41:39.368897
8638,8638,Debit Card,Completed,2018-04-30,TXN-00008638,139.58,2026-08-06 01:41:39.368897
8639,8639,Wallet,Completed,2018-07-24,TXN-00008639,399.95,2026-08-06 01:41:39.368897
8640,8640,Debit Card,Completed,2015-12-17,TXN-00008640,12.39,2026-08-06 01:41:39.368897
8641,8641,Debit Card,Completed,2018-01-14,TXN-00008641,760.98,2026-08-06 01:41:39.368897
8642,8642,Cash,Completed,2018-12-02,TXN-00008642,67.86,2026-08-06 01:41:39.368897
8643,8643,Net Banking,Pending,2016-11-12,TXN-00008643,31.5,2026-08-06 01:41:39.368897
8644,8644,Credit Card,Completed,2016-11-12,TXN-00008644,5.04,2026-08-06 01:41:39.368897
8645,8645,Wallet,Completed,2016-11-12,TXN-00008645,39.88,2026-08-06 01:41:39.368897
8646,8646,Cash,Completed,2016-11-09,TXN-00008646,4.71,2026-08-06 01:41:39.368897
8647,8647,UPI,Completed,2017-11-26,TXN-00008647,194.35,2026-08-06 01:41:39.368897
8648,8648,Net Banking,Completed,2016-12-09,TXN-00008648,97.42,2026-08-06 01:41:39.368897
8649,8649,UPI,Completed,2017-08-02,TXN-00008649,704.76,2026-08-06 01:41:39.368897
8650,8650,Wallet,Completed,2017-08-02,TXN-00008650,27.4,2026-08-06 01:41:39.368897
8651,8651,Wallet,Completed,2015-09-16,TXN-00008651,5.7,2026-08-06 01:41:39.368897
8652,8652,Wallet,Completed,2015-09-14,TXN-00008652,14.19,2026-08-06 01:41:39.368897
8653,8653,UPI,Completed,2015-09-17,TXN-00008653,7.3,2026-08-06 01:41:39.368897
8654,8654,UPI,Completed,2015-09-16,TXN-00008654,199.98,2026-08-06 01:41:39.368897
8655,8655,UPI,Completed,2015-09-14,TXN-00008655,144.96,2026-08-06 01:41:39.368897
8656,8656,Cash,Completed,2015-09-14,TXN-00008656,118.0,2026-08-06 01:41:39.368897
8657,8657,UPI,Completed,2015-09-17,TXN-00008657,48.94,2026-08-06 01:41:39.368897
8658,8658,Wallet,Completed,2015-09-15,TXN-00008658,22.66,2026-08-06 01:41:39.368897
8659,8659,UPI,Completed,2017-06-25,TXN-00008659,0.84,2026-08-06 01:41:39.368897
8660,8660,Debit Card,Completed,2017-09-04,TXN-00008660,30.96,2026-08-06 01:41:39.368897
8661,8661,Wallet,Completed,2018-11-25,TXN-00008661,723.92,2026-08-06 01:41:39.368897
8662,8662,Net Banking,Pending,2016-05-13,TXN-00008662,21.97,2026-08-06 01:41:39.368897
8663,8663,Credit Card,Completed,2016-05-16,TXN-00008663,619.15,2026-08-06 01:41:39.368897
8664,8664,Cash,Completed,2016-05-13,TXN-00008664,127.9,2026-08-06 01:41:39.368897
8665,8665,Wallet,Completed,2018-04-01,TXN-00008665,94.2,2026-08-06 01:41:39.368897
8666,8666,Wallet,Completed,2017-11-18,TXN-00008666,49.5,2026-08-06 01:41:39.368897
8667,8667,UPI,Completed,2017-12-31,TXN-00008667,16.52,2026-08-06 01:41:39.368897
8668,8668,Wallet,Completed,2017-12-25,TXN-00008668,55.36,2026-08-06 01:41:39.368897
8669,8669,UPI,Completed,2017-12-24,TXN-00008669,11.56,2026-08-06 01:41:39.368897
8670,8670,Net Banking,Completed,2016-12-21,TXN-00008670,17.12,2026-08-06 01:41:39.368897
8671,8671,Cash,Pending,2015-12-28,TXN-00008671,182.35,2026-08-06 01:41:39.368897
8672,8672,Net Banking,Completed,2015-12-30,TXN-00008672,118.16,2026-08-06 01:41:39.368897
8673,8673,Net Banking,Completed,2018-02-17,TXN-00008673,18.37,2026-08-06 01:41:39.368897
8674,8674,Cash,Completed,2018-02-18,TXN-00008674,600.56,2026-08-06 01:41:39.368897
8675,8675,Credit Card,Completed,2018-02-19,TXN-00008675,50.35,2026-08-06 01:41:39.368897
8676,8676,Debit Card,Completed,2018-02-20,TXN-00008676,28.03,2026-08-06 01:41:39.368897
8677,8677,Debit Card,Completed,2018-02-18,TXN-00008677,7.69,2026-08-06 01:41:39.368897
8678,8678,Net Banking,Completed,2018-10-25,TXN-00008678,517.41,2026-08-06 01:41:39.368897
8679,8679,Net Banking,Completed,2017-09-03,TXN-00008679,8.61,2026-08-06 01:41:39.368897
8680,8680,Cash,Completed,2017-09-05,TXN-00008680,159.56,2026-08-06 01:41:39.368897
8681,8681,Wallet,Completed,2017-12-03,TXN-00008681,2104.55,2026-08-06 01:41:39.368897
8682,8682,Net Banking,Completed,2017-12-05,TXN-00008682,40.7,2026-08-06 01:41:39.368897
8683,8683,UPI,Completed,2015-11-07,TXN-00008683,47.79,2026-08-06 01:41:39.368897
8684,8684,Cash,Completed,2018-11-28,TXN-00008684,5.16,2026-08-06 01:41:39.368897
8685,8685,Wallet,Completed,2017-12-18,TXN-00008685,21.21,2026-08-06 01:41:39.368897
8686,8686,Cash,Completed,2018-11-17,TXN-00008686,96.36,2026-08-06 01:41:39.368897
8687,8687,Cash,Completed,2017-06-29,TXN-00008687,231.72,2026-08-06 01:41:39.368897
8688,8688,Debit Card,Completed,2017-06-26,TXN-00008688,17.9,2026-08-06 01:41:39.368897
8689,8689,Net Banking,Completed,2017-06-28,TXN-00008689,12.48,2026-08-06 01:41:39.368897
8690,8690,Debit Card,Completed,2015-12-30,TXN-00008690,8.02,2026-08-06 01:41:39.368897
8691,8691,Debit Card,Completed,2017-08-18,TXN-00008691,259.9,2026-08-06 01:41:39.368897
8692,8692,Debit Card,Completed,2017-08-16,TXN-00008692,247.19,2026-08-06 01:41:39.368897
8693,8693,Credit Card,Completed,2017-08-16,TXN-00008693,279.96,2026-08-06 01:41:39.368897
8694,8694,Debit Card,Completed,2017-10-27,TXN-00008694,450.0,2026-08-06 01:41:39.368897
8695,8695,Debit Card,Completed,2015-08-27,TXN-00008695,19.44,2026-08-06 01:41:39.368897
8696,8696,UPI,Completed,2018-09-17,TXN-00008696,300.9,2026-08-06 01:41:39.368897
8697,8697,UPI,Completed,2018-06-15,TXN-00008697,239.98,2026-08-06 01:41:39.368897
8698,8698,Wallet,Completed,2018-06-15,TXN-00008698,31.17,2026-08-06 01:41:39.368897
8699,8699,Debit Card,Completed,2018-06-16,TXN-00008699,120.96,2026-08-06 01:41:39.368897
8700,8700,Net Banking,Pending,2018-06-17,TXN-00008700,2239.94,2026-08-06 01:41:39.368897
8701,8701,UPI,Completed,2018-06-17,TXN-00008701,76.61,2026-08-06 01:41:39.368897
8702,8702,Net Banking,Completed,2018-06-16,TXN-00008702,142.78,2026-08-06 01:41:39.368897
8703,8703,Wallet,Completed,2018-06-18,TXN-00008703,91.36,2026-08-06 01:41:39.368897
8704,8704,Net Banking,Completed,2016-03-01,TXN-00008704,3.55,2026-08-06 01:41:39.368897
8705,8705,Net Banking,Completed,2017-07-25,TXN-00008705,115.14,2026-08-06 01:41:39.368897
8706,8706,Wallet,Completed,2015-10-01,TXN-00008706,4.71,2026-08-06 01:41:39.368897
8707,8707,Debit Card,Completed,2015-09-10,TXN-00008707,172.76,2026-08-06 01:41:39.368897
8708,8708,Debit Card,Completed,2015-09-09,TXN-00008708,3.52,2026-08-06 01:41:39.368897
8709,8709,UPI,Pending,2015-11-17,TXN-00008709,79.97,2026-08-06 01:41:39.368897
8710,8710,UPI,Completed,2015-11-17,TXN-00008710,305.97,2026-08-06 01:41:39.368897
8711,8711,Wallet,Completed,2015-11-16,TXN-00008711,344.91,2026-08-06 01:41:39.368897
8712,8712,Wallet,Completed,2015-03-03,TXN-00008712,626.35,2026-08-06 01:41:39.368897
8713,8713,Cash,Completed,2016-12-06,TXN-00008713,359.5,2026-08-06 01:41:39.368897
8714,8714,Wallet,Completed,2018-07-11,TXN-00008714,71.95,2026-08-06 01:41:39.368897
8715,8715,Net Banking,Pending,2018-07-14,TXN-00008715,29.8,2026-08-06 01:41:39.368897
8716,8716,Wallet,Completed,2018-11-16,TXN-00008716,1.82,2026-08-06 01:41:39.368897
8717,8717,Cash,Completed,2017-06-15,TXN-00008717,64.38,2026-08-06 01:41:39.368897
8718,8718,Debit Card,Completed,2017-06-14,TXN-00008718,6.98,2026-08-06 01:41:39.368897
8719,8719,Cash,Completed,2017-06-14,TXN-00008719,11.26,2026-08-06 01:41:39.368897
8720,8720,UPI,Completed,2017-06-14,TXN-00008720,15.55,2026-08-06 01:41:39.368897
8721,8721,Cash,Completed,2017-06-13,TXN-00008721,379.37,2026-08-06 01:41:39.368897
8722,8722,Debit Card,Completed,2017-06-12,TXN-00008722,67.54,2026-08-06 01:41:39.368897
8723,8723,Cash,Completed,2017-06-15,TXN-00008723,1.52,2026-08-06 01:41:39.368897
8724,8724,Credit Card,Completed,2017-12-29,TXN-00008724,37.41,2026-08-06 01:41:39.368897
8725,8725,Credit Card,Completed,2017-12-30,TXN-00008725,25.34,2026-08-06 01:41:39.368897
8726,8726,Cash,Completed,2018-03-18,TXN-00008726,46.2,2026-08-06 01:41:39.368897
8727,8727,Cash,Completed,2016-12-31,TXN-00008727,4.73,2026-08-06 01:41:39.368897
8728,8728,Debit Card,Completed,2016-12-31,TXN-00008728,53.35,2026-08-06 01:41:39.368897
8729,8729,Net Banking,Completed,2016-12-29,TXN-00008729,131.1,2026-08-06 01:41:39.368897
8730,8730,UPI,Completed,2016-12-30,TXN-00008730,22.51,2026-08-06 01:41:39.368897
8731,8731,Wallet,Completed,2016-12-27,TXN-00008731,72.74,2026-08-06 01:41:39.368897
8732,8732,Debit Card,Completed,2016-08-02,TXN-00008732,52.59,2026-08-06 01:41:39.368897
8733,8733,Credit Card,Completed,2018-07-01,TXN-00008733,19.44,2026-08-06 01:41:39.368897
8734,8734,Credit Card,Completed,2018-06-27,TXN-00008734,126.3,2026-08-06 01:41:39.368897
8735,8735,Debit Card,Completed,2018-06-29,TXN-00008735,1287.45,2026-08-06 01:41:39.368897
8736,8736,Wallet,Completed,2015-02-07,TXN-00008736,64.96,2026-08-06 01:41:39.368897
8737,8737,Net Banking,Completed,2017-09-08,TXN-00008737,535.41,2026-08-06 01:41:39.368897
8738,8738,Credit Card,Pending,2018-04-09,TXN-00008738,8.1,2026-08-06 01:41:39.368897
8739,8739,Wallet,Completed,2018-12-11,TXN-00008739,13.25,2026-08-06 01:41:39.368897
8740,8740,Net Banking,Completed,2018-12-09,TXN-00008740,83.99,2026-08-06 01:41:39.368897
8741,8741,Wallet,Completed,2017-07-28,TXN-00008741,73.2,2026-08-06 01:41:39.368897
8742,8742,Debit Card,Completed,2016-11-10,TXN-00008742,10.74,2026-08-06 01:41:39.368897
8743,8743,UPI,Completed,2016-10-05,TXN-00008743,11.03,2026-08-06 01:41:39.368897
8744,8744,Cash,Completed,2016-10-04,TXN-00008744,53.04,2026-08-06 01:41:39.368897
8745,8745,Credit Card,Completed,2016-11-24,TXN-00008745,17.12,2026-08-06 01:41:39.368897
8746,8746,UPI,Completed,2016-11-22,TXN-00008746,59.94,2026-08-06 01:41:39.368897
8747,8747,Debit Card,Completed,2018-02-06,TXN-00008747,210.58,2026-08-06 01:41:39.368897
8748,8748,Debit Card,Completed,2018-02-04,TXN-00008748,30.96,2026-08-06 01:41:39.368897
8749,8749,Cash,Completed,2018-02-06,TXN-00008749,239.98,2026-08-06 01:41:39.368897
8750,8750,Debit Card,Completed,2016-06-18,TXN-00008750,3050.38,2026-08-06 01:41:39.368897
8751,8751,Debit Card,Completed,2016-06-20,TXN-00008751,133.98,2026-08-06 01:41:39.368897
8752,8752,Net Banking,Completed,2017-05-05,TXN-00008752,93.25,2026-08-06 01:41:39.368897
8753,8753,UPI,Completed,2017-05-05,TXN-00008753,177.48,2026-08-06 01:41:39.368897
8754,8754,Net Banking,Completed,2018-09-13,TXN-00008754,17.71,2026-08-06 01:41:39.368897
8755,8755,Debit Card,Completed,2018-09-13,TXN-00008755,4.86,2026-08-06 01:41:39.368897
8756,8756,Credit Card,Completed,2018-09-09,TXN-00008756,6.26,2026-08-06 01:41:39.368897
8757,8757,UPI,Completed,2017-07-22,TXN-00008757,37.68,2026-08-06 01:41:39.368897
8758,8758,Debit Card,Completed,2017-07-26,TXN-00008758,51.84,2026-08-06 01:41:39.368897
8759,8759,Debit Card,Completed,2017-07-26,TXN-00008759,27.42,2026-08-06 01:41:39.368897
8760,8760,Cash,Completed,2017-07-25,TXN-00008760,5.4,2026-08-06 01:41:39.368897
8761,8761,Credit Card,Completed,2017-02-01,TXN-00008761,1270.99,2026-08-06 01:41:39.368897
8762,8762,Debit Card,Completed,2017-01-31,TXN-00008762,125.36,2026-08-06 01:41:39.368897
8763,8763,Cash,Completed,2017-12-29,TXN-00008763,14.03,2026-08-06 01:41:39.368897
8764,8764,Net Banking,Pending,2018-01-01,TXN-00008764,27.96,2026-08-06 01:41:39.368897
8765,8765,Debit Card,Completed,2016-11-25,TXN-00008765,5.34,2026-08-06 01:41:39.368897
8766,8766,Credit Card,Completed,2016-11-21,TXN-00008766,1.7,2026-08-06 01:41:39.368897
8767,8767,Wallet,Completed,2016-11-22,TXN-00008767,24.59,2026-08-06 01:41:39.368897
8768,8768,Net Banking,Completed,2016-11-23,TXN-00008768,7.98,2026-08-06 01:41:39.368897
8769,8769,Net Banking,Completed,2016-10-08,TXN-00008769,288.0,2026-08-06 01:41:39.368897
8770,8770,Net Banking,Completed,2017-09-16,TXN-00008770,146.95,2026-08-06 01:41:39.368897
8771,8771,Wallet,Completed,2017-09-16,TXN-00008771,83.14,2026-08-06 01:41:39.368897
8772,8772,Wallet,Completed,2018-09-15,TXN-00008772,942.78,2026-08-06 01:41:39.368897
8773,8773,Debit Card,Completed,2018-09-14,TXN-00008773,74.35,2026-08-06 01:41:39.368897
8774,8774,Credit Card,Completed,2016-02-24,TXN-00008774,26.88,2026-08-06 01:41:39.368897
8775,8775,Cash,Completed,2016-02-27,TXN-00008775,10.9,2026-08-06 01:41:39.368897
8776,8776,Net Banking,Completed,2017-12-08,TXN-00008776,3.54,2026-08-06 01:41:39.368897
8777,8777,Credit Card,Completed,2017-07-02,TXN-00008777,528.43,2026-08-06 01:41:39.368897
8778,8778,Cash,Completed,2017-07-02,TXN-00008778,41.47,2026-08-06 01:41:39.368897
8779,8779,Cash,Completed,2018-12-14,TXN-00008779,287.98,2026-08-06 01:41:39.368897
8780,8780,Cash,Completed,2016-03-20,TXN-00008780,29.3,2026-08-06 01:41:39.368897
8781,8781,Credit Card,Completed,2016-03-01,TXN-00008781,55.33,2026-08-06 01:41:39.368897
8782,8782,Wallet,Completed,2016-03-01,TXN-00008782,1228.0,2026-08-06 01:41:39.368897
8783,8783,UPI,Completed,2017-09-18,TXN-00008783,20.42,2026-08-06 01:41:39.368897
8784,8784,UPI,Completed,2017-09-19,TXN-00008784,1128.39,2026-08-06 01:41:39.368897
8785,8785,Net Banking,Completed,2018-03-21,TXN-00008785,4.61,2026-08-06 01:41:39.368897
8786,8786,Debit Card,Completed,2018-05-31,TXN-00008786,195.96,2026-08-06 01:41:39.368897
8787,8787,Wallet,Completed,2018-05-28,TXN-00008787,15.55,2026-08-06 01:41:39.368897
8788,8788,Net Banking,Completed,2018-05-31,TXN-00008788,271.97,2026-08-06 01:41:39.368897
8789,8789,UPI,Completed,2018-06-15,TXN-00008789,698.35,2026-08-06 01:41:39.368897
8790,8790,Wallet,Completed,2018-06-16,TXN-00008790,77.73,2026-08-06 01:41:39.368897
8791,8791,Net Banking,Completed,2016-09-09,TXN-00008791,46.62,2026-08-06 01:41:39.368897
8792,8792,Credit Card,Completed,2018-03-18,TXN-00008792,537.54,2026-08-06 01:41:39.368897
8793,8793,Credit Card,Completed,2015-12-23,TXN-00008793,14.62,2026-08-06 01:41:39.368897
8794,8794,UPI,Completed,2015-12-21,TXN-00008794,22.55,2026-08-06 01:41:39.368897
8795,8795,Cash,Completed,2015-12-22,TXN-00008795,583.8,2026-08-06 01:41:39.368897
8796,8796,Net Banking,Completed,2015-12-23,TXN-00008796,211.17,2026-08-06 01:41:39.368897
8797,8797,Cash,Completed,2017-07-10,TXN-00008797,12.96,2026-08-06 01:41:39.368897
8798,8798,Wallet,Completed,2017-07-08,TXN-00008798,45.98,2026-08-06 01:41:39.368897
8799,8799,Cash,Completed,2017-04-10,TXN-00008799,1294.75,2026-08-06 01:41:39.368897
8800,8800,Debit Card,Completed,2015-05-12,TXN-00008800,1799.97,2026-08-06 01:41:39.368897
8801,8801,Wallet,Completed,2018-11-23,TXN-00008801,10.69,2026-08-06 01:41:39.368897
8802,8802,Debit Card,Completed,2017-11-13,TXN-00008802,221.98,2026-08-06 01:41:39.368897
8803,8803,Debit Card,Completed,2017-11-10,TXN-00008803,341.96,2026-08-06 01:41:39.368897
8804,8804,Credit Card,Completed,2016-01-04,TXN-00008804,34.77,2026-08-06 01:41:39.368897
8805,8805,Cash,Completed,2016-01-03,TXN-00008805,18.9,2026-08-06 01:41:39.368897
8806,8806,Net Banking,Pending,2018-08-21,TXN-00008806,102.72,2026-08-06 01:41:39.368897
8807,8807,Wallet,Completed,2017-09-14,TXN-00008807,40.48,2026-08-06 01:41:39.368897
8808,8808,Credit Card,Completed,2018-10-29,TXN-00008808,33.28,2026-08-06 01:41:39.368897
8809,8809,UPI,Completed,2018-10-29,TXN-00008809,118.65,2026-08-06 01:41:39.368897
8810,8810,Debit Card,Completed,2018-10-30,TXN-00008810,14.76,2026-08-06 01:41:39.368897
8811,8811,Net Banking,Completed,2018-05-30,TXN-00008811,37.52,2026-08-06 01:41:39.368897
8812,8812,Wallet,Completed,2017-03-12,TXN-00008812,207.14,2026-08-06 01:41:39.368897
8813,8813,Net Banking,Completed,2017-03-11,TXN-00008813,13.9,2026-08-06 01:41:39.368897
8814,8814,Cash,Completed,2016-07-29,TXN-00008814,266.35,2026-08-06 01:41:39.368897
8815,8815,Net Banking,Completed,2016-11-27,TXN-00008815,307.98,2026-08-06 01:41:39.368897
8816,8816,Credit Card,Completed,2016-11-24,TXN-00008816,44.1,2026-08-06 01:41:39.368897
8817,8817,Debit Card,Completed,2016-11-25,TXN-00008817,13.12,2026-08-06 01:41:39.368897
8818,8818,UPI,Completed,2016-11-27,TXN-00008818,16.56,2026-08-06 01:41:39.368897
8819,8819,Cash,Completed,2016-11-25,TXN-00008819,38.88,2026-08-06 01:41:39.368897
8820,8820,Net Banking,Completed,2016-11-28,TXN-00008820,335.52,2026-08-06 01:41:39.368897
8821,8821,Wallet,Completed,2018-11-04,TXN-00008821,959.98,2026-08-06 01:41:39.368897
8822,8822,Net Banking,Completed,2018-11-03,TXN-00008822,4.09,2026-08-06 01:41:39.368897
8823,8823,Wallet,Completed,2018-11-03,TXN-00008823,55.98,2026-08-06 01:41:39.368897
8824,8824,Net Banking,Completed,2018-11-03,TXN-00008824,10.69,2026-08-06 01:41:39.368897
8825,8825,Cash,Completed,2018-03-25,TXN-00008825,8.86,2026-08-06 01:41:39.368897
8826,8826,Net Banking,Completed,2016-12-23,TXN-00008826,6.91,2026-08-06 01:41:39.368897
8827,8827,Cash,Completed,2015-04-05,TXN-00008827,26.72,2026-08-06 01:41:39.368897
8828,8828,Debit Card,Completed,2015-04-06,TXN-00008828,33.49,2026-08-06 01:41:39.368897
8829,8829,Credit Card,Completed,2016-06-06,TXN-00008829,10.56,2026-08-06 01:41:39.368897
8830,8830,Debit Card,Completed,2015-10-10,TXN-00008830,386.34,2026-08-06 01:41:39.368897
8831,8831,Credit Card,Completed,2017-08-21,TXN-00008831,33.44,2026-08-06 01:41:39.368897
8832,8832,UPI,Completed,2016-11-15,TXN-00008832,39.96,2026-08-06 01:41:39.368897
8833,8833,UPI,Completed,2016-06-24,TXN-00008833,1217.57,2026-08-06 01:41:39.368897
8834,8834,Debit Card,Completed,2018-09-24,TXN-00008834,15.51,2026-08-06 01:41:39.368897
8835,8835,Wallet,Completed,2018-09-27,TXN-00008835,89.9,2026-08-06 01:41:39.368897
8836,8836,UPI,Completed,2018-09-26,TXN-00008836,14.28,2026-08-06 01:41:39.368897
8837,8837,Cash,Completed,2018-09-24,TXN-00008837,12.72,2026-08-06 01:41:39.368897
8838,8838,Debit Card,Completed,2018-09-25,TXN-00008838,15.75,2026-08-06 01:41:39.368897
8839,8839,Net Banking,Completed,2015-04-10,TXN-00008839,70.95,2026-08-06 01:41:39.368897
8840,8840,Net Banking,Completed,2015-04-07,TXN-00008840,65.57,2026-08-06 01:41:39.368897
8841,8841,Debit Card,Pending,2015-04-10,TXN-00008841,299.97,2026-08-06 01:41:39.368897
8842,8842,Wallet,Completed,2017-02-13,TXN-00008842,89.97,2026-08-06 01:41:39.368897
8843,8843,Cash,Completed,2017-02-10,TXN-00008843,31.86,2026-08-06 01:41:39.368897
8844,8844,UPI,Completed,2015-11-18,TXN-00008844,67.15,2026-08-06 01:41:39.368897
8845,8845,Net Banking,Completed,2018-12-21,TXN-00008845,7.24,2026-08-06 01:41:39.368897
8846,8846,Debit Card,Completed,2018-12-21,TXN-00008846,4.82,2026-08-06 01:41:39.368897
8847,8847,Debit Card,Completed,2018-12-21,TXN-00008847,91.36,2026-08-06 01:41:39.368897
8848,8848,Net Banking,Completed,2018-12-22,TXN-00008848,130.11,2026-08-06 01:41:39.368897
8849,8849,Cash,Completed,2016-07-04,TXN-00008849,74.24,2026-08-06 01:41:39.368897
8850,8850,Net Banking,Completed,2016-07-06,TXN-00008850,159.84,2026-08-06 01:41:39.368897
8851,8851,Wallet,Completed,2016-07-03,TXN-00008851,2.89,2026-08-06 01:41:39.368897
8852,8852,UPI,Completed,2016-07-04,TXN-00008852,9.39,2026-08-06 01:41:39.368897
8853,8853,Credit Card,Pending,2015-10-08,TXN-00008853,123.92,2026-08-06 01:41:39.368897
8854,8854,Net Banking,Completed,2016-09-26,TXN-00008854,55.6,2026-08-06 01:41:39.368897
8855,8855,Debit Card,Completed,2016-09-25,TXN-00008855,617.98,2026-08-06 01:41:39.368897
8856,8856,Cash,Completed,2018-12-26,TXN-00008856,21.31,2026-08-06 01:41:39.368897
8857,8857,Net Banking,Completed,2018-10-13,TXN-00008857,209.94,2026-08-06 01:41:39.368897
8858,8858,Debit Card,Completed,2018-10-16,TXN-00008858,31.98,2026-08-06 01:41:39.368897
8859,8859,Debit Card,Completed,2018-10-17,TXN-00008859,5083.96,2026-08-06 01:41:39.368897
8860,8860,Cash,Completed,2018-08-21,TXN-00008860,35.96,2026-08-06 01:41:39.368897
8861,8861,UPI,Completed,2016-09-11,TXN-00008861,31.05,2026-08-06 01:41:39.368897
8862,8862,Net Banking,Completed,2016-09-15,TXN-00008862,8.92,2026-08-06 01:41:39.368897
8863,8863,Debit Card,Completed,2016-09-15,TXN-00008863,209.6,2026-08-06 01:41:39.368897
8864,8864,Cash,Completed,2016-09-11,TXN-00008864,111.04,2026-08-06 01:41:39.368897
8865,8865,Cash,Completed,2016-09-13,TXN-00008865,38.88,2026-08-06 01:41:39.368897
8866,8866,Cash,Completed,2016-12-22,TXN-00008866,36.27,2026-08-06 01:41:39.368897
8867,8867,UPI,Completed,2015-09-24,TXN-00008867,493.43,2026-08-06 01:41:39.368897
8868,8868,Credit Card,Completed,2015-09-23,TXN-00008868,11.12,2026-08-06 01:41:39.368897
8869,8869,Debit Card,Completed,2017-11-04,TXN-00008869,686.4,2026-08-06 01:41:39.368897
8870,8870,UPI,Completed,2018-12-02,TXN-00008870,15.92,2026-08-06 01:41:39.368897
8871,8871,UPI,Completed,2018-12-02,TXN-00008871,70.68,2026-08-06 01:41:39.368897
8872,8872,Net Banking,Completed,2018-12-03,TXN-00008872,541.24,2026-08-06 01:41:39.368897
8873,8873,Debit Card,Completed,2015-10-12,TXN-00008873,101.99,2026-08-06 01:41:39.368897
8874,8874,Wallet,Completed,2015-10-10,TXN-00008874,18.26,2026-08-06 01:41:39.368897
8875,8875,Credit Card,Completed,2018-11-15,TXN-00008875,21.99,2026-08-06 01:41:39.368897
8876,8876,Cash,Completed,2017-08-17,TXN-00008876,185.38,2026-08-06 01:41:39.368897
8877,8877,UPI,Completed,2017-08-17,TXN-00008877,58.92,2026-08-06 01:41:39.368897
8878,8878,Wallet,Completed,2018-09-19,TXN-00008878,480.0,2026-08-06 01:41:39.368897
8879,8879,Credit Card,Pending,2018-09-21,TXN-00008879,34.05,2026-08-06 01:41:39.368897
8880,8880,Net Banking,Completed,2016-03-27,TXN-00008880,192.72,2026-08-06 01:41:39.368897
8881,8881,UPI,Completed,2016-03-27,TXN-00008881,239.97,2026-08-06 01:41:39.368897
8882,8882,UPI,Completed,2017-07-04,TXN-00008882,50.12,2026-08-06 01:41:39.368897
8883,8883,Wallet,Completed,2018-10-21,TXN-00008883,15.98,2026-08-06 01:41:39.368897
8884,8884,Wallet,Completed,2018-10-21,TXN-00008884,14.35,2026-08-06 01:41:39.368897
8885,8885,Net Banking,Completed,2015-08-29,TXN-00008885,6.53,2026-08-06 01:41:39.368897
8886,8886,Credit Card,Completed,2015-08-25,TXN-00008886,2.86,2026-08-06 01:41:39.368897
8887,8887,Net Banking,Completed,2015-08-25,TXN-00008887,20.86,2026-08-06 01:41:39.368897
8888,8888,Wallet,Completed,2015-07-28,TXN-00008888,276.28,2026-08-06 01:41:39.368897
8889,8889,Net Banking,Completed,2018-12-04,TXN-00008889,629.64,2026-08-06 01:41:39.368897
8890,8890,UPI,Completed,2017-10-18,TXN-00008890,449.97,2026-08-06 01:41:39.368897
8891,8891,Net Banking,Completed,2017-10-17,TXN-00008891,1927.59,2026-08-06 01:41:39.368897
8892,8892,Cash,Completed,2017-09-18,TXN-00008892,121.78,2026-08-06 01:41:39.368897
8893,8893,Cash,Pending,2016-12-04,TXN-00008893,2676.67,2026-08-06 01:41:39.368897
8894,8894,UPI,Completed,2015-08-06,TXN-00008894,489.23,2026-08-06 01:41:39.368897
8895,8895,Cash,Completed,2017-08-18,TXN-00008895,312.03,2026-08-06 01:41:39.368897
8896,8896,Credit Card,Completed,2017-08-17,TXN-00008896,17.94,2026-08-06 01:41:39.368897
8897,8897,Wallet,Completed,2017-08-18,TXN-00008897,165.6,2026-08-06 01:41:39.368897
8898,8898,Credit Card,Completed,2017-08-18,TXN-00008898,37.52,2026-08-06 01:41:39.368897
8899,8899,Credit Card,Completed,2016-08-11,TXN-00008899,494.97,2026-08-06 01:41:39.368897
8900,8900,Wallet,Completed,2016-08-07,TXN-00008900,25.06,2026-08-06 01:41:39.368897
8901,8901,Credit Card,Completed,2017-05-31,TXN-00008901,32.06,2026-08-06 01:41:39.368897
8902,8902,Cash,Completed,2017-05-31,TXN-00008902,18.5,2026-08-06 01:41:39.368897
8903,8903,Wallet,Completed,2017-06-02,TXN-00008903,191.08,2026-08-06 01:41:39.368897
8904,8904,Cash,Completed,2017-06-02,TXN-00008904,10.37,2026-08-06 01:41:39.368897
8905,8905,Wallet,Completed,2017-07-03,TXN-00008905,30.53,2026-08-06 01:41:39.368897
8906,8906,Debit Card,Completed,2017-07-05,TXN-00008906,30.84,2026-08-06 01:41:39.368897
8907,8907,Debit Card,Completed,2017-07-03,TXN-00008907,75.06,2026-08-06 01:41:39.368897
8908,8908,UPI,Completed,2017-12-20,TXN-00008908,66.98,2026-08-06 01:41:39.368897
8909,8909,Cash,Completed,2016-01-29,TXN-00008909,182.72,2026-08-06 01:41:39.368897
8910,8910,Credit Card,Completed,2018-10-30,TXN-00008910,21.93,2026-08-06 01:41:39.368897
8911,8911,UPI,Completed,2018-11-06,TXN-00008911,95.98,2026-08-06 01:41:39.368897
8912,8912,Credit Card,Completed,2018-11-08,TXN-00008912,143.93,2026-08-06 01:41:39.368897
8913,8913,Net Banking,Pending,2018-11-05,TXN-00008913,3.56,2026-08-06 01:41:39.368897
8914,8914,Credit Card,Completed,2018-11-06,TXN-00008914,4.93,2026-08-06 01:41:39.368897
8915,8915,Net Banking,Completed,2017-05-11,TXN-00008915,856.66,2026-08-06 01:41:39.368897
8916,8916,Net Banking,Completed,2017-05-11,TXN-00008916,13.18,2026-08-06 01:41:39.368897
8917,8917,Cash,Completed,2017-05-11,TXN-00008917,48.78,2026-08-06 01:41:39.368897
8918,8918,Wallet,Completed,2017-05-12,TXN-00008918,76.64,2026-08-06 01:41:39.368897
8919,8919,Cash,Completed,2017-05-09,TXN-00008919,18.53,2026-08-06 01:41:39.368897
8920,8920,Net Banking,Completed,2015-04-06,TXN-00008920,177.68,2026-08-06 01:41:39.368897
8921,8921,Wallet,Completed,2015-05-02,TXN-00008921,159.98,2026-08-06 01:41:39.368897
8922,8922,Wallet,Completed,2017-10-07,TXN-00008922,52.68,2026-08-06 01:41:39.368897
8923,8923,Credit Card,Completed,2017-10-08,TXN-00008923,11.57,2026-08-06 01:41:39.368897
8924,8924,Credit Card,Completed,2018-06-14,TXN-00008924,4.57,2026-08-06 01:41:39.368897
8925,8925,UPI,Completed,2017-01-30,TXN-00008925,1439.97,2026-08-06 01:41:39.368897
8926,8926,Debit Card,Completed,2017-01-30,TXN-00008926,1.73,2026-08-06 01:41:39.368897
8927,8927,UPI,Completed,2017-02-02,TXN-00008927,626.1,2026-08-06 01:41:39.368897
8928,8928,UPI,Completed,2016-09-28,TXN-00008928,99.2,2026-08-06 01:41:39.368897
8929,8929,Wallet,Completed,2016-04-16,TXN-00008929,609.98,2026-08-06 01:41:39.368897
8930,8930,Wallet,Completed,2016-04-14,TXN-00008930,211.37,2026-08-06 01:41:39.368897
8931,8931,UPI,Completed,2016-04-16,TXN-00008931,239.98,2026-08-06 01:41:39.368897
8932,8932,Credit Card,Completed,2018-12-18,TXN-00008932,99.95,2026-08-06 01:41:39.368897
8933,8933,Wallet,Completed,2018-12-22,TXN-00008933,29.34,2026-08-06 01:41:39.368897
8934,8934,Debit Card,Completed,2017-03-18,TXN-00008934,16.74,2026-08-06 01:41:39.368897
8935,8935,Cash,Completed,2018-08-27,TXN-00008935,12.67,2026-08-06 01:41:39.368897
8936,8936,UPI,Completed,2018-08-30,TXN-00008936,1119.89,2026-08-06 01:41:39.368897
8937,8937,UPI,Completed,2016-12-17,TXN-00008937,204.85,2026-08-06 01:41:39.368897
8938,8938,Net Banking,Completed,2016-12-18,TXN-00008938,135.98,2026-08-06 01:41:39.368897
8939,8939,Net Banking,Completed,2016-12-17,TXN-00008939,16.4,2026-08-06 01:41:39.368897
8940,8940,Debit Card,Completed,2016-12-21,TXN-00008940,92.96,2026-08-06 01:41:39.368897
8941,8941,UPI,Completed,2015-08-22,TXN-00008941,7.63,2026-08-06 01:41:39.368897
8942,8942,Wallet,Completed,2017-11-04,TXN-00008942,4.16,2026-08-06 01:41:39.368897
8943,8943,UPI,Pending,2017-11-07,TXN-00008943,179.99,2026-08-06 01:41:39.368897
8944,8944,Credit Card,Completed,2018-10-13,TXN-00008944,239.36,2026-08-06 01:41:39.368897
8945,8945,Net Banking,Completed,2015-12-10,TXN-00008945,164.88,2026-08-06 01:41:39.368897
8946,8946,Wallet,Completed,2015-11-17,TXN-00008946,10.95,2026-08-06 01:41:39.368897
8947,8947,Credit Card,Completed,2018-12-28,TXN-00008947,19.44,2026-08-06 01:41:39.368897
8948,8948,Cash,Completed,2018-12-26,TXN-00008948,12.3,2026-08-06 01:41:39.368897
8949,8949,Wallet,Completed,2015-12-25,TXN-00008949,13.97,2026-08-06 01:41:39.368897
8950,8950,Debit Card,Completed,2018-12-22,TXN-00008950,934.96,2026-08-06 01:41:39.368897
8951,8951,Wallet,Completed,2018-12-26,TXN-00008951,46.86,2026-08-06 01:41:39.368897
8952,8952,Debit Card,Completed,2018-12-23,TXN-00008952,26.16,2026-08-06 01:41:39.368897
8953,8953,Net Banking,Completed,2018-12-22,TXN-00008953,23.13,2026-08-06 01:41:39.368897
8954,8954,Cash,Completed,2018-12-22,TXN-00008954,59.24,2026-08-06 01:41:39.368897
8955,8955,Net Banking,Completed,2015-08-08,TXN-00008955,155.46,2026-08-06 01:41:39.368897
8956,8956,Debit Card,Completed,2015-09-21,TXN-00008956,8.56,2026-08-06 01:41:39.368897
8957,8957,Debit Card,Completed,2018-12-28,TXN-00008957,21.0,2026-08-06 01:41:39.368897
8958,8958,Debit Card,Completed,2018-12-25,TXN-00008958,120.0,2026-08-06 01:41:39.368897
8959,8959,Wallet,Completed,2018-11-26,TXN-00008959,299.96,2026-08-06 01:41:39.368897
8960,8960,Debit Card,Completed,2018-11-29,TXN-00008960,67.84,2026-08-06 01:41:39.368897
8961,8961,Wallet,Completed,2018-11-29,TXN-00008961,853.93,2026-08-06 01:41:39.368897
8962,8962,Credit Card,Completed,2018-11-26,TXN-00008962,18.69,2026-08-06 01:41:39.368897
8963,8963,UPI,Completed,2017-11-07,TXN-00008963,273.96,2026-08-06 01:41:39.368897
8964,8964,UPI,Completed,2017-11-07,TXN-00008964,89.97,2026-08-06 01:41:39.368897
8965,8965,Cash,Pending,2017-11-06,TXN-00008965,756.8,2026-08-06 01:41:39.368897
8966,8966,Credit Card,Completed,2018-11-09,TXN-00008966,1.25,2026-08-06 01:41:39.368897
8967,8967,Net Banking,Completed,2017-11-04,TXN-00008967,72.0,2026-08-06 01:41:39.368897
8968,8968,Credit Card,Completed,2017-11-03,TXN-00008968,470.16,2026-08-06 01:41:39.368897
8969,8969,Wallet,Completed,2016-01-02,TXN-00008969,39.13,2026-08-06 01:41:39.368897
8970,8970,Net Banking,Completed,2018-12-04,TXN-00008970,19.73,2026-08-06 01:41:39.368897
8971,8971,Net Banking,Completed,2018-12-03,TXN-00008971,151.19,2026-08-06 01:41:39.368897
8972,8972,UPI,Completed,2018-03-28,TXN-00008972,271.76,2026-08-06 01:41:39.368897
8973,8973,Debit Card,Completed,2015-11-20,TXN-00008973,47.5,2026-08-06 01:41:39.368897
8974,8974,UPI,Completed,2018-04-28,TXN-00008974,344.98,2026-08-06 01:41:39.368897
8975,8975,Debit Card,Completed,2018-11-25,TXN-00008975,36.29,2026-08-06 01:41:39.368897
8976,8976,Net Banking,Pending,2018-11-27,TXN-00008976,78.3,2026-08-06 01:41:39.368897
8977,8977,UPI,Pending,2018-11-23,TXN-00008977,127.79,2026-08-06 01:41:39.368897
8978,8978,Credit Card,Pending,2018-11-27,TXN-00008978,6.1,2026-08-06 01:41:39.368897
8979,8979,Credit Card,Completed,2015-11-03,TXN-00008979,5.76,2026-08-06 01:41:39.368897
8980,8980,Debit Card,Completed,2016-10-23,TXN-00008980,1.72,2026-08-06 01:41:39.368897
8981,8981,UPI,Completed,2015-02-07,TXN-00008981,8.95,2026-08-06 01:41:39.368897
8982,8982,Net Banking,Completed,2017-03-09,TXN-00008982,2.33,2026-08-06 01:41:39.368897
8983,8983,Net Banking,Completed,2017-03-07,TXN-00008983,1.73,2026-08-06 01:41:39.368897
8984,8984,Cash,Completed,2017-03-08,TXN-00008984,159.04,2026-08-06 01:41:39.368897
8985,8985,Wallet,Completed,2017-03-06,TXN-00008985,145.98,2026-08-06 01:41:39.368897
8986,8986,Wallet,Completed,2016-12-07,TXN-00008986,77.95,2026-08-06 01:41:39.368897
8987,8987,Cash,Completed,2016-12-04,TXN-00008987,95.97,2026-08-06 01:41:39.368897
8988,8988,Credit Card,Completed,2016-12-05,TXN-00008988,105.58,2026-08-06 01:41:39.368897
8989,8989,UPI,Completed,2016-12-04,TXN-00008989,9.34,2026-08-06 01:41:39.368897
8990,8990,Cash,Completed,2016-12-28,TXN-00008990,9.68,2026-08-06 01:41:39.368897
8991,8991,Credit Card,Completed,2016-12-24,TXN-00008991,4899.93,2026-08-06 01:41:39.368897
8992,8992,Credit Card,Pending,2018-10-05,TXN-00008992,104.75,2026-08-06 01:41:39.368897
8993,8993,Credit Card,Completed,2018-10-16,TXN-00008993,18.53,2026-08-06 01:41:39.368897
8994,8994,Credit Card,Completed,2018-10-17,TXN-00008994,1875.26,2026-08-06 01:41:39.368897
8995,8995,Debit Card,Completed,2015-08-18,TXN-00008995,91.36,2026-08-06 01:41:39.368897
8996,8996,Cash,Pending,2015-08-19,TXN-00008996,152.24,2026-08-06 01:41:39.368897
8997,8997,UPI,Completed,2018-11-14,TXN-00008997,35.18,2026-08-06 01:41:39.368897
8998,8998,Debit Card,Completed,2018-03-23,TXN-00008998,56.7,2026-08-06 01:41:39.368897
8999,8999,Cash,Completed,2018-03-24,TXN-00008999,274.06,2026-08-06 01:41:39.368897
9000,9000,Net Banking,Completed,2018-05-16,TXN-00009000,458.43,2026-08-06 01:41:39.368897
9001,9001,UPI,Completed,2015-06-26,TXN-00009001,8.23,2026-08-06 01:41:39.368897
9002,9002,Credit Card,Completed,2015-12-02,TXN-00009002,5.95,2026-08-06 01:41:39.368897
9003,9003,Net Banking,Completed,2015-12-04,TXN-00009003,15.24,2026-08-06 01:41:39.368897
9004,9004,UPI,Completed,2016-04-05,TXN-00009004,239.94,2026-08-06 01:41:39.368897
9005,9005,Debit Card,Completed,2016-04-05,TXN-00009005,23.84,2026-08-06 01:41:39.368897
9006,9006,Net Banking,Completed,2018-11-21,TXN-00009006,92.52,2026-08-06 01:41:39.368897
9007,9007,Net Banking,Completed,2018-11-22,TXN-00009007,37.76,2026-08-06 01:41:39.368897
9008,9008,Cash,Completed,2018-11-22,TXN-00009008,7.38,2026-08-06 01:41:39.368897
9009,9009,Net Banking,Completed,2018-11-20,TXN-00009009,5.82,2026-08-06 01:41:39.368897
9010,9010,Net Banking,Completed,2018-07-12,TXN-00009010,3.82,2026-08-06 01:41:39.368897
9011,9011,Wallet,Completed,2018-05-22,TXN-00009011,26.16,2026-08-06 01:41:39.368897
9012,9012,Net Banking,Completed,2016-12-23,TXN-00009012,100.8,2026-08-06 01:41:39.368897
9013,9013,Net Banking,Completed,2017-02-21,TXN-00009013,135.8,2026-08-06 01:41:39.368897
9014,9014,Net Banking,Completed,2018-03-22,TXN-00009014,13.9,2026-08-06 01:41:39.368897
9015,9015,Credit Card,Completed,2018-03-18,TXN-00009015,19.4,2026-08-06 01:41:39.368897
9016,9016,Wallet,Completed,2017-12-18,TXN-00009016,13.49,2026-08-06 01:41:39.368897
9017,9017,Debit Card,Completed,2017-12-18,TXN-00009017,11.42,2026-08-06 01:41:39.368897
9018,9018,Credit Card,Pending,2017-03-27,TXN-00009018,17.64,2026-08-06 01:41:39.368897
9019,9019,Debit Card,Completed,2017-03-29,TXN-00009019,17.04,2026-08-06 01:41:39.368897
9020,9020,Net Banking,Completed,2015-12-20,TXN-00009020,99.98,2026-08-06 01:41:39.368897
9021,9021,Debit Card,Completed,2015-12-16,TXN-00009021,29.46,2026-08-06 01:41:39.368897
9022,9022,Net Banking,Completed,2016-11-19,TXN-00009022,166.92,2026-08-06 01:41:39.368897
9023,9023,Wallet,Completed,2017-08-23,TXN-00009023,98.33,2026-08-06 01:41:39.368897
9024,9024,Debit Card,Completed,2016-06-30,TXN-00009024,117.88,2026-08-06 01:41:39.368897
9025,9025,UPI,Completed,2017-06-26,TXN-00009025,20.97,2026-08-06 01:41:39.368897
9026,9026,Credit Card,Completed,2017-06-29,TXN-00009026,139.96,2026-08-06 01:41:39.368897
9027,9027,Debit Card,Completed,2017-06-29,TXN-00009027,37.74,2026-08-06 01:41:39.368897
9028,9028,Cash,Completed,2017-09-18,TXN-00009028,14.82,2026-08-06 01:41:39.368897
9029,9029,UPI,Pending,2017-09-21,TXN-00009029,191.82,2026-08-06 01:41:39.368897
9030,9030,Credit Card,Completed,2015-07-18,TXN-00009030,13.9,2026-08-06 01:41:39.368897
9031,9031,Credit Card,Completed,2018-09-02,TXN-00009031,314.6,2026-08-06 01:41:39.368897
9032,9032,Wallet,Completed,2018-09-05,TXN-00009032,283.56,2026-08-06 01:41:39.368897
9033,9033,Cash,Completed,2018-06-22,TXN-00009033,487.96,2026-08-06 01:41:39.368897
9034,9034,Debit Card,Completed,2015-09-05,TXN-00009034,1793.98,2026-08-06 01:41:39.368897
9035,9035,Cash,Completed,2016-10-03,TXN-00009035,2.99,2026-08-06 01:41:39.368897
9036,9036,Credit Card,Completed,2016-10-04,TXN-00009036,108.77,2026-08-06 01:41:39.368897
9037,9037,Cash,Completed,2016-04-09,TXN-00009037,25.92,2026-08-06 01:41:39.368897
9038,9038,Debit Card,Completed,2016-04-11,TXN-00009038,22.58,2026-08-06 01:41:39.368897
9039,9039,Net Banking,Completed,2018-11-25,TXN-00009039,55.18,2026-08-06 01:41:39.368897
9040,9040,Wallet,Completed,2017-12-21,TXN-00009040,9892.74,2026-08-06 01:41:39.368897
9041,9041,UPI,Completed,2015-09-22,TXN-00009041,73.92,2026-08-06 01:41:39.368897
9042,9042,Net Banking,Completed,2015-10-01,TXN-00009042,337.09,2026-08-06 01:41:39.368897
9043,9043,Wallet,Completed,2016-09-22,TXN-00009043,61.44,2026-08-06 01:41:39.368897
9044,9044,Wallet,Completed,2017-11-08,TXN-00009044,479.97,2026-08-06 01:41:39.368897
9045,9045,Debit Card,Completed,2018-12-17,TXN-00009045,5.98,2026-08-06 01:41:39.368897
9046,9046,Credit Card,Completed,2018-12-20,TXN-00009046,189.95,2026-08-06 01:41:39.368897
9047,9047,Cash,Completed,2018-12-17,TXN-00009047,149.95,2026-08-06 01:41:39.368897
9048,9048,UPI,Completed,2018-12-17,TXN-00009048,29.95,2026-08-06 01:41:39.368897
9049,9049,Debit Card,Completed,2018-12-18,TXN-00009049,44.4,2026-08-06 01:41:39.368897
9050,9050,Debit Card,Completed,2015-09-22,TXN-00009050,66.03,2026-08-06 01:41:39.368897
9051,9051,Wallet,Completed,2016-05-18,TXN-00009051,10.86,2026-08-06 01:41:39.368897
9052,9052,Net Banking,Completed,2015-03-28,TXN-00009052,3.36,2026-08-06 01:41:39.368897
9053,9053,Wallet,Completed,2015-03-29,TXN-00009053,27.94,2026-08-06 01:41:39.368897
9054,9054,Credit Card,Completed,2015-03-29,TXN-00009054,28.78,2026-08-06 01:41:39.368897
9055,9055,Net Banking,Completed,2018-09-23,TXN-00009055,21.96,2026-08-06 01:41:39.368897
9056,9056,Net Banking,Completed,2016-09-14,TXN-00009056,21.98,2026-08-06 01:41:39.368897
9057,9057,Cash,Completed,2016-11-04,TXN-00009057,2621.32,2026-08-06 01:41:39.368897
9058,9058,Net Banking,Completed,2016-10-24,TXN-00009058,74.76,2026-08-06 01:41:39.368897
9059,9059,Credit Card,Completed,2016-10-21,TXN-00009059,364.78,2026-08-06 01:41:39.368897
9060,9060,Cash,Completed,2017-06-14,TXN-00009060,1115.17,2026-08-06 01:41:39.368897
9061,9061,Cash,Completed,2016-11-21,TXN-00009061,89.7,2026-08-06 01:41:39.368897
9062,9062,Debit Card,Completed,2016-11-21,TXN-00009062,50.12,2026-08-06 01:41:39.368897
9063,9063,Cash,Completed,2017-03-01,TXN-00009063,36.48,2026-08-06 01:41:39.368897
9064,9064,Net Banking,Completed,2015-10-15,TXN-00009064,322.19,2026-08-06 01:41:39.368897
9065,9065,Credit Card,Completed,2015-10-18,TXN-00009065,2.95,2026-08-06 01:41:39.368897
9066,9066,Wallet,Completed,2015-10-15,TXN-00009066,19.14,2026-08-06 01:41:39.368897
9067,9067,Debit Card,Completed,2018-05-30,TXN-00009067,23.08,2026-08-06 01:41:39.368897
9068,9068,Cash,Completed,2017-02-08,TXN-00009068,90.48,2026-08-06 01:41:39.368897
9069,9069,UPI,Completed,2017-09-06,TXN-00009069,215.98,2026-08-06 01:41:39.368897
9070,9070,Credit Card,Completed,2017-09-03,TXN-00009070,65.94,2026-08-06 01:41:39.368897
9071,9071,Credit Card,Completed,2018-12-04,TXN-00009071,11.35,2026-08-06 01:41:39.368897
9072,9072,Debit Card,Completed,2016-06-15,TXN-00009072,24.56,2026-08-06 01:41:39.368897
9073,9073,Debit Card,Completed,2017-09-08,TXN-00009073,16.56,2026-08-06 01:41:39.368897
9074,9074,Cash,Completed,2017-09-08,TXN-00009074,279.95,2026-08-06 01:41:39.368897
9075,9075,UPI,Completed,2015-04-25,TXN-00009075,828.84,2026-08-06 01:41:39.368897
9076,9076,Debit Card,Completed,2016-11-09,TXN-00009076,7.22,2026-08-06 01:41:39.368897
9077,9077,Debit Card,Completed,2016-11-09,TXN-00009077,27.2,2026-08-06 01:41:39.368897
9078,9078,Debit Card,Completed,2015-11-05,TXN-00009078,89.97,2026-08-06 01:41:39.368897
9079,9079,Net Banking,Completed,2017-02-17,TXN-00009079,318.08,2026-08-06 01:41:39.368897
9080,9080,Credit Card,Completed,2017-02-19,TXN-00009080,5.8,2026-08-06 01:41:39.368897
9081,9081,Cash,Completed,2018-09-14,TXN-00009081,143.95,2026-08-06 01:41:39.368897
9082,9082,Credit Card,Completed,2018-09-11,TXN-00009082,19.44,2026-08-06 01:41:39.368897
9083,9083,UPI,Completed,2018-11-03,TXN-00009083,5.56,2026-08-06 01:41:39.368897
9084,9084,UPI,Completed,2016-02-09,TXN-00009084,146.73,2026-08-06 01:41:39.368897
9085,9085,Debit Card,Completed,2016-02-06,TXN-00009085,29.9,2026-08-06 01:41:39.368897
9086,9086,Net Banking,Completed,2017-09-13,TXN-00009086,276.78,2026-08-06 01:41:39.368897
9087,9087,Credit Card,Completed,2017-09-27,TXN-00009087,93.03,2026-08-06 01:41:39.368897
9088,9088,Wallet,Completed,2017-09-27,TXN-00009088,454.97,2026-08-06 01:41:39.368897
9089,9089,Debit Card,Completed,2016-12-16,TXN-00009089,246.17,2026-08-06 01:41:39.368897
9090,9090,Credit Card,Completed,2017-09-17,TXN-00009090,295.4,2026-08-06 01:41:39.368897
9091,9091,Cash,Completed,2018-10-16,TXN-00009091,348.56,2026-08-06 01:41:39.368897
9092,9092,Credit Card,Completed,2016-06-28,TXN-00009092,15.55,2026-08-06 01:41:39.368897
9093,9093,Wallet,Pending,2016-06-28,TXN-00009093,482.94,2026-08-06 01:41:39.368897
9094,9094,UPI,Pending,2016-06-01,TXN-00009094,299.98,2026-08-06 01:41:39.368897
9095,9095,Debit Card,Completed,2016-06-02,TXN-00009095,403.68,2026-08-06 01:41:39.368897
9096,9096,Credit Card,Completed,2016-06-05,TXN-00009096,41.9,2026-08-06 01:41:39.368897
9097,9097,Net Banking,Completed,2016-06-03,TXN-00009097,28.91,2026-08-06 01:41:39.368897
9098,9098,Credit Card,Completed,2015-04-12,TXN-00009098,32.4,2026-08-06 01:41:39.368897
9099,9099,Credit Card,Completed,2018-10-14,TXN-00009099,369.54,2026-08-06 01:41:39.368897
9100,9100,Wallet,Completed,2018-10-13,TXN-00009100,10.37,2026-08-06 01:41:39.368897
9101,9101,Credit Card,Completed,2018-10-12,TXN-00009101,791.88,2026-08-06 01:41:39.368897
9102,9102,Credit Card,Completed,2016-11-07,TXN-00009102,23.64,2026-08-06 01:41:39.368897
9103,9103,Credit Card,Completed,2016-11-07,TXN-00009103,84.78,2026-08-06 01:41:39.368897
9104,9104,Net Banking,Completed,2016-11-07,TXN-00009104,64.96,2026-08-06 01:41:39.368897
9105,9105,Credit Card,Completed,2016-11-11,TXN-00009105,32.06,2026-08-06 01:41:39.368897
9106,9106,Cash,Completed,2016-11-09,TXN-00009106,177.65,2026-08-06 01:41:39.368897
9107,9107,Debit Card,Completed,2016-11-09,TXN-00009107,287.91,2026-08-06 01:41:39.368897
9108,9108,Cash,Completed,2016-05-27,TXN-00009108,22.37,2026-08-06 01:41:39.368897
9109,9109,Credit Card,Completed,2016-05-27,TXN-00009109,32.37,2026-08-06 01:41:39.368897
9110,9110,Cash,Completed,2016-05-27,TXN-00009110,207.98,2026-08-06 01:41:39.368897
9111,9111,Wallet,Completed,2015-10-15,TXN-00009111,36.4,2026-08-06 01:41:39.368897
9112,9112,Debit Card,Completed,2015-10-16,TXN-00009112,22.96,2026-08-06 01:41:39.368897
9113,9113,Cash,Completed,2015-10-15,TXN-00009113,315.2,2026-08-06 01:41:39.368897
9114,9114,UPI,Completed,2015-10-15,TXN-00009114,15.18,2026-08-06 01:41:39.368897
9115,9115,Net Banking,Completed,2017-02-09,TXN-00009115,623.96,2026-08-06 01:41:39.368897
9116,9116,Credit Card,Completed,2018-01-20,TXN-00009116,429.6,2026-08-06 01:41:39.368897
9117,9117,Credit Card,Completed,2018-01-20,TXN-00009117,31.97,2026-08-06 01:41:39.368897
9118,9118,Wallet,Completed,2018-01-21,TXN-00009118,887.27,2026-08-06 01:41:39.368897
9119,9119,UPI,Completed,2018-01-21,TXN-00009119,21.7,2026-08-06 01:41:39.368897
9120,9120,UPI,Completed,2017-06-09,TXN-00009120,22.05,2026-08-06 01:41:39.368897
9121,9121,Cash,Completed,2017-06-10,TXN-00009121,99.9,2026-08-06 01:41:39.368897
9122,9122,Cash,Completed,2018-03-18,TXN-00009122,90.86,2026-08-06 01:41:39.368897
9123,9123,Credit Card,Pending,2018-11-27,TXN-00009123,7.78,2026-08-06 01:41:39.368897
9124,9124,Net Banking,Completed,2017-11-28,TXN-00009124,78.76,2026-08-06 01:41:39.368897
9125,9125,Cash,Completed,2017-08-19,TXN-00009125,9.55,2026-08-06 01:41:39.368897
9126,9126,Wallet,Completed,2017-08-18,TXN-00009126,5.34,2026-08-06 01:41:39.368897
9127,9127,Net Banking,Completed,2016-11-28,TXN-00009127,8.28,2026-08-06 01:41:39.368897
9128,9128,UPI,Completed,2018-05-26,TXN-00009128,50.14,2026-08-06 01:41:39.368897
9129,9129,UPI,Completed,2018-09-05,TXN-00009129,88.07,2026-08-06 01:41:39.368897
9130,9130,UPI,Completed,2017-03-27,TXN-00009130,301.47,2026-08-06 01:41:39.368897
9131,9131,Cash,Completed,2017-03-26,TXN-00009131,18.66,2026-08-06 01:41:39.368897
9132,9132,Cash,Completed,2018-05-31,TXN-00009132,27.46,2026-08-06 01:41:39.368897
9133,9133,Wallet,Completed,2018-05-28,TXN-00009133,125.13,2026-08-06 01:41:39.368897
9134,9134,Wallet,Completed,2016-09-02,TXN-00009134,555.96,2026-08-06 01:41:39.368897
9135,9135,Wallet,Completed,2017-04-15,TXN-00009135,129.55,2026-08-06 01:41:39.368897
9136,9136,Wallet,Completed,2017-04-14,TXN-00009136,51.98,2026-08-06 01:41:39.368897
9137,9137,Wallet,Completed,2017-04-15,TXN-00009137,10.27,2026-08-06 01:41:39.368897
9138,9138,Cash,Completed,2015-02-03,TXN-00009138,18.34,2026-08-06 01:41:39.368897
9139,9139,Wallet,Completed,2015-02-02,TXN-00009139,180.96,2026-08-06 01:41:39.368897
9140,9140,Net Banking,Completed,2015-09-06,TXN-00009140,475.94,2026-08-06 01:41:39.368897
9141,9141,Credit Card,Completed,2018-10-04,TXN-00009141,159.98,2026-08-06 01:41:39.368897
9142,9142,Cash,Completed,2017-09-06,TXN-00009142,43.6,2026-08-06 01:41:39.368897
9143,9143,Cash,Completed,2018-05-24,TXN-00009143,8.29,2026-08-06 01:41:39.368897
9144,9144,UPI,Completed,2018-05-22,TXN-00009144,1123.13,2026-08-06 01:41:39.368897
9145,9145,Credit Card,Pending,2018-05-20,TXN-00009145,64.9,2026-08-06 01:41:39.368897
9146,9146,Debit Card,Completed,2016-09-24,TXN-00009146,2.81,2026-08-06 01:41:39.368897
9147,9147,Debit Card,Completed,2017-01-27,TXN-00009147,99.98,2026-08-06 01:41:39.368897
9148,9148,Cash,Completed,2017-01-24,TXN-00009148,8.04,2026-08-06 01:41:39.368897
9149,9149,Cash,Completed,2017-01-24,TXN-00009149,1564.29,2026-08-06 01:41:39.368897
9150,9150,Wallet,Completed,2015-06-04,TXN-00009150,138.56,2026-08-06 01:41:39.368897
9151,9151,Net Banking,Pending,2015-06-01,TXN-00009151,65.52,2026-08-06 01:41:39.368897
9152,9152,Debit Card,Completed,2016-09-25,TXN-00009152,14.58,2026-08-06 01:41:39.368897
9153,9153,Net Banking,Completed,2016-09-25,TXN-00009153,23.2,2026-08-06 01:41:39.368897
9154,9154,Net Banking,Completed,2016-09-26,TXN-00009154,16.46,2026-08-06 01:41:39.368897
9155,9155,Wallet,Completed,2017-08-03,TXN-00009155,19.31,2026-08-06 01:41:39.368897
9156,9156,Debit Card,Completed,2015-01-26,TXN-00009156,40.08,2026-08-06 01:41:39.368897
9157,9157,Credit Card,Completed,2015-08-04,TXN-00009157,101.96,2026-08-06 01:41:39.368897
9158,9158,UPI,Completed,2015-08-08,TXN-00009158,259.74,2026-08-06 01:41:39.368897
9159,9159,UPI,Completed,2015-08-05,TXN-00009159,255.42,2026-08-06 01:41:39.368897
9160,9160,Net Banking,Completed,2017-08-13,TXN-00009160,4.34,2026-08-06 01:41:39.368897
9161,9161,Net Banking,Completed,2017-08-12,TXN-00009161,11.88,2026-08-06 01:41:39.368897
9162,9162,Credit Card,Completed,2017-12-10,TXN-00009162,405.86,2026-08-06 01:41:39.368897
9163,9163,UPI,Completed,2017-12-11,TXN-00009163,680.01,2026-08-06 01:41:39.368897
9164,9164,Wallet,Completed,2016-06-10,TXN-00009164,2.38,2026-08-06 01:41:39.368897
9165,9165,Debit Card,Completed,2016-06-09,TXN-00009165,143.13,2026-08-06 01:41:39.368897
9166,9166,UPI,Completed,2017-06-24,TXN-00009166,4476.8,2026-08-06 01:41:39.368897
9167,9167,Debit Card,Completed,2017-06-24,TXN-00009167,104.85,2026-08-06 01:41:39.368897
9168,9168,Net Banking,Completed,2017-06-26,TXN-00009168,241.44,2026-08-06 01:41:39.368897
9169,9169,Wallet,Completed,2017-03-18,TXN-00009169,319.76,2026-08-06 01:41:39.368897
9170,9170,UPI,Completed,2017-03-19,TXN-00009170,45.68,2026-08-06 01:41:39.368897
9171,9171,Net Banking,Pending,2017-12-02,TXN-00009171,31.96,2026-08-06 01:41:39.368897
9172,9172,Wallet,Completed,2017-12-05,TXN-00009172,47.9,2026-08-06 01:41:39.368897
9173,9173,Credit Card,Completed,2017-12-04,TXN-00009173,1112.94,2026-08-06 01:41:39.368897
9174,9174,Credit Card,Completed,2017-12-05,TXN-00009174,22.92,2026-08-06 01:41:39.368897
9175,9175,Net Banking,Completed,2018-06-16,TXN-00009175,71.98,2026-08-06 01:41:39.368897
9176,9176,Cash,Completed,2018-06-12,TXN-00009176,19.44,2026-08-06 01:41:39.368897
9177,9177,UPI,Pending,2017-03-23,TXN-00009177,31.09,2026-08-06 01:41:39.368897
9178,9178,Wallet,Completed,2017-11-18,TXN-00009178,13.98,2026-08-06 01:41:39.368897
9179,9179,UPI,Completed,2017-11-18,TXN-00009179,23.65,2026-08-06 01:41:39.368897
9180,9180,UPI,Completed,2018-08-07,TXN-00009180,707.88,2026-08-06 01:41:39.368897
9181,9181,Debit Card,Completed,2018-08-11,TXN-00009181,11.95,2026-08-06 01:41:39.368897
9182,9182,Debit Card,Completed,2018-08-10,TXN-00009182,31.13,2026-08-06 01:41:39.368897
9183,9183,Cash,Completed,2018-08-10,TXN-00009183,55.76,2026-08-06 01:41:39.368897
9184,9184,Net Banking,Completed,2018-08-07,TXN-00009184,24.56,2026-08-06 01:41:39.368897
9185,9185,UPI,Completed,2018-08-10,TXN-00009185,51.75,2026-08-06 01:41:39.368897
9186,9186,Debit Card,Completed,2018-08-07,TXN-00009186,207.18,2026-08-06 01:41:39.368897
9187,9187,UPI,Completed,2018-08-11,TXN-00009187,1473.1,2026-08-06 01:41:39.368897
9188,9188,UPI,Completed,2016-08-23,TXN-00009188,3.49,2026-08-06 01:41:39.368897
9189,9189,Net Banking,Completed,2016-08-23,TXN-00009189,21.73,2026-08-06 01:41:39.368897
9190,9190,Cash,Pending,2016-08-22,TXN-00009190,663.07,2026-08-06 01:41:39.368897
9191,9191,Debit Card,Completed,2016-08-21,TXN-00009191,99.59,2026-08-06 01:41:39.368897
9192,9192,Net Banking,Completed,2016-08-25,TXN-00009192,49.57,2026-08-06 01:41:39.368897
9193,9193,Cash,Completed,2016-11-04,TXN-00009193,29.37,2026-08-06 01:41:39.368897
9194,9194,Credit Card,Completed,2016-11-03,TXN-00009194,344.7,2026-08-06 01:41:39.368897
9195,9195,Wallet,Completed,2015-11-30,TXN-00009195,47.99,2026-08-06 01:41:39.368897
9196,9196,Credit Card,Pending,2015-12-02,TXN-00009196,102.24,2026-08-06 01:41:39.368897
9197,9197,UPI,Completed,2015-05-11,TXN-00009197,39.96,2026-08-06 01:41:39.368897
9198,9198,Net Banking,Completed,2015-05-12,TXN-00009198,1432.0,2026-08-06 01:41:39.368897
9199,9199,Wallet,Completed,2015-05-13,TXN-00009199,41.04,2026-08-06 01:41:39.368897
9200,9200,Wallet,Completed,2015-05-10,TXN-00009200,256.78,2026-08-06 01:41:39.368897
9201,9201,Credit Card,Completed,2017-10-17,TXN-00009201,120.98,2026-08-06 01:41:39.368897
9202,9202,Wallet,Completed,2017-10-19,TXN-00009202,315.98,2026-08-06 01:41:39.368897
9203,9203,Wallet,Completed,2017-11-01,TXN-00009203,28.75,2026-08-06 01:41:39.368897
9204,9204,Debit Card,Completed,2017-11-02,TXN-00009204,114.95,2026-08-06 01:41:39.368897
9205,9205,Debit Card,Completed,2017-12-01,TXN-00009205,23.04,2026-08-06 01:41:39.368897
9206,9206,Net Banking,Completed,2017-04-21,TXN-00009206,15.48,2026-08-06 01:41:39.368897
9207,9207,Debit Card,Pending,2017-04-24,TXN-00009207,51.84,2026-08-06 01:41:39.368897
9208,9208,Wallet,Completed,2018-08-06,TXN-00009208,39.82,2026-08-06 01:41:39.368897
9209,9209,Net Banking,Completed,2018-08-04,TXN-00009209,16.06,2026-08-06 01:41:39.368897
9210,9210,UPI,Completed,2018-12-11,TXN-00009210,7.28,2026-08-06 01:41:39.368897
9211,9211,Cash,Completed,2018-12-13,TXN-00009211,5.4,2026-08-06 01:41:39.368897
9212,9212,Cash,Completed,2016-03-16,TXN-00009212,19.44,2026-08-06 01:41:39.368897
9213,9213,UPI,Completed,2015-12-12,TXN-00009213,39.88,2026-08-06 01:41:39.368897
9214,9214,Cash,Completed,2015-12-09,TXN-00009214,79.44,2026-08-06 01:41:39.368897
9215,9215,Wallet,Completed,2018-10-04,TXN-00009215,20.66,2026-08-06 01:41:39.368897
9216,9216,Net Banking,Completed,2017-11-23,TXN-00009216,32.4,2026-08-06 01:41:39.368897
9217,9217,Credit Card,Completed,2018-11-28,TXN-00009217,13.76,2026-08-06 01:41:39.368897
9218,9218,Cash,Completed,2018-11-18,TXN-00009218,15.28,2026-08-06 01:41:39.368897
9219,9219,Wallet,Completed,2016-08-20,TXN-00009219,44.69,2026-08-06 01:41:39.368897
9220,9220,Wallet,Completed,2016-08-20,TXN-00009220,301.47,2026-08-06 01:41:39.368897
9221,9221,Credit Card,Completed,2018-10-15,TXN-00009221,11.07,2026-08-06 01:41:39.368897
9222,9222,Credit Card,Completed,2018-10-14,TXN-00009222,1504.52,2026-08-06 01:41:39.368897
9223,9223,Cash,Completed,2018-10-13,TXN-00009223,25.92,2026-08-06 01:41:39.368897
9224,9224,Net Banking,Completed,2018-11-07,TXN-00009224,7.54,2026-08-06 01:41:39.368897
9225,9225,UPI,Pending,2018-11-04,TXN-00009225,1.41,2026-08-06 01:41:39.368897
9226,9226,Credit Card,Completed,2018-11-08,TXN-00009226,4.14,2026-08-06 01:41:39.368897
9227,9227,Cash,Completed,2018-11-06,TXN-00009227,52.75,2026-08-06 01:41:39.368897
9228,9228,Credit Card,Completed,2018-03-19,TXN-00009228,381.36,2026-08-06 01:41:39.368897
9229,9229,Cash,Completed,2015-11-03,TXN-00009229,6.72,2026-08-06 01:41:39.368897
9230,9230,Net Banking,Completed,2018-07-24,TXN-00009230,15.19,2026-08-06 01:41:39.368897
9231,9231,Debit Card,Completed,2018-07-27,TXN-00009231,58.32,2026-08-06 01:41:39.368897
9232,9232,UPI,Completed,2015-12-31,TXN-00009232,946.76,2026-08-06 01:41:39.368897
9233,9233,Cash,Completed,2017-09-05,TXN-00009233,94.68,2026-08-06 01:41:39.368897
9234,9234,Wallet,Completed,2017-09-06,TXN-00009234,23.67,2026-08-06 01:41:39.368897
9235,9235,Credit Card,Completed,2017-09-06,TXN-00009235,1091.17,2026-08-06 01:41:39.368897
9236,9236,Credit Card,Completed,2017-09-02,TXN-00009236,18.69,2026-08-06 01:41:39.368897
9237,9237,Credit Card,Completed,2017-09-06,TXN-00009237,568.73,2026-08-06 01:41:39.368897
9238,9238,Debit Card,Completed,2017-09-06,TXN-00009238,7.31,2026-08-06 01:41:39.368897
9239,9239,Net Banking,Completed,2018-02-15,TXN-00009239,147.57,2026-08-06 01:41:39.368897
9240,9240,Cash,Completed,2018-10-29,TXN-00009240,56.78,2026-08-06 01:41:39.368897
9241,9241,UPI,Completed,2018-10-29,TXN-00009241,5.61,2026-08-06 01:41:39.368897
9242,9242,Credit Card,Completed,2018-10-31,TXN-00009242,6.58,2026-08-06 01:41:39.368897
9243,9243,UPI,Completed,2015-07-13,TXN-00009243,14.3,2026-08-06 01:41:39.368897
9244,9244,Credit Card,Completed,2015-07-10,TXN-00009244,119.83,2026-08-06 01:41:39.368897
9245,9245,Net Banking,Pending,2015-07-13,TXN-00009245,5.56,2026-08-06 01:41:39.368897
9246,9246,Wallet,Completed,2015-07-13,TXN-00009246,32.4,2026-08-06 01:41:39.368897
9247,9247,Cash,Pending,2018-05-24,TXN-00009247,9.84,2026-08-06 01:41:39.368897
9248,9248,Credit Card,Completed,2018-05-26,TXN-00009248,2.78,2026-08-06 01:41:39.368897
9249,9249,UPI,Completed,2017-11-10,TXN-00009249,3.64,2026-08-06 01:41:39.368897
9250,9250,Net Banking,Completed,2017-11-14,TXN-00009250,881.93,2026-08-06 01:41:39.368897
9251,9251,UPI,Completed,2017-12-06,TXN-00009251,115.84,2026-08-06 01:41:39.368897
9252,9252,Debit Card,Completed,2018-03-03,TXN-00009252,107.65,2026-08-06 01:41:39.368897
9253,9253,Debit Card,Completed,2018-09-25,TXN-00009253,199.95,2026-08-06 01:41:39.368897
9254,9254,Cash,Completed,2018-09-27,TXN-00009254,12.96,2026-08-06 01:41:39.368897
9255,9255,Net Banking,Completed,2015-02-12,TXN-00009255,60.89,2026-08-06 01:41:39.368897
9256,9256,Debit Card,Completed,2015-02-12,TXN-00009256,14.94,2026-08-06 01:41:39.368897
9257,9257,Net Banking,Completed,2015-02-14,TXN-00009257,9.64,2026-08-06 01:41:39.368897
9258,9258,Cash,Completed,2015-02-12,TXN-00009258,332.94,2026-08-06 01:41:39.368897
9259,9259,Net Banking,Completed,2015-02-13,TXN-00009259,51.9,2026-08-06 01:41:39.368897
9260,9260,Net Banking,Completed,2015-02-13,TXN-00009260,64.96,2026-08-06 01:41:39.368897
9261,9261,UPI,Completed,2018-11-15,TXN-00009261,25.5,2026-08-06 01:41:39.368897
9262,9262,UPI,Completed,2018-09-05,TXN-00009262,215.98,2026-08-06 01:41:39.368897
9263,9263,Credit Card,Completed,2016-10-12,TXN-00009263,389.97,2026-08-06 01:41:39.368897
9264,9264,Cash,Completed,2016-10-13,TXN-00009264,269.91,2026-08-06 01:41:39.368897
9265,9265,Wallet,Completed,2018-11-24,TXN-00009265,11.67,2026-08-06 01:41:39.368897
9266,9266,Net Banking,Completed,2018-11-28,TXN-00009266,64.85,2026-08-06 01:41:39.368897
9267,9267,Credit Card,Completed,2015-02-12,TXN-00009267,14.56,2026-08-06 01:41:39.368897
9268,9268,Net Banking,Completed,2016-09-28,TXN-00009268,102.58,2026-08-06 01:41:39.368897
9269,9269,Debit Card,Completed,2016-09-28,TXN-00009269,20.04,2026-08-06 01:41:39.368897
9270,9270,UPI,Completed,2018-08-22,TXN-00009270,32.09,2026-08-06 01:41:39.368897
9271,9271,Debit Card,Completed,2018-08-24,TXN-00009271,4305.55,2026-08-06 01:41:39.368897
9272,9272,Net Banking,Completed,2017-05-13,TXN-00009272,10.02,2026-08-06 01:41:39.368897
9273,9273,Cash,Completed,2017-05-14,TXN-00009273,631.96,2026-08-06 01:41:39.368897
9274,9274,Net Banking,Completed,2018-09-04,TXN-00009274,1577.94,2026-08-06 01:41:39.368897
9275,9275,Net Banking,Completed,2015-10-10,TXN-00009275,255.85,2026-08-06 01:41:39.368897
9276,9276,Wallet,Completed,2017-05-30,TXN-00009276,184.7,2026-08-06 01:41:39.368897
9277,9277,UPI,Pending,2017-05-28,TXN-00009277,47.92,2026-08-06 01:41:39.368897
9278,9278,Debit Card,Completed,2018-12-03,TXN-00009278,15.94,2026-08-06 01:41:39.368897
9279,9279,UPI,Completed,2018-12-02,TXN-00009279,8.0,2026-08-06 01:41:39.368897
9280,9280,Debit Card,Completed,2018-12-05,TXN-00009280,398.97,2026-08-06 01:41:39.368897
9281,9281,UPI,Completed,2017-09-24,TXN-00009281,163.88,2026-08-06 01:41:39.368897
9282,9282,Credit Card,Completed,2018-09-11,TXN-00009282,67.9,2026-08-06 01:41:39.368897
9283,9283,UPI,Completed,2018-01-03,TXN-00009283,72.22,2026-08-06 01:41:39.368897
9284,9284,Debit Card,Completed,2018-09-06,TXN-00009284,11.7,2026-08-06 01:41:39.368897
9285,9285,Cash,Completed,2015-11-20,TXN-00009285,392.94,2026-08-06 01:41:39.368897
9286,9286,Debit Card,Completed,2016-11-24,TXN-00009286,18.18,2026-08-06 01:41:39.368897
9287,9287,Cash,Completed,2018-06-20,TXN-00009287,6.89,2026-08-06 01:41:39.368897
9288,9288,Credit Card,Completed,2018-06-21,TXN-00009288,457.49,2026-08-06 01:41:39.368897
9289,9289,UPI,Completed,2018-12-04,TXN-00009289,1079.32,2026-08-06 01:41:39.368897
9290,9290,Net Banking,Completed,2015-04-23,TXN-00009290,48.91,2026-08-06 01:41:39.368897
9291,9291,UPI,Completed,2015-09-23,TXN-00009291,9.84,2026-08-06 01:41:39.368897
9292,9292,Debit Card,Completed,2015-09-27,TXN-00009292,34.5,2026-08-06 01:41:39.368897
9293,9293,UPI,Completed,2018-03-04,TXN-00009293,0.56,2026-08-06 01:41:39.368897
9294,9294,Wallet,Completed,2018-11-20,TXN-00009294,43.8,2026-08-06 01:41:39.368897
9295,9295,Wallet,Completed,2018-05-28,TXN-00009295,13.87,2026-08-06 01:41:39.368897
9296,9296,Credit Card,Pending,2018-05-28,TXN-00009296,115.96,2026-08-06 01:41:39.368897
9297,9297,UPI,Pending,2016-04-19,TXN-00009297,41.42,2026-08-06 01:41:39.368897
9298,9298,Wallet,Completed,2016-04-18,TXN-00009298,244.77,2026-08-06 01:41:39.368897
9299,9299,Credit Card,Completed,2016-04-21,TXN-00009299,74.35,2026-08-06 01:41:39.368897
9300,9300,Net Banking,Completed,2016-04-20,TXN-00009300,4.31,2026-08-06 01:41:39.368897
9301,9301,Credit Card,Completed,2016-04-20,TXN-00009301,56.69,2026-08-06 01:41:39.368897
9302,9302,Debit Card,Completed,2016-04-18,TXN-00009302,97.97,2026-08-06 01:41:39.368897
9303,9303,UPI,Completed,2016-04-18,TXN-00009303,7.87,2026-08-06 01:41:39.368897
9304,9304,Cash,Completed,2016-04-21,TXN-00009304,15.55,2026-08-06 01:41:39.368897
9305,9305,Wallet,Completed,2016-04-21,TXN-00009305,1.48,2026-08-06 01:41:39.368897
9306,9306,Credit Card,Completed,2016-09-19,TXN-00009306,8.4,2026-08-06 01:41:39.368897
9307,9307,UPI,Completed,2015-03-27,TXN-00009307,6.56,2026-08-06 01:41:39.368897
9308,9308,Debit Card,Completed,2015-03-25,TXN-00009308,14.88,2026-08-06 01:41:39.368897
9309,9309,Wallet,Completed,2015-03-26,TXN-00009309,45.48,2026-08-06 01:41:39.368897
9310,9310,UPI,Completed,2015-03-29,TXN-00009310,25.44,2026-08-06 01:41:39.368897
9311,9311,Debit Card,Completed,2017-08-27,TXN-00009311,146.69,2026-08-06 01:41:39.368897
9312,9312,Cash,Completed,2018-03-09,TXN-00009312,4.93,2026-08-06 01:41:39.368897
9313,9313,Cash,Completed,2018-03-08,TXN-00009313,63.49,2026-08-06 01:41:39.368897
9314,9314,Cash,Completed,2016-11-14,TXN-00009314,418.32,2026-08-06 01:41:39.368897
9315,9315,Credit Card,Completed,2016-11-12,TXN-00009315,123.86,2026-08-06 01:41:39.368897
9316,9316,Wallet,Completed,2017-04-06,TXN-00009316,118.78,2026-08-06 01:41:39.368897
9317,9317,Debit Card,Completed,2017-04-08,TXN-00009317,769.18,2026-08-06 01:41:39.368897
9318,9318,Cash,Completed,2018-02-23,TXN-00009318,47.9,2026-08-06 01:41:39.368897
9319,9319,Credit Card,Completed,2018-07-24,TXN-00009319,13.36,2026-08-06 01:41:39.368897
9320,9320,Wallet,Completed,2018-07-20,TXN-00009320,163.76,2026-08-06 01:41:39.368897
9321,9321,UPI,Completed,2018-07-23,TXN-00009321,183.92,2026-08-06 01:41:39.368897
9322,9322,Wallet,Completed,2017-11-04,TXN-00009322,11.38,2026-08-06 01:41:39.368897
9323,9323,Cash,Completed,2017-11-08,TXN-00009323,66.11,2026-08-06 01:41:39.368897
9324,9324,UPI,Completed,2018-09-26,TXN-00009324,211.04,2026-08-06 01:41:39.368897
9325,9325,Debit Card,Completed,2018-09-26,TXN-00009325,594.82,2026-08-06 01:41:39.368897
9326,9326,Debit Card,Completed,2018-09-23,TXN-00009326,72.96,2026-08-06 01:41:39.368897
9327,9327,Wallet,Completed,2018-09-07,TXN-00009327,80.96,2026-08-06 01:41:39.368897
9328,9328,Debit Card,Completed,2018-09-09,TXN-00009328,455.71,2026-08-06 01:41:39.368897
9329,9329,Net Banking,Completed,2018-09-09,TXN-00009329,25.98,2026-08-06 01:41:39.368897
9330,9330,Net Banking,Completed,2016-12-01,TXN-00009330,45.28,2026-08-06 01:41:39.368897
9331,9331,Net Banking,Completed,2016-11-13,TXN-00009331,15.56,2026-08-06 01:41:39.368897
9332,9332,Net Banking,Completed,2017-10-03,TXN-00009332,859.2,2026-08-06 01:41:39.368897
9333,9333,Debit Card,Pending,2018-09-15,TXN-00009333,195.68,2026-08-06 01:41:39.368897
9334,9334,Net Banking,Completed,2018-09-11,TXN-00009334,14.2,2026-08-06 01:41:39.368897
9335,9335,Debit Card,Completed,2018-05-03,TXN-00009335,314.35,2026-08-06 01:41:39.368897
9336,9336,Net Banking,Completed,2018-05-04,TXN-00009336,4.61,2026-08-06 01:41:39.368897
9337,9337,Credit Card,Completed,2018-09-16,TXN-00009337,17.9,2026-08-06 01:41:39.368897
9338,9338,Net Banking,Completed,2015-10-20,TXN-00009338,2.99,2026-08-06 01:41:39.368897
9339,9339,Wallet,Completed,2015-10-23,TXN-00009339,20.06,2026-08-06 01:41:39.368897
9340,9340,UPI,Completed,2015-10-19,TXN-00009340,146.73,2026-08-06 01:41:39.368897
9341,9341,Net Banking,Completed,2015-10-19,TXN-00009341,18.75,2026-08-06 01:41:39.368897
9342,9342,Debit Card,Completed,2015-10-21,TXN-00009342,117.58,2026-08-06 01:41:39.368897
9343,9343,Credit Card,Completed,2017-03-17,TXN-00009343,51.18,2026-08-06 01:41:39.368897
9344,9344,Credit Card,Completed,2018-02-21,TXN-00009344,455.97,2026-08-06 01:41:39.368897
9345,9345,Cash,Completed,2018-02-17,TXN-00009345,5.72,2026-08-06 01:41:39.368897
9346,9346,Wallet,Completed,2018-02-21,TXN-00009346,57.59,2026-08-06 01:41:39.368897
9347,9347,Credit Card,Completed,2018-02-17,TXN-00009347,30.14,2026-08-06 01:41:39.368897
9348,9348,Wallet,Completed,2018-02-17,TXN-00009348,899.43,2026-08-06 01:41:39.368897
9349,9349,UPI,Completed,2017-12-23,TXN-00009349,842.72,2026-08-06 01:41:39.368897
9350,9350,UPI,Completed,2017-12-26,TXN-00009350,41.96,2026-08-06 01:41:39.368897
9351,9351,UPI,Completed,2017-09-23,TXN-00009351,13.22,2026-08-06 01:41:39.368897
9352,9352,UPI,Completed,2017-09-24,TXN-00009352,184.75,2026-08-06 01:41:39.368897
9353,9353,Wallet,Completed,2018-09-25,TXN-00009353,520.46,2026-08-06 01:41:39.368897
9354,9354,Wallet,Completed,2018-09-28,TXN-00009354,11.42,2026-08-06 01:41:39.368897
9355,9355,Wallet,Completed,2016-12-04,TXN-00009355,19.44,2026-08-06 01:41:39.368897
9356,9356,UPI,Completed,2016-12-01,TXN-00009356,3.64,2026-08-06 01:41:39.368897
9357,9357,Wallet,Completed,2016-12-03,TXN-00009357,18.54,2026-08-06 01:41:39.368897
9358,9358,Cash,Pending,2017-01-27,TXN-00009358,43.12,2026-08-06 01:41:39.368897
9359,9359,Wallet,Completed,2017-01-27,TXN-00009359,313.72,2026-08-06 01:41:39.368897
9360,9360,Debit Card,Completed,2017-01-29,TXN-00009360,45.98,2026-08-06 01:41:39.368897
9361,9361,Credit Card,Completed,2017-01-27,TXN-00009361,428.68,2026-08-06 01:41:39.368897
9362,9362,Credit Card,Completed,2018-03-24,TXN-00009362,30.58,2026-08-06 01:41:39.368897
9363,9363,UPI,Completed,2018-03-21,TXN-00009363,13.02,2026-08-06 01:41:39.368897
9364,9364,Wallet,Completed,2018-03-21,TXN-00009364,22.14,2026-08-06 01:41:39.368897
9365,9365,Cash,Completed,2018-03-22,TXN-00009365,359.32,2026-08-06 01:41:39.368897
9366,9366,Credit Card,Completed,2015-08-23,TXN-00009366,11.56,2026-08-06 01:41:39.368897
9367,9367,Credit Card,Completed,2015-06-10,TXN-00009367,68.48,2026-08-06 01:41:39.368897
9368,9368,Wallet,Completed,2015-06-12,TXN-00009368,1676.88,2026-08-06 01:41:39.368897
9369,9369,Cash,Completed,2017-04-11,TXN-00009369,37.94,2026-08-06 01:41:39.368897
9370,9370,Net Banking,Completed,2018-11-09,TXN-00009370,272.97,2026-08-06 01:41:39.368897
9371,9371,Debit Card,Completed,2016-05-29,TXN-00009371,41.57,2026-08-06 01:41:39.368897
9372,9372,Credit Card,Completed,2016-06-01,TXN-00009372,317.06,2026-08-06 01:41:39.368897
9373,9373,Cash,Completed,2016-06-02,TXN-00009373,8.04,2026-08-06 01:41:39.368897
9374,9374,Debit Card,Completed,2018-05-10,TXN-00009374,419.94,2026-08-06 01:41:39.368897
9375,9375,Debit Card,Completed,2017-06-07,TXN-00009375,61.38,2026-08-06 01:41:39.368897
9376,9376,Net Banking,Completed,2016-12-16,TXN-00009376,50.0,2026-08-06 01:41:39.368897
9377,9377,Cash,Completed,2018-12-27,TXN-00009377,31.8,2026-08-06 01:41:39.368897
9378,9378,UPI,Completed,2018-12-19,TXN-00009378,32.56,2026-08-06 01:41:39.368897
9379,9379,Cash,Completed,2017-05-11,TXN-00009379,7.07,2026-08-06 01:41:39.368897
9380,9380,Net Banking,Completed,2015-12-26,TXN-00009380,45.53,2026-08-06 01:41:39.368897
9381,9381,Net Banking,Completed,2015-12-27,TXN-00009381,64.78,2026-08-06 01:41:39.368897
9382,9382,UPI,Completed,2015-12-25,TXN-00009382,424.27,2026-08-06 01:41:39.368897
9383,9383,Net Banking,Completed,2015-12-24,TXN-00009383,1.34,2026-08-06 01:41:39.368897
9384,9384,Cash,Completed,2015-12-27,TXN-00009384,83.92,2026-08-06 01:41:39.368897
9385,9385,UPI,Completed,2018-08-14,TXN-00009385,25.92,2026-08-06 01:41:39.368897
9386,9386,Credit Card,Completed,2018-08-31,TXN-00009386,120.58,2026-08-06 01:41:39.368897
9387,9387,Credit Card,Completed,2018-01-21,TXN-00009387,79.92,2026-08-06 01:41:39.368897
9388,9388,UPI,Completed,2018-01-23,TXN-00009388,12.28,2026-08-06 01:41:39.368897
9389,9389,Credit Card,Completed,2018-01-19,TXN-00009389,542.94,2026-08-06 01:41:39.368897
9390,9390,Wallet,Completed,2018-01-22,TXN-00009390,2.04,2026-08-06 01:41:39.368897
9391,9391,Credit Card,Completed,2016-06-20,TXN-00009391,228.92,2026-08-06 01:41:39.368897
9392,9392,Net Banking,Completed,2018-03-13,TXN-00009392,7.99,2026-08-06 01:41:39.368897
9393,9393,Credit Card,Completed,2016-10-26,TXN-00009393,582.34,2026-08-06 01:41:39.368897
9394,9394,Credit Card,Completed,2015-09-21,TXN-00009394,629.95,2026-08-06 01:41:39.368897
9395,9395,Credit Card,Completed,2015-09-21,TXN-00009395,631.78,2026-08-06 01:41:39.368897
9396,9396,Wallet,Completed,2015-09-20,TXN-00009396,801.57,2026-08-06 01:41:39.368897
9397,9397,Wallet,Completed,2015-09-20,TXN-00009397,75.18,2026-08-06 01:41:39.368897
9398,9398,Wallet,Completed,2015-09-21,TXN-00009398,30.98,2026-08-06 01:41:39.368897
9399,9399,Debit Card,Completed,2015-09-23,TXN-00009399,1349.91,2026-08-06 01:41:39.368897
9400,9400,Credit Card,Completed,2017-11-15,TXN-00009400,14.11,2026-08-06 01:41:39.368897
9401,9401,Cash,Completed,2016-09-18,TXN-00009401,31.12,2026-08-06 01:41:39.368897
9402,9402,Cash,Completed,2015-06-26,TXN-00009402,4.27,2026-08-06 01:41:39.368897
9403,9403,Net Banking,Completed,2017-08-13,TXN-00009403,209.15,2026-08-06 01:41:39.368897
9404,9404,Credit Card,Completed,2017-08-12,TXN-00009404,1591.02,2026-08-06 01:41:39.368897
9405,9405,Credit Card,Completed,2018-04-16,TXN-00009405,7.92,2026-08-06 01:41:39.368897
9406,9406,Credit Card,Completed,2015-03-17,TXN-00009406,574.91,2026-08-06 01:41:39.368897
9407,9407,Wallet,Completed,2015-03-15,TXN-00009407,8.45,2026-08-06 01:41:39.368897
9408,9408,Debit Card,Completed,2018-09-24,TXN-00009408,1071.0,2026-08-06 01:41:39.368897
9409,9409,Credit Card,Completed,2018-09-26,TXN-00009409,12.07,2026-08-06 01:41:39.368897
9410,9410,UPI,Completed,2018-12-12,TXN-00009410,3.27,2026-08-06 01:41:39.368897
9411,9411,Net Banking,Completed,2018-12-10,TXN-00009411,87.92,2026-08-06 01:41:39.368897
9412,9412,Debit Card,Completed,2017-03-14,TXN-00009412,104.7,2026-08-06 01:41:39.368897
9413,9413,UPI,Completed,2016-01-31,TXN-00009413,2803.92,2026-08-06 01:41:39.368897
9414,9414,UPI,Completed,2017-09-27,TXN-00009414,6.82,2026-08-06 01:41:39.368897
9415,9415,Credit Card,Completed,2016-10-21,TXN-00009415,249.58,2026-08-06 01:41:39.368897
9416,9416,Net Banking,Completed,2016-10-19,TXN-00009416,17.94,2026-08-06 01:41:39.368897
9417,9417,Debit Card,Completed,2016-10-19,TXN-00009417,10.11,2026-08-06 01:41:39.368897
9418,9418,Net Banking,Completed,2015-10-28,TXN-00009418,10.37,2026-08-06 01:41:39.368897
9419,9419,Net Banking,Completed,2015-10-27,TXN-00009419,11.95,2026-08-06 01:41:39.368897
9420,9420,Credit Card,Completed,2018-10-03,TXN-00009420,15.22,2026-08-06 01:41:39.368897
9421,9421,Credit Card,Completed,2018-10-03,TXN-00009421,21.98,2026-08-06 01:41:39.368897
9422,9422,Wallet,Completed,2015-07-25,TXN-00009422,604.75,2026-08-06 01:41:39.368897
9423,9423,Cash,Refunded,2015-07-23,TXN-00009423,40.7,2026-08-06 01:41:39.368897
9424,9424,UPI,Completed,2015-07-26,TXN-00009424,302.38,2026-08-06 01:41:39.368897
9425,9425,Cash,Completed,2015-07-23,TXN-00009425,45.0,2026-08-06 01:41:39.368897
9426,9426,Debit Card,Completed,2015-09-12,TXN-00009426,3785.29,2026-08-06 01:41:39.368897
9427,9427,Credit Card,Completed,2017-09-16,TXN-00009427,35.4,2026-08-06 01:41:39.368897
9428,9428,Credit Card,Completed,2015-11-28,TXN-00009428,199.9,2026-08-06 01:41:39.368897
9429,9429,UPI,Completed,2015-05-12,TXN-00009429,1212.96,2026-08-06 01:41:39.368897
9430,9430,Credit Card,Completed,2016-09-01,TXN-00009430,1099.96,2026-08-06 01:41:39.368897
9431,9431,Credit Card,Completed,2016-09-01,TXN-00009431,103.48,2026-08-06 01:41:39.368897
9432,9432,Net Banking,Completed,2016-06-21,TXN-00009432,5.9,2026-08-06 01:41:39.368897
9433,9433,Wallet,Completed,2016-08-20,TXN-00009433,30.08,2026-08-06 01:41:39.368897
9434,9434,Credit Card,Completed,2016-08-17,TXN-00009434,36.29,2026-08-06 01:41:39.368897
9435,9435,Debit Card,Completed,2016-08-21,TXN-00009435,10.27,2026-08-06 01:41:39.368897
9436,9436,UPI,Completed,2016-08-21,TXN-00009436,252.8,2026-08-06 01:41:39.368897
9437,9437,Credit Card,Completed,2016-09-27,TXN-00009437,2.95,2026-08-06 01:41:39.368897
9438,9438,Debit Card,Completed,2018-05-30,TXN-00009438,12.96,2026-08-06 01:41:39.368897
9439,9439,Wallet,Pending,2018-08-01,TXN-00009439,285.58,2026-08-06 01:41:39.368897
9440,9440,Net Banking,Completed,2015-10-16,TXN-00009440,22.24,2026-08-06 01:41:39.368897
9441,9441,Net Banking,Completed,2015-05-25,TXN-00009441,14.62,2026-08-06 01:41:39.368897
9442,9442,Net Banking,Completed,2016-01-01,TXN-00009442,48.36,2026-08-06 01:41:39.368897
9443,9443,Cash,Completed,2018-04-09,TXN-00009443,16.26,2026-08-06 01:41:39.368897
9444,9444,Wallet,Completed,2018-04-08,TXN-00009444,219.18,2026-08-06 01:41:39.368897
9445,9445,Wallet,Completed,2016-03-05,TXN-00009445,95.84,2026-08-06 01:41:39.368897
9446,9446,Net Banking,Completed,2016-06-01,TXN-00009446,12.39,2026-08-06 01:41:39.368897
9447,9447,Wallet,Completed,2017-09-23,TXN-00009447,35.88,2026-08-06 01:41:39.368897
9448,9448,Wallet,Completed,2018-05-30,TXN-00009448,477.3,2026-08-06 01:41:39.368897
9449,9449,Cash,Completed,2017-09-18,TXN-00009449,12.32,2026-08-06 01:41:39.368897
9450,9450,Credit Card,Completed,2015-09-08,TXN-00009450,8.61,2026-08-06 01:41:39.368897
9451,9451,Cash,Completed,2018-06-04,TXN-00009451,136.26,2026-08-06 01:41:39.368897
9452,9452,Debit Card,Completed,2016-09-29,TXN-00009452,186.15,2026-08-06 01:41:39.368897
9453,9453,Net Banking,Completed,2016-09-29,TXN-00009453,81.79,2026-08-06 01:41:39.368897
9454,9454,UPI,Completed,2016-09-29,TXN-00009454,47.19,2026-08-06 01:41:39.368897
9455,9455,Cash,Completed,2016-09-28,TXN-00009455,36.78,2026-08-06 01:41:39.368897
9456,9456,Cash,Completed,2017-06-16,TXN-00009456,91.48,2026-08-06 01:41:39.368897
9457,9457,Debit Card,Completed,2018-05-30,TXN-00009457,27.19,2026-08-06 01:41:39.368897
9458,9458,Wallet,Completed,2018-05-31,TXN-00009458,12.06,2026-08-06 01:41:39.368897
9459,9459,Wallet,Completed,2015-10-12,TXN-00009459,144.6,2026-08-06 01:41:39.368897
9460,9460,UPI,Completed,2015-10-11,TXN-00009460,15.99,2026-08-06 01:41:39.368897
9461,9461,Cash,Completed,2015-11-18,TXN-00009461,34.44,2026-08-06 01:41:39.368897
9462,9462,Net Banking,Completed,2015-10-20,TXN-00009462,321.55,2026-08-06 01:41:39.368897
9463,9463,UPI,Completed,2018-11-26,TXN-00009463,701.96,2026-08-06 01:41:39.368897
9464,9464,Credit Card,Completed,2015-03-02,TXN-00009464,19.46,2026-08-06 01:41:39.368897
9465,9465,Debit Card,Completed,2015-12-23,TXN-00009465,17.28,2026-08-06 01:41:39.368897
9466,9466,UPI,Completed,2017-11-21,TXN-00009466,31.96,2026-08-06 01:41:39.368897
9467,9467,Debit Card,Completed,2018-11-07,TXN-00009467,164.69,2026-08-06 01:41:39.368897
9468,9468,Net Banking,Completed,2018-11-09,TXN-00009468,166.5,2026-08-06 01:41:39.368897
9469,9469,Wallet,Completed,2018-11-05,TXN-00009469,12.96,2026-08-06 01:41:39.368897
9470,9470,Cash,Completed,2018-11-08,TXN-00009470,110.96,2026-08-06 01:41:39.368897
9471,9471,UPI,Completed,2018-11-09,TXN-00009471,99.98,2026-08-06 01:41:39.368897
9472,9472,Debit Card,Completed,2018-11-05,TXN-00009472,11.42,2026-08-06 01:41:39.368897
9473,9473,UPI,Completed,2018-11-06,TXN-00009473,128.12,2026-08-06 01:41:39.368897
9474,9474,Debit Card,Completed,2018-11-07,TXN-00009474,101.4,2026-08-06 01:41:39.368897
9475,9475,Debit Card,Completed,2016-06-02,TXN-00009475,5.9,2026-08-06 01:41:39.368897
9476,9476,Net Banking,Completed,2016-06-03,TXN-00009476,173.49,2026-08-06 01:41:39.368897
9477,9477,Credit Card,Completed,2016-06-01,TXN-00009477,51.56,2026-08-06 01:41:39.368897
9478,9478,Debit Card,Completed,2016-06-01,TXN-00009478,3.56,2026-08-06 01:41:39.368897
9479,9479,Credit Card,Completed,2015-09-08,TXN-00009479,13.16,2026-08-06 01:41:39.368897
9480,9480,Net Banking,Completed,2015-09-07,TXN-00009480,3.83,2026-08-06 01:41:39.368897
9481,9481,Wallet,Completed,2015-09-09,TXN-00009481,304.99,2026-08-06 01:41:39.368897
9482,9482,Net Banking,Completed,2018-11-08,TXN-00009482,18.16,2026-08-06 01:41:39.368897
9483,9483,Cash,Completed,2016-06-24,TXN-00009483,319.98,2026-08-06 01:41:39.368897
9484,9484,Debit Card,Completed,2015-07-22,TXN-00009484,19.68,2026-08-06 01:41:39.368897
9485,9485,UPI,Completed,2017-12-04,TXN-00009485,781.86,2026-08-06 01:41:39.368897
9486,9486,Debit Card,Completed,2017-12-03,TXN-00009486,30.82,2026-08-06 01:41:39.368897
9487,9487,Debit Card,Completed,2018-10-15,TXN-00009487,673.34,2026-08-06 01:41:39.368897
9488,9488,UPI,Completed,2018-12-15,TXN-00009488,6.54,2026-08-06 01:41:39.368897
9489,9489,Credit Card,Completed,2016-10-03,TXN-00009489,572.8,2026-08-06 01:41:39.368897
9490,9490,Debit Card,Completed,2017-08-07,TXN-00009490,197.05,2026-08-06 01:41:39.368897
9491,9491,Cash,Completed,2018-01-05,TXN-00009491,2022.27,2026-08-06 01:41:39.368897
9492,9492,UPI,Completed,2018-01-07,TXN-00009492,9.12,2026-08-06 01:41:39.368897
9493,9493,Wallet,Completed,2018-11-09,TXN-00009493,38.16,2026-08-06 01:41:39.368897
9494,9494,Debit Card,Completed,2017-01-06,TXN-00009494,1592.85,2026-08-06 01:41:39.368897
9495,9495,Debit Card,Completed,2017-01-04,TXN-00009495,11.88,2026-08-06 01:41:39.368897
9496,9496,Debit Card,Completed,2017-05-14,TXN-00009496,120.0,2026-08-06 01:41:39.368897
9497,9497,Net Banking,Completed,2017-05-14,TXN-00009497,8.67,2026-08-06 01:41:39.368897
9498,9498,Credit Card,Pending,2018-11-08,TXN-00009498,4.41,2026-08-06 01:41:39.368897
9499,9499,Debit Card,Completed,2018-11-06,TXN-00009499,167.94,2026-08-06 01:41:39.368897
9500,9500,Credit Card,Completed,2018-11-07,TXN-00009500,67.8,2026-08-06 01:41:39.368897
9501,9501,Cash,Pending,2017-05-30,TXN-00009501,26.94,2026-08-06 01:41:39.368897
9502,9502,Net Banking,Completed,2016-11-21,TXN-00009502,32.04,2026-08-06 01:41:39.368897
9503,9503,Credit Card,Completed,2017-04-25,TXN-00009503,32.13,2026-08-06 01:41:39.368897
9504,9504,Net Banking,Completed,2017-04-24,TXN-00009504,2.88,2026-08-06 01:41:39.368897
9505,9505,Wallet,Completed,2017-10-15,TXN-00009505,1091.93,2026-08-06 01:41:39.368897
9506,9506,Debit Card,Completed,2017-10-17,TXN-00009506,111.96,2026-08-06 01:41:39.368897
9507,9507,UPI,Completed,2015-04-08,TXN-00009507,26.7,2026-08-06 01:41:39.368897
9508,9508,Credit Card,Completed,2015-04-07,TXN-00009508,40.2,2026-08-06 01:41:39.368897
9509,9509,Cash,Completed,2015-04-06,TXN-00009509,13.89,2026-08-06 01:41:39.368897
9510,9510,Cash,Completed,2015-04-06,TXN-00009510,689.82,2026-08-06 01:41:39.368897
9511,9511,Cash,Completed,2017-08-08,TXN-00009511,38.34,2026-08-06 01:41:39.368897
9512,9512,UPI,Completed,2015-12-16,TXN-00009512,9.26,2026-08-06 01:41:39.368897
9513,9513,Wallet,Completed,2018-05-30,TXN-00009513,204.67,2026-08-06 01:41:39.368897
9514,9514,Debit Card,Completed,2017-10-18,TXN-00009514,1649.75,2026-08-06 01:41:39.368897
9515,9515,Cash,Completed,2015-03-18,TXN-00009515,91.06,2026-08-06 01:41:39.368897
9516,9516,Credit Card,Pending,2015-02-21,TXN-00009516,54.21,2026-08-06 01:41:39.368897
9517,9517,Debit Card,Completed,2016-08-24,TXN-00009517,26.98,2026-08-06 01:41:39.368897
9518,9518,Wallet,Completed,2016-08-27,TXN-00009518,6.91,2026-08-06 01:41:39.368897
9519,9519,Net Banking,Pending,2016-08-26,TXN-00009519,435.5,2026-08-06 01:41:39.368897
9520,9520,Net Banking,Completed,2018-05-12,TXN-00009520,81.08,2026-08-06 01:41:39.368897
9521,9521,Wallet,Completed,2017-02-06,TXN-00009521,93.02,2026-08-06 01:41:39.368897
9522,9522,Credit Card,Completed,2015-12-22,TXN-00009522,323.98,2026-08-06 01:41:39.368897
9523,9523,Credit Card,Completed,2015-12-20,TXN-00009523,15.55,2026-08-06 01:41:39.368897
9524,9524,UPI,Completed,2015-12-19,TXN-00009524,32.59,2026-08-06 01:41:39.368897
9525,9525,UPI,Completed,2018-12-05,TXN-00009525,83.92,2026-08-06 01:41:39.368897
9526,9526,UPI,Completed,2018-12-05,TXN-00009526,199.9,2026-08-06 01:41:39.368897
9527,9527,Net Banking,Completed,2018-12-06,TXN-00009527,31.18,2026-08-06 01:41:39.368897
9528,9528,Credit Card,Completed,2018-12-05,TXN-00009528,172.75,2026-08-06 01:41:39.368897
9529,9529,Cash,Completed,2018-12-08,TXN-00009529,9.3,2026-08-06 01:41:39.368897
9530,9530,Net Banking,Completed,2018-03-25,TXN-00009530,12.77,2026-08-06 01:41:39.368897
9531,9531,Credit Card,Completed,2018-07-11,TXN-00009531,52.76,2026-08-06 01:41:39.368897
9532,9532,Debit Card,Completed,2018-10-30,TXN-00009532,55.62,2026-08-06 01:41:39.368897
9533,9533,Net Banking,Completed,2017-10-31,TXN-00009533,427.64,2026-08-06 01:41:39.368897
9534,9534,UPI,Completed,2017-10-27,TXN-00009534,40.67,2026-08-06 01:41:39.368897
9535,9535,Wallet,Completed,2017-10-27,TXN-00009535,33.48,2026-08-06 01:41:39.368897
9536,9536,Wallet,Completed,2017-10-29,TXN-00009536,9.73,2026-08-06 01:41:39.368897
9537,9537,Wallet,Completed,2018-06-14,TXN-00009537,8.86,2026-08-06 01:41:39.368897
9538,9538,Debit Card,Completed,2017-09-25,TXN-00009538,477.67,2026-08-06 01:41:39.368897
9539,9539,Credit Card,Completed,2018-09-10,TXN-00009539,16.9,2026-08-06 01:41:39.368897
9540,9540,Wallet,Completed,2018-09-08,TXN-00009540,39.96,2026-08-06 01:41:39.368897
9541,9541,UPI,Completed,2016-05-12,TXN-00009541,191.97,2026-08-06 01:41:39.368897
9542,9542,Wallet,Completed,2016-08-09,TXN-00009542,35.52,2026-08-06 01:41:39.368897
9543,9543,Cash,Completed,2016-08-09,TXN-00009543,6.23,2026-08-06 01:41:39.368897
9544,9544,Net Banking,Completed,2016-08-08,TXN-00009544,56.7,2026-08-06 01:41:39.368897
9545,9545,UPI,Completed,2016-08-06,TXN-00009545,369.2,2026-08-06 01:41:39.368897
9546,9546,UPI,Completed,2015-10-31,TXN-00009546,1.98,2026-08-06 01:41:39.368897
9547,9547,UPI,Completed,2015-10-29,TXN-00009547,75.88,2026-08-06 01:41:39.368897
9548,9548,Cash,Completed,2017-06-22,TXN-00009548,6.85,2026-08-06 01:41:39.368897
9549,9549,Credit Card,Completed,2017-06-21,TXN-00009549,4.63,2026-08-06 01:41:39.368897
9550,9550,UPI,Completed,2017-06-19,TXN-00009550,453.6,2026-08-06 01:41:39.368897
9551,9551,Debit Card,Completed,2016-05-06,TXN-00009551,13.85,2026-08-06 01:41:39.368897
9552,9552,Net Banking,Completed,2016-11-13,TXN-00009552,577.58,2026-08-06 01:41:39.368897
9553,9553,Credit Card,Completed,2016-06-02,TXN-00009553,151.96,2026-08-06 01:41:39.368897
9554,9554,Credit Card,Completed,2017-09-22,TXN-00009554,68.43,2026-08-06 01:41:39.368897
9555,9555,Cash,Completed,2016-11-30,TXN-00009555,71.12,2026-08-06 01:41:39.368897
9556,9556,Net Banking,Completed,2016-11-29,TXN-00009556,3.01,2026-08-06 01:41:39.368897
9557,9557,Wallet,Completed,2016-12-04,TXN-00009557,184.66,2026-08-06 01:41:39.368897
9558,9558,UPI,Completed,2015-10-19,TXN-00009558,5.31,2026-08-06 01:41:39.368897
9559,9559,Net Banking,Completed,2017-05-07,TXN-00009559,132.52,2026-08-06 01:41:39.368897
9560,9560,Cash,Completed,2017-05-04,TXN-00009560,195.64,2026-08-06 01:41:39.368897
9561,9561,Debit Card,Completed,2017-05-04,TXN-00009561,51.97,2026-08-06 01:41:39.368897
9562,9562,Debit Card,Completed,2017-05-05,TXN-00009562,431.98,2026-08-06 01:41:39.368897
9563,9563,Net Banking,Completed,2017-05-04,TXN-00009563,224.94,2026-08-06 01:41:39.368897
9564,9564,Net Banking,Completed,2017-05-05,TXN-00009564,6.0,2026-08-06 01:41:39.368897
9565,9565,Cash,Completed,2016-06-05,TXN-00009565,11.76,2026-08-06 01:41:39.368897
9566,9566,Wallet,Completed,2015-04-01,TXN-00009566,1125.49,2026-08-06 01:41:39.368897
9567,9567,Net Banking,Completed,2015-04-01,TXN-00009567,12.65,2026-08-06 01:41:39.368897
9568,9568,Wallet,Completed,2015-04-03,TXN-00009568,4.03,2026-08-06 01:41:39.368897
9569,9569,Wallet,Completed,2018-07-09,TXN-00009569,79.96,2026-08-06 01:41:39.368897
9570,9570,Credit Card,Completed,2016-09-27,TXN-00009570,6.73,2026-08-06 01:41:39.368897
9571,9571,Debit Card,Completed,2016-09-25,TXN-00009571,33.57,2026-08-06 01:41:39.368897
9572,9572,Cash,Completed,2016-09-27,TXN-00009572,15.84,2026-08-06 01:41:39.368897
9573,9573,Wallet,Pending,2016-09-26,TXN-00009573,24.42,2026-08-06 01:41:39.368897
9574,9574,Wallet,Completed,2016-09-25,TXN-00009574,17.12,2026-08-06 01:41:39.368897
9575,9575,Credit Card,Completed,2016-08-16,TXN-00009575,31.56,2026-08-06 01:41:39.368897
9576,9576,Cash,Completed,2016-05-26,TXN-00009576,105.69,2026-08-06 01:41:39.368897
9577,9577,Debit Card,Completed,2016-05-26,TXN-00009577,399.54,2026-08-06 01:41:39.368897
9578,9578,Wallet,Completed,2016-05-29,TXN-00009578,104.93,2026-08-06 01:41:39.368897
9579,9579,Net Banking,Completed,2018-09-16,TXN-00009579,1079.85,2026-08-06 01:41:39.368897
9580,9580,Debit Card,Completed,2018-09-17,TXN-00009580,70.98,2026-08-06 01:41:39.368897
9581,9581,UPI,Completed,2018-09-14,TXN-00009581,29.95,2026-08-06 01:41:39.368897
9582,9582,Wallet,Completed,2018-09-17,TXN-00009582,589.41,2026-08-06 01:41:39.368897
9583,9583,Wallet,Completed,2017-06-10,TXN-00009583,9.65,2026-08-06 01:41:39.368897
9584,9584,Wallet,Completed,2018-06-28,TXN-00009584,400.78,2026-08-06 01:41:39.368897
9585,9585,Credit Card,Completed,2018-08-26,TXN-00009585,53.72,2026-08-06 01:41:39.368897
9586,9586,Credit Card,Completed,2017-08-29,TXN-00009586,31.01,2026-08-06 01:41:39.368897
9587,9587,Net Banking,Completed,2017-11-22,TXN-00009587,61.12,2026-08-06 01:41:39.368897
9588,9588,Cash,Completed,2018-04-18,TXN-00009588,195.14,2026-08-06 01:41:39.368897
9589,9589,Credit Card,Completed,2018-07-24,TXN-00009589,121.54,2026-08-06 01:41:39.368897
9590,9590,Cash,Completed,2015-05-13,TXN-00009590,17.47,2026-08-06 01:41:39.368897
9591,9591,UPI,Completed,2015-05-15,TXN-00009591,104.58,2026-08-06 01:41:39.368897
9592,9592,Credit Card,Completed,2017-07-29,TXN-00009592,24.7,2026-08-06 01:41:39.368897
9593,9593,Cash,Completed,2017-07-28,TXN-00009593,302.72,2026-08-06 01:41:39.368897
9594,9594,Cash,Completed,2018-09-15,TXN-00009594,8.56,2026-08-06 01:41:39.368897
9595,9595,Wallet,Completed,2018-09-14,TXN-00009595,11.56,2026-08-06 01:41:39.368897
9596,9596,Cash,Completed,2018-01-26,TXN-00009596,25.86,2026-08-06 01:41:39.368897
9597,9597,UPI,Completed,2018-01-27,TXN-00009597,276.78,2026-08-06 01:41:39.368897
9598,9598,Debit Card,Completed,2018-01-25,TXN-00009598,110.35,2026-08-06 01:41:39.368897
9599,9599,Credit Card,Completed,2016-09-20,TXN-00009599,60.84,2026-08-06 01:41:39.368897
9600,9600,Cash,Completed,2016-04-16,TXN-00009600,35.21,2026-08-06 01:41:39.368897
9601,9601,Debit Card,Completed,2018-05-12,TXN-00009601,41.47,2026-08-06 01:41:39.368897
9602,9602,Net Banking,Completed,2017-09-08,TXN-00009602,239.5,2026-08-06 01:41:39.368897
9603,9603,Wallet,Completed,2015-05-23,TXN-00009603,34.2,2026-08-06 01:41:39.368897
9604,9604,Wallet,Completed,2017-06-19,TXN-00009604,376.87,2026-08-06 01:41:39.368897
9605,9605,Wallet,Completed,2016-11-02,TXN-00009605,197.72,2026-08-06 01:41:39.368897
9606,9606,Debit Card,Completed,2018-11-04,TXN-00009606,70.72,2026-08-06 01:41:39.368897
9607,9607,Net Banking,Completed,2018-11-08,TXN-00009607,194.35,2026-08-06 01:41:39.368897
9608,9608,UPI,Completed,2018-12-08,TXN-00009608,21.6,2026-08-06 01:41:39.368897
9609,9609,Debit Card,Completed,2018-12-08,TXN-00009609,11.07,2026-08-06 01:41:39.368897
9610,9610,Wallet,Pending,2017-05-18,TXN-00009610,282.84,2026-08-06 01:41:39.368897
9611,9611,Net Banking,Completed,2017-05-19,TXN-00009611,27.72,2026-08-06 01:41:39.368897
9612,9612,Credit Card,Completed,2018-10-26,TXN-00009612,11.68,2026-08-06 01:41:39.368897
9613,9613,Net Banking,Completed,2017-09-19,TXN-00009613,239.98,2026-08-06 01:41:39.368897
9614,9614,Net Banking,Completed,2015-11-15,TXN-00009614,22.98,2026-08-06 01:41:39.368897
9615,9615,Cash,Pending,2015-11-14,TXN-00009615,102.13,2026-08-06 01:41:39.368897
9616,9616,Debit Card,Completed,2015-11-15,TXN-00009616,2033.58,2026-08-06 01:41:39.368897
9617,9617,Cash,Completed,2017-08-25,TXN-00009617,5.76,2026-08-06 01:41:39.368897
9618,9618,UPI,Completed,2018-11-17,TXN-00009618,899.98,2026-08-06 01:41:39.368897
9619,9619,Wallet,Completed,2018-11-20,TXN-00009619,86.35,2026-08-06 01:41:39.368897
9620,9620,Net Banking,Completed,2018-11-18,TXN-00009620,139.96,2026-08-06 01:41:39.368897
9621,9621,UPI,Completed,2015-09-26,TXN-00009621,16.7,2026-08-06 01:41:39.368897
9622,9622,Cash,Completed,2015-09-30,TXN-00009622,3.15,2026-08-06 01:41:39.368897
9623,9623,Debit Card,Completed,2015-09-26,TXN-00009623,32.9,2026-08-06 01:41:39.368897
9624,9624,Net Banking,Completed,2018-06-30,TXN-00009624,21.39,2026-08-06 01:41:39.368897
9625,9625,UPI,Completed,2018-07-03,TXN-00009625,307.31,2026-08-06 01:41:39.368897
9626,9626,Wallet,Completed,2018-07-03,TXN-00009626,410.0,2026-08-06 01:41:39.368897
9627,9627,Net Banking,Completed,2018-09-24,TXN-00009627,9.25,2026-08-06 01:41:39.368897
9628,9628,Debit Card,Completed,2015-11-26,TXN-00009628,14.67,2026-08-06 01:41:39.368897
9629,9629,UPI,Completed,2015-01-13,TXN-00009629,37.41,2026-08-06 01:41:39.368897
9630,9630,Wallet,Completed,2015-01-13,TXN-00009630,3.44,2026-08-06 01:41:39.368897
9631,9631,Cash,Completed,2017-06-01,TXN-00009631,7.15,2026-08-06 01:41:39.368897
9632,9632,Debit Card,Completed,2017-05-31,TXN-00009632,179.7,2026-08-06 01:41:39.368897
9633,9633,Credit Card,Completed,2018-02-17,TXN-00009633,90.64,2026-08-06 01:41:39.368897
9634,9634,UPI,Completed,2015-10-17,TXN-00009634,177.0,2026-08-06 01:41:39.368897
9635,9635,Credit Card,Completed,2015-10-16,TXN-00009635,79.45,2026-08-06 01:41:39.368897
9636,9636,UPI,Completed,2015-10-17,TXN-00009636,1628.82,2026-08-06 01:41:39.368897
9637,9637,UPI,Completed,2015-11-18,TXN-00009637,137.54,2026-08-06 01:41:39.368897
9638,9638,Wallet,Completed,2015-11-21,TXN-00009638,730.2,2026-08-06 01:41:39.368897
9639,9639,Net Banking,Completed,2018-11-16,TXN-00009639,11.56,2026-08-06 01:41:39.368897
9640,9640,Credit Card,Completed,2016-02-01,TXN-00009640,4297.64,2026-08-06 01:41:39.368897
9641,9641,Wallet,Completed,2015-03-11,TXN-00009641,20.65,2026-08-06 01:41:39.368897
9642,9642,Credit Card,Completed,2015-03-11,TXN-00009642,204.9,2026-08-06 01:41:39.368897
9643,9643,UPI,Completed,2015-03-11,TXN-00009643,436.7,2026-08-06 01:41:39.368897
9644,9644,Wallet,Completed,2015-03-11,TXN-00009644,481.57,2026-08-06 01:41:39.368897
9645,9645,Net Banking,Completed,2018-06-09,TXN-00009645,89.54,2026-08-06 01:41:39.368897
9646,9646,Debit Card,Completed,2018-06-10,TXN-00009646,35.17,2026-08-06 01:41:39.368897
9647,9647,Cash,Completed,2018-06-11,TXN-00009647,72.59,2026-08-06 01:41:39.368897
9648,9648,Cash,Completed,2015-11-20,TXN-00009648,221.16,2026-08-06 01:41:39.368897
9649,9649,Debit Card,Completed,2015-11-19,TXN-00009649,281.97,2026-08-06 01:41:39.368897
9650,9650,Credit Card,Completed,2017-11-30,TXN-00009650,3406.66,2026-08-06 01:41:39.368897
9651,9651,Net Banking,Completed,2017-11-28,TXN-00009651,37.17,2026-08-06 01:41:39.368897
9652,9652,UPI,Completed,2017-11-28,TXN-00009652,64.96,2026-08-06 01:41:39.368897
9653,9653,Credit Card,Completed,2017-11-28,TXN-00009653,595.38,2026-08-06 01:41:39.368897
9654,9654,Credit Card,Pending,2018-01-27,TXN-00009654,95.98,2026-08-06 01:41:39.368897
9655,9655,Cash,Completed,2018-01-27,TXN-00009655,4.94,2026-08-06 01:41:39.368897
9656,9656,Wallet,Completed,2015-09-26,TXN-00009656,97.44,2026-08-06 01:41:39.368897
9657,9657,UPI,Completed,2015-09-24,TXN-00009657,3.98,2026-08-06 01:41:39.368897
9658,9658,Debit Card,Completed,2015-09-25,TXN-00009658,13.04,2026-08-06 01:41:39.368897
9659,9659,Wallet,Completed,2015-09-26,TXN-00009659,579.53,2026-08-06 01:41:39.368897
9660,9660,Debit Card,Completed,2015-03-26,TXN-00009660,18.75,2026-08-06 01:41:39.368897
9661,9661,Net Banking,Completed,2017-06-06,TXN-00009661,3023.93,2026-08-06 01:41:39.368897
9662,9662,Credit Card,Completed,2017-06-07,TXN-00009662,26.96,2026-08-06 01:41:39.368897
9663,9663,Wallet,Completed,2017-06-08,TXN-00009663,477.6,2026-08-06 01:41:39.368897
9664,9664,UPI,Completed,2018-09-04,TXN-00009664,193.95,2026-08-06 01:41:39.368897
9665,9665,Debit Card,Completed,2016-12-09,TXN-00009665,12.96,2026-08-06 01:41:39.368897
9666,9666,Debit Card,Completed,2018-11-19,TXN-00009666,119.94,2026-08-06 01:41:39.368897
9667,9667,Credit Card,Pending,2018-11-18,TXN-00009667,12.42,2026-08-06 01:41:39.368897
9668,9668,Wallet,Completed,2017-04-24,TXN-00009668,18.09,2026-08-06 01:41:39.368897
9669,9669,Credit Card,Completed,2017-04-26,TXN-00009669,71.97,2026-08-06 01:41:39.368897
9670,9670,Cash,Completed,2018-04-03,TXN-00009670,14.94,2026-08-06 01:41:39.368897
9671,9671,Wallet,Completed,2016-08-13,TXN-00009671,64.68,2026-08-06 01:41:39.368897
9672,9672,Wallet,Completed,2018-11-16,TXN-00009672,22.0,2026-08-06 01:41:39.368897
9673,9673,Wallet,Completed,2017-12-26,TXN-00009673,7.97,2026-08-06 01:41:39.368897
9674,9674,Wallet,Completed,2017-12-26,TXN-00009674,1499.97,2026-08-06 01:41:39.368897
9675,9675,Net Banking,Completed,2015-07-25,TXN-00009675,26.63,2026-08-06 01:41:39.368897
9676,9676,Net Banking,Completed,2017-05-06,TXN-00009676,41.6,2026-08-06 01:41:39.368897
9677,9677,Cash,Completed,2015-12-01,TXN-00009677,64.02,2026-08-06 01:41:39.368897
9678,9678,Credit Card,Completed,2017-04-21,TXN-00009678,6.99,2026-08-06 01:41:39.368897
9679,9679,Cash,Completed,2017-04-21,TXN-00009679,6.84,2026-08-06 01:41:39.368897
9680,9680,Wallet,Completed,2016-12-29,TXN-00009680,323.1,2026-08-06 01:41:39.368897
9681,9681,Wallet,Completed,2016-12-31,TXN-00009681,668.16,2026-08-06 01:41:39.368897
9682,9682,Net Banking,Completed,2018-12-17,TXN-00009682,8.64,2026-08-06 01:41:39.368897
9683,9683,Cash,Completed,2018-12-15,TXN-00009683,38.88,2026-08-06 01:41:39.368897
9684,9684,Credit Card,Completed,2018-12-14,TXN-00009684,201.04,2026-08-06 01:41:39.368897
9685,9685,Net Banking,Completed,2018-12-13,TXN-00009685,12.96,2026-08-06 01:41:39.368897
9686,9686,Net Banking,Completed,2018-01-04,TXN-00009686,16.59,2026-08-06 01:41:39.368897
9687,9687,UPI,Completed,2018-06-01,TXN-00009687,35.1,2026-08-06 01:41:39.368897
9688,9688,Credit Card,Completed,2018-10-01,TXN-00009688,11.65,2026-08-06 01:41:39.368897
9689,9689,UPI,Completed,2018-06-24,TXN-00009689,32.4,2026-08-06 01:41:39.368897
9690,9690,Credit Card,Completed,2018-06-23,TXN-00009690,503.96,2026-08-06 01:41:39.368897
9691,9691,Credit Card,Completed,2018-04-07,TXN-00009691,7.04,2026-08-06 01:41:39.368897
9692,9692,UPI,Pending,2016-11-15,TXN-00009692,614.0,2026-08-06 01:41:39.368897
9693,9693,Credit Card,Completed,2016-08-31,TXN-00009693,470.36,2026-08-06 01:41:39.368897
9694,9694,Net Banking,Completed,2018-09-25,TXN-00009694,31.08,2026-08-06 01:41:39.368897
9695,9695,Debit Card,Completed,2018-09-28,TXN-00009695,7.3,2026-08-06 01:41:39.368897
9696,9696,Debit Card,Completed,2017-12-15,TXN-00009696,73.54,2026-08-06 01:41:39.368897
9697,9697,Net Banking,Completed,2015-06-10,TXN-00009697,491.55,2026-08-06 01:41:39.368897
9698,9698,Net Banking,Pending,2017-03-13,TXN-00009698,30.34,2026-08-06 01:41:39.368897
9699,9699,Wallet,Completed,2018-12-15,TXN-00009699,22.83,2026-08-06 01:41:39.368897
9700,9700,Credit Card,Completed,2018-12-18,TXN-00009700,54.32,2026-08-06 01:41:39.368897
9701,9701,Cash,Completed,2018-12-15,TXN-00009701,196.78,2026-08-06 01:41:39.368897
9702,9702,Net Banking,Completed,2017-11-02,TXN-00009702,3.62,2026-08-06 01:41:39.368897
9703,9703,Cash,Pending,2018-07-31,TXN-00009703,11.54,2026-08-06 01:41:39.368897
9704,9704,Cash,Completed,2018-08-04,TXN-00009704,849.95,2026-08-06 01:41:39.368897
9705,9705,Credit Card,Completed,2018-08-02,TXN-00009705,11.01,2026-08-06 01:41:39.368897
9706,9706,Debit Card,Completed,2018-10-23,TXN-00009706,39.62,2026-08-06 01:41:39.368897
9707,9707,Credit Card,Completed,2017-10-25,TXN-00009707,242.14,2026-08-06 01:41:39.368897
9708,9708,Cash,Completed,2017-10-24,TXN-00009708,12.39,2026-08-06 01:41:39.368897
9709,9709,UPI,Completed,2017-10-22,TXN-00009709,19.96,2026-08-06 01:41:39.368897
9710,9710,Debit Card,Completed,2017-10-25,TXN-00009710,340.92,2026-08-06 01:41:39.368897
9711,9711,Cash,Completed,2015-11-09,TXN-00009711,273.57,2026-08-06 01:41:39.368897
9712,9712,UPI,Completed,2015-11-06,TXN-00009712,13.19,2026-08-06 01:41:39.368897
9713,9713,Debit Card,Completed,2015-11-07,TXN-00009713,1080.1,2026-08-06 01:41:39.368897
9714,9714,Wallet,Completed,2015-11-07,TXN-00009714,51.56,2026-08-06 01:41:39.368897
9715,9715,UPI,Completed,2015-11-09,TXN-00009715,58.42,2026-08-06 01:41:39.368897
9716,9716,Wallet,Completed,2017-11-09,TXN-00009716,57.58,2026-08-06 01:41:39.368897
9717,9717,Credit Card,Completed,2017-08-16,TXN-00009717,37.31,2026-08-06 01:41:39.368897
9718,9718,Debit Card,Completed,2017-05-31,TXN-00009718,79.96,2026-08-06 01:41:39.368897
9719,9719,Debit Card,Completed,2017-05-30,TXN-00009719,223.96,2026-08-06 01:41:39.368897
9720,9720,Wallet,Completed,2018-11-15,TXN-00009720,221.02,2026-08-06 01:41:39.368897
9721,9721,Cash,Completed,2017-09-24,TXN-00009721,18.96,2026-08-06 01:41:39.368897
9722,9722,Net Banking,Completed,2017-02-17,TXN-00009722,326.65,2026-08-06 01:41:39.368897
9723,9723,Debit Card,Completed,2017-02-17,TXN-00009723,89.97,2026-08-06 01:41:39.368897
9724,9724,Cash,Pending,2015-12-26,TXN-00009724,296.71,2026-08-06 01:41:39.368897
9725,9725,UPI,Completed,2016-12-09,TXN-00009725,12.22,2026-08-06 01:41:39.368897
9726,9726,Wallet,Completed,2018-09-18,TXN-00009726,89.97,2026-08-06 01:41:39.368897
9727,9727,Debit Card,Completed,2018-12-04,TXN-00009727,286.86,2026-08-06 01:41:39.368897
9728,9728,Cash,Completed,2018-12-06,TXN-00009728,979.95,2026-08-06 01:41:39.368897
9729,9729,Wallet,Completed,2018-12-03,TXN-00009729,4.36,2026-08-06 01:41:39.368897
9730,9730,Debit Card,Completed,2015-10-03,TXN-00009730,10.05,2026-08-06 01:41:39.368897
9731,9731,UPI,Completed,2015-10-01,TXN-00009731,807.75,2026-08-06 01:41:39.368897
9732,9732,Credit Card,Completed,2018-11-14,TXN-00009732,34.24,2026-08-06 01:41:39.368897
9733,9733,Debit Card,Completed,2015-08-20,TXN-00009733,500.24,2026-08-06 01:41:39.368897
9734,9734,Credit Card,Completed,2015-08-21,TXN-00009734,20.12,2026-08-06 01:41:39.368897
9735,9735,Credit Card,Completed,2015-08-22,TXN-00009735,896.99,2026-08-06 01:41:39.368897
9736,9736,Net Banking,Completed,2015-11-22,TXN-00009736,5.88,2026-08-06 01:41:39.368897
9737,9737,Wallet,Completed,2016-06-29,TXN-00009737,269.98,2026-08-06 01:41:39.368897
9738,9738,Cash,Pending,2018-03-20,TXN-00009738,310.12,2026-08-06 01:41:39.368897
9739,9739,Credit Card,Completed,2018-03-17,TXN-00009739,70.46,2026-08-06 01:41:39.368897
9740,9740,Wallet,Completed,2018-03-17,TXN-00009740,19.68,2026-08-06 01:41:39.368897
9741,9741,Debit Card,Completed,2018-03-17,TXN-00009741,140.67,2026-08-06 01:41:39.368897
9742,9742,Credit Card,Completed,2016-11-09,TXN-00009742,4404.9,2026-08-06 01:41:39.368897
9743,9743,Net Banking,Completed,2018-11-30,TXN-00009743,62.65,2026-08-06 01:41:39.368897
9744,9744,Debit Card,Completed,2017-06-16,TXN-00009744,9.45,2026-08-06 01:41:39.368897
9745,9745,Net Banking,Completed,2018-01-22,TXN-00009745,268.58,2026-08-06 01:41:39.368897
9746,9746,Cash,Completed,2018-11-28,TXN-00009746,364.08,2026-08-06 01:41:39.368897
9747,9747,Credit Card,Completed,2018-11-25,TXN-00009747,71.09,2026-08-06 01:41:39.368897
9748,9748,Wallet,Completed,2015-11-15,TXN-00009748,10.98,2026-08-06 01:41:39.368897
9749,9749,Debit Card,Completed,2015-11-11,TXN-00009749,797.94,2026-08-06 01:41:39.368897
9750,9750,UPI,Completed,2017-03-04,TXN-00009750,159.98,2026-08-06 01:41:39.368897
9751,9751,Cash,Completed,2017-10-14,TXN-00009751,5.34,2026-08-06 01:41:39.368897
9752,9752,Credit Card,Completed,2017-10-15,TXN-00009752,27.72,2026-08-06 01:41:39.368897
9753,9753,Net Banking,Completed,2017-07-01,TXN-00009753,2.5,2026-08-06 01:41:39.368897
9754,9754,Wallet,Pending,2018-03-31,TXN-00009754,8.26,2026-08-06 01:41:39.368897
9755,9755,Wallet,Completed,2018-03-29,TXN-00009755,17.76,2026-08-06 01:41:39.368897
9756,9756,Wallet,Completed,2018-03-30,TXN-00009756,332.94,2026-08-06 01:41:39.368897
9757,9757,Debit Card,Completed,2018-03-30,TXN-00009757,292.1,2026-08-06 01:41:39.368897
9758,9758,Net Banking,Completed,2018-03-28,TXN-00009758,206.1,2026-08-06 01:41:39.368897
9759,9759,Net Banking,Completed,2018-03-27,TXN-00009759,17.64,2026-08-06 01:41:39.368897
9760,9760,Debit Card,Completed,2017-11-02,TXN-00009760,1403.92,2026-08-06 01:41:39.368897
9761,9761,Cash,Completed,2018-11-08,TXN-00009761,4.3,2026-08-06 01:41:39.368897
9762,9762,Net Banking,Completed,2015-02-17,TXN-00009762,239.97,2026-08-06 01:41:39.368897
9763,9763,Wallet,Completed,2015-02-15,TXN-00009763,81.96,2026-08-06 01:41:39.368897
9764,9764,UPI,Completed,2015-02-17,TXN-00009764,238.62,2026-08-06 01:41:39.368897
9765,9765,Net Banking,Completed,2015-06-18,TXN-00009765,139.8,2026-08-06 01:41:39.368897
9766,9766,Net Banking,Completed,2018-03-02,TXN-00009766,9.84,2026-08-06 01:41:39.368897
9767,9767,UPI,Completed,2018-03-03,TXN-00009767,7.78,2026-08-06 01:41:39.368897
9768,9768,Debit Card,Completed,2018-12-11,TXN-00009768,54.9,2026-08-06 01:41:39.368897
9769,9769,Cash,Completed,2018-12-11,TXN-00009769,50.04,2026-08-06 01:41:39.368897
9770,9770,UPI,Completed,2017-11-26,TXN-00009770,339.92,2026-08-06 01:41:39.368897
9771,9771,Debit Card,Completed,2017-11-27,TXN-00009771,10.53,2026-08-06 01:41:39.368897
9772,9772,UPI,Completed,2017-11-24,TXN-00009772,42.38,2026-08-06 01:41:39.368897
9773,9773,UPI,Completed,2017-07-03,TXN-00009773,123.92,2026-08-06 01:41:39.368897
9774,9774,Net Banking,Completed,2017-06-26,TXN-00009774,135.95,2026-08-06 01:41:39.368897
9775,9775,Debit Card,Completed,2015-07-30,TXN-00009775,2177.58,2026-08-06 01:41:39.368897
9776,9776,Wallet,Completed,2015-07-29,TXN-00009776,17.5,2026-08-06 01:41:39.368897
9777,9777,Wallet,Completed,2015-07-27,TXN-00009777,16.78,2026-08-06 01:41:39.368897
9778,9778,Cash,Completed,2015-07-27,TXN-00009778,431.14,2026-08-06 01:41:39.368897
9779,9779,UPI,Pending,2015-07-30,TXN-00009779,8.88,2026-08-06 01:41:39.368897
9780,9780,Debit Card,Completed,2015-07-28,TXN-00009780,4.84,2026-08-06 01:41:39.368897
9781,9781,Debit Card,Completed,2017-09-15,TXN-00009781,437.85,2026-08-06 01:41:39.368897
9782,9782,Cash,Completed,2017-09-17,TXN-00009782,673.57,2026-08-06 01:41:39.368897
9783,9783,Debit Card,Completed,2016-05-31,TXN-00009783,274.8,2026-08-06 01:41:39.368897
9784,9784,UPI,Completed,2016-05-31,TXN-00009784,62.18,2026-08-06 01:41:39.368897
9785,9785,UPI,Completed,2016-06-04,TXN-00009785,8.28,2026-08-06 01:41:39.368897
9786,9786,Credit Card,Completed,2016-05-13,TXN-00009786,48.81,2026-08-06 01:41:39.368897
9787,9787,Cash,Completed,2015-11-08,TXN-00009787,149.9,2026-08-06 01:41:39.368897
9788,9788,Net Banking,Completed,2018-03-27,TXN-00009788,1023.33,2026-08-06 01:41:39.368897
9789,9789,Credit Card,Completed,2018-03-29,TXN-00009789,600.56,2026-08-06 01:41:39.368897
9790,9790,Credit Card,Completed,2018-03-31,TXN-00009790,39.99,2026-08-06 01:41:39.368897
9791,9791,Net Banking,Completed,2018-03-31,TXN-00009791,211.25,2026-08-06 01:41:39.368897
9792,9792,Wallet,Completed,2015-05-23,TXN-00009792,56.06,2026-08-06 01:41:39.368897
9793,9793,Wallet,Completed,2015-05-24,TXN-00009793,107.77,2026-08-06 01:41:39.368897
9794,9794,Net Banking,Completed,2015-05-21,TXN-00009794,4.83,2026-08-06 01:41:39.368897
9795,9795,Debit Card,Completed,2015-05-25,TXN-00009795,18.24,2026-08-06 01:41:39.368897
9796,9796,Credit Card,Completed,2017-05-22,TXN-00009796,3.8,2026-08-06 01:41:39.368897
9797,9797,Credit Card,Completed,2016-01-12,TXN-00009797,10.37,2026-08-06 01:41:39.368897
9798,9798,Debit Card,Completed,2016-01-13,TXN-00009798,235.19,2026-08-06 01:41:39.368897
9799,9799,UPI,Completed,2016-01-15,TXN-00009799,26.38,2026-08-06 01:41:39.368897
9800,9800,Cash,Completed,2016-01-16,TXN-00009800,10.38,2026-08-06 01:41:39.368897
